Time_h,Avg_Load_kW,Load_Sim_1,Load_Sim_2,Load_Sim_3,Load_Sim_4,Load_Sim_5,Load_Sim_6,Load_Sim_7,Load_Sim_8,Load_Sim_9,Load_Sim_10,Load_Sim_11,Load_Sim_12,Load_Sim_13,Load_Sim_14,Load_Sim_15,Load_Sim_16,Load_Sim_17,Load_Sim_18,Load_Sim_19,Load_Sim_20,Load_Sim_21,Load_Sim_22,Load_Sim_23,Load_Sim_24,Load_Sim_25,Load_Sim_26,Load_Sim_27,Load_Sim_28,Load_Sim_29,Load_Sim_30
0.0,0.0,0.0,0.0,0.0,0.0,0.0,0.0,0.0,0.0,0.0,0.0,0.0,0.0,0.0,0.0,0.0,0.0,0.0,0.0,0.0,0.0,0.0,0.0,0.0,0.0,0.0,0.0,0.0,0.0,0.0,0.0
0.01,0.0,0.0,0.0,0.0,0.0,0.0,0.0,0.0,0.0,0.0,0.0,0.0,0.0,0.0,0.0,0.0,0.0,0.0,0.0,0.0,0.0,0.0,0.0,0.0,0.0,0.0,0.0,0.0,0.0,0.0,0.0
0.02,0.0,0.0,0.0,0.0,0.0,0.0,0.0,0.0,0.0,0.0,0.0,0.0,0.0,0.0,0.0,0.0,0.0,0.0,0.0,0.0,0.0,0.0,0.0,0.0,0.0,0.0,0.0,0.0,0.0,0.0,0.0
0.03,0.0,0.0,0.0,0.0,0.0,0.0,0.0,0.0,0.0,0.0,0.0,0.0,0.0,0.0,0.0,0.0,0.0,0.0,0.0,0.0,0.0,0.0,0.0,0.0,0.0,0.0,0.0,0.0,0.0,0.0,0.0
0.04,0.0,0.0,0.0,0.0,0.0,0.0,0.0,0.0,0.0,0.0,0.0,0.0,0.0,0.0,0.0,0.0,0.0,0.0,0.0,0.0,0.0,0.0,0.0,0.0,0.0,0.0,0.0,0.0,0.0,0.0,0.0
0.05,0.0,0.0,0.0,0.0,0.0,0.0,0.0,0.0,0.0,0.0,0.0,0.0,0.0,0.0,0.0,0.0,0.0,0.0,0.0,0.0,0.0,0.0,0.0,0.0,0.0,0.0,0.0,0.0,0.0,0.0,0.0
0.06,0.0,0.0,0.0,0.0,0.0,0.0,0.0,0.0,0.0,0.0,0.0,0.0,0.0,0.0,0.0,0.0,0.0,0.0,0.0,0.0,0.0,0.0,0.0,0.0,0.0,0.0,0.0,0.0,0.0,0.0,0.0
0.07,0.0,0.0,0.0,0.0,0.0,0.0,0.0,0.0,0.0,0.0,0.0,0.0,0.0,0.0,0.0,0.0,0.0,0.0,0.0,0.0,0.0,0.0,0.0,0.0,0.0,0.0,0.0,0.0,0.0,0.0,0.0
0.08,0.0,0.0,0.0,0.0,0.0,0.0,0.0,0.0,0.0,0.0,0.0,0.0,0.0,0.0,0.0,0.0,0.0,0.0,0.0,0.0,0.0,0.0,0.0,0.0,0.0,0.0,0.0,0.0,0.0,0.0,0.0
0.09,0.0,0.0,0.0,0.0,0.0,0.0,0.0,0.0,0.0,0.0,0.0,0.0,0.0,0.0,0.0,0.0,0.0,0.0,0.0,0.0,0.0,0.0,0.0,0.0,0.0,0.0,0.0,0.0,0.0,0.0,0.0
0.1,0.0,0.0,0.0,0.0,0.0,0.0,0.0,0.0,0.0,0.0,0.0,0.0,0.0,0.0,0.0,0.0,0.0,0.0,0.0,0.0,0.0,0.0,0.0,0.0,0.0,0.0,0.0,0.0,0.0,0.0,0.0
0.11,0.0,0.0,0.0,0.0,0.0,0.0,0.0,0.0,0.0,0.0,0.0,0.0,0.0,0.0,0.0,0.0,0.0,0.0,0.0,0.0,0.0,0.0,0.0,0.0,0.0,0.0,0.0,0.0,0.0,0.0,0.0
0.12,0.0,0.0,0.0,0.0,0.0,0.0,0.0,0.0,0.0,0.0,0.0,0.0,0.0,0.0,0.0,0.0,0.0,0.0,0.0,0.0,0.0,0.0,0.0,0.0,0.0,0.0,0.0,0.0,0.0,0.0,0.0
0.13,0.0,0.0,0.0,0.0,0.0,0.0,0.0,0.0,0.0,0.0,0.0,0.0,0.0,0.0,0.0,0.0,0.0,0.0,0.0,0.0,0.0,0.0,0.0,0.0,0.0,0.0,0.0,0.0,0.0,0.0,0.0
0.14,0.0,0.0,0.0,0.0,0.0,0.0,0.0,0.0,0.0,0.0,0.0,0.0,0.0,0.0,0.0,0.0,0.0,0.0,0.0,0.0,0.0,0.0,0.0,0.0,0.0,0.0,0.0,0.0,0.0,0.0,0.0
0.15,0.0,0.0,0.0,0.0,0.0,0.0,0.0,0.0,0.0,0.0,0.0,0.0,0.0,0.0,0.0,0.0,0.0,0.0,0.0,0.0,0.0,0.0,0.0,0.0,0.0,0.0,0.0,0.0,0.0,0.0,0.0
0.16,0.0,0.0,0.0,0.0,0.0,0.0,0.0,0.0,0.0,0.0,0.0,0.0,0.0,0.0,0.0,0.0,0.0,0.0,0.0,0.0,0.0,0.0,0.0,0.0,0.0,0.0,0.0,0.0,0.0,0.0,0.0
0.17,0.0,0.0,0.0,0.0,0.0,0.0,0.0,0.0,0.0,0.0,0.0,0.0,0.0,0.0,0.0,0.0,0.0,0.0,0.0,0.0,0.0,0.0,0.0,0.0,0.0,0.0,0.0,0.0,0.0,0.0,0.0
0.18,0.0,0.0,0.0,0.0,0.0,0.0,0.0,0.0,0.0,0.0,0.0,0.0,0.0,0.0,0.0,0.0,0.0,0.0,0.0,0.0,0.0,0.0,0.0,0.0,0.0,0.0,0.0,0.0,0.0,0.0,0.0
0.19,0.0,0.0,0.0,0.0,0.0,0.0,0.0,0.0,0.0,0.0,0.0,0.0,0.0,0.0,0.0,0.0,0.0,0.0,0.0,0.0,0.0,0.0,0.0,0.0,0.0,0.0,0.0,0.0,0.0,0.0,0.0
0.2,0.0,0.0,0.0,0.0,0.0,0.0,0.0,0.0,0.0,0.0,0.0,0.0,0.0,0.0,0.0,0.0,0.0,0.0,0.0,0.0,0.0,0.0,0.0,0.0,0.0,0.0,0.0,0.0,0.0,0.0,0.0
0.21,0.0,0.0,0.0,0.0,0.0,0.0,0.0,0.0,0.0,0.0,0.0,0.0,0.0,0.0,0.0,0.0,0.0,0.0,0.0,0.0,0.0,0.0,0.0,0.0,0.0,0.0,0.0,0.0,0.0,0.0,0.0
0.22,0.0,0.0,0.0,0.0,0.0,0.0,0.0,0.0,0.0,0.0,0.0,0.0,0.0,0.0,0.0,0.0,0.0,0.0,0.0,0.0,0.0,0.0,0.0,0.0,0.0,0.0,0.0,0.0,0.0,0.0,0.0
0.23,0.0,0.0,0.0,0.0,0.0,0.0,0.0,0.0,0.0,0.0,0.0,0.0,0.0,0.0,0.0,0.0,0.0,0.0,0.0,0.0,0.0,0.0,0.0,0.0,0.0,0.0,0.0,0.0,0.0,0.0,0.0
0.24,0.0,0.0,0.0,0.0,0.0,0.0,0.0,0.0,0.0,0.0,0.0,0.0,0.0,0.0,0.0,0.0,0.0,0.0,0.0,0.0,0.0,0.0,0.0,0.0,0.0,0.0,0.0,0.0,0.0,0.0,0.0
0.25,0.0,0.0,0.0,0.0,0.0,0.0,0.0,0.0,0.0,0.0,0.0,0.0,0.0,0.0,0.0,0.0,0.0,0.0,0.0,0.0,0.0,0.0,0.0,0.0,0.0,0.0,0.0,0.0,0.0,0.0,0.0
0.26,0.0,0.0,0.0,0.0,0.0,0.0,0.0,0.0,0.0,0.0,0.0,0.0,0.0,0.0,0.0,0.0,0.0,0.0,0.0,0.0,0.0,0.0,0.0,0.0,0.0,0.0,0.0,0.0,0.0,0.0,0.0
0.27,0.0,0.0,0.0,0.0,0.0,0.0,0.0,0.0,0.0,0.0,0.0,0.0,0.0,0.0,0.0,0.0,0.0,0.0,0.0,0.0,0.0,0.0,0.0,0.0,0.0,0.0,0.0,0.0,0.0,0.0,0.0
0.28,0.0,0.0,0.0,0.0,0.0,0.0,0.0,0.0,0.0,0.0,0.0,0.0,0.0,0.0,0.0,0.0,0.0,0.0,0.0,0.0,0.0,0.0,0.0,0.0,0.0,0.0,0.0,0.0,0.0,0.0,0.0
0.29,0.0,0.0,0.0,0.0,0.0,0.0,0.0,0.0,0.0,0.0,0.0,0.0,0.0,0.0,0.0,0.0,0.0,0.0,0.0,0.0,0.0,0.0,0.0,0.0,0.0,0.0,0.0,0.0,0.0,0.0,0.0
0.3,0.0,0.0,0.0,0.0,0.0,0.0,0.0,0.0,0.0,0.0,0.0,0.0,0.0,0.0,0.0,0.0,0.0,0.0,0.0,0.0,0.0,0.0,0.0,0.0,0.0,0.0,0.0,0.0,0.0,0.0,0.0
0.31,0.0,0.0,0.0,0.0,0.0,0.0,0.0,0.0,0.0,0.0,0.0,0.0,0.0,0.0,0.0,0.0,0.0,0.0,0.0,0.0,0.0,0.0,0.0,0.0,0.0,0.0,0.0,0.0,0.0,0.0,0.0
0.32,0.0,0.0,0.0,0.0,0.0,0.0,0.0,0.0,0.0,0.0,0.0,0.0,0.0,0.0,0.0,0.0,0.0,0.0,0.0,0.0,0.0,0.0,0.0,0.0,0.0,0.0,0.0,0.0,0.0,0.0,0.0
0.33,0.0,0.0,0.0,0.0,0.0,0.0,0.0,0.0,0.0,0.0,0.0,0.0,0.0,0.0,0.0,0.0,0.0,0.0,0.0,0.0,0.0,0.0,0.0,0.0,0.0,0.0,0.0,0.0,0.0,0.0,0.0
0.34,0.0,0.0,0.0,0.0,0.0,0.0,0.0,0.0,0.0,0.0,0.0,0.0,0.0,0.0,0.0,0.0,0.0,0.0,0.0,0.0,0.0,0.0,0.0,0.0,0.0,0.0,0.0,0.0,0.0,0.0,0.0
0.35000000000000003,0.0,0.0,0.0,0.0,0.0,0.0,0.0,0.0,0.0,0.0,0.0,0.0,0.0,0.0,0.0,0.0,0.0,0.0,0.0,0.0,0.0,0.0,0.0,0.0,0.0,0.0,0.0,0.0,0.0,0.0,0.0
0.36,0.0,0.0,0.0,0.0,0.0,0.0,0.0,0.0,0.0,0.0,0.0,0.0,0.0,0.0,0.0,0.0,0.0,0.0,0.0,0.0,0.0,0.0,0.0,0.0,0.0,0.0,0.0,0.0,0.0,0.0,0.0
0.37,0.0,0.0,0.0,0.0,0.0,0.0,0.0,0.0,0.0,0.0,0.0,0.0,0.0,0.0,0.0,0.0,0.0,0.0,0.0,0.0,0.0,0.0,0.0,0.0,0.0,0.0,0.0,0.0,0.0,0.0,0.0
0.38,0.0,0.0,0.0,0.0,0.0,0.0,0.0,0.0,0.0,0.0,0.0,0.0,0.0,0.0,0.0,0.0,0.0,0.0,0.0,0.0,0.0,0.0,0.0,0.0,0.0,0.0,0.0,0.0,0.0,0.0,0.0
0.39,0.0,0.0,0.0,0.0,0.0,0.0,0.0,0.0,0.0,0.0,0.0,0.0,0.0,0.0,0.0,0.0,0.0,0.0,0.0,0.0,0.0,0.0,0.0,0.0,0.0,0.0,0.0,0.0,0.0,0.0,0.0
0.4,0.0,0.0,0.0,0.0,0.0,0.0,0.0,0.0,0.0,0.0,0.0,0.0,0.0,0.0,0.0,0.0,0.0,0.0,0.0,0.0,0.0,0.0,0.0,0.0,0.0,0.0,0.0,0.0,0.0,0.0,0.0
0.41000000000000003,0.0,0.0,0.0,0.0,0.0,0.0,0.0,0.0,0.0,0.0,0.0,0.0,0.0,0.0,0.0,0.0,0.0,0.0,0.0,0.0,0.0,0.0,0.0,0.0,0.0,0.0,0.0,0.0,0.0,0.0,0.0
0.42,0.0,0.0,0.0,0.0,0.0,0.0,0.0,0.0,0.0,0.0,0.0,0.0,0.0,0.0,0.0,0.0,0.0,0.0,0.0,0.0,0.0,0.0,0.0,0.0,0.0,0.0,0.0,0.0,0.0,0.0,0.0
0.43,0.0,0.0,0.0,0.0,0.0,0.0,0.0,0.0,0.0,0.0,0.0,0.0,0.0,0.0,0.0,0.0,0.0,0.0,0.0,0.0,0.0,0.0,0.0,0.0,0.0,0.0,0.0,0.0,0.0,0.0,0.0
0.44,0.0,0.0,0.0,0.0,0.0,0.0,0.0,0.0,0.0,0.0,0.0,0.0,0.0,0.0,0.0,0.0,0.0,0.0,0.0,0.0,0.0,0.0,0.0,0.0,0.0,0.0,0.0,0.0,0.0,0.0,0.0
0.45,0.0,0.0,0.0,0.0,0.0,0.0,0.0,0.0,0.0,0.0,0.0,0.0,0.0,0.0,0.0,0.0,0.0,0.0,0.0,0.0,0.0,0.0,0.0,0.0,0.0,0.0,0.0,0.0,0.0,0.0,0.0
0.46,0.0,0.0,0.0,0.0,0.0,0.0,0.0,0.0,0.0,0.0,0.0,0.0,0.0,0.0,0.0,0.0,0.0,0.0,0.0,0.0,0.0,0.0,0.0,0.0,0.0,0.0,0.0,0.0,0.0,0.0,0.0
0.47000000000000003,0.0,0.0,0.0,0.0,0.0,0.0,0.0,0.0,0.0,0.0,0.0,0.0,0.0,0.0,0.0,0.0,0.0,0.0,0.0,0.0,0.0,0.0,0.0,0.0,0.0,0.0,0.0,0.0,0.0,0.0,0.0
0.48,0.0,0.0,0.0,0.0,0.0,0.0,0.0,0.0,0.0,0.0,0.0,0.0,0.0,0.0,0.0,0.0,0.0,0.0,0.0,0.0,0.0,0.0,0.0,0.0,0.0,0.0,0.0,0.0,0.0,0.0,0.0
0.49,0.0,0.0,0.0,0.0,0.0,0.0,0.0,0.0,0.0,0.0,0.0,0.0,0.0,0.0,0.0,0.0,0.0,0.0,0.0,0.0,0.0,0.0,0.0,0.0,0.0,0.0,0.0,0.0,0.0,0.0,0.0
0.5,0.0,0.0,0.0,0.0,0.0,0.0,0.0,0.0,0.0,0.0,0.0,0.0,0.0,0.0,0.0,0.0,0.0,0.0,0.0,0.0,0.0,0.0,0.0,0.0,0.0,0.0,0.0,0.0,0.0,0.0,0.0
0.51,0.0,0.0,0.0,0.0,0.0,0.0,0.0,0.0,0.0,0.0,0.0,0.0,0.0,0.0,0.0,0.0,0.0,0.0,0.0,0.0,0.0,0.0,0.0,0.0,0.0,0.0,0.0,0.0,0.0,0.0,0.0
0.52,0.0,0.0,0.0,0.0,0.0,0.0,0.0,0.0,0.0,0.0,0.0,0.0,0.0,0.0,0.0,0.0,0.0,0.0,0.0,0.0,0.0,0.0,0.0,0.0,0.0,0.0,0.0,0.0,0.0,0.0,0.0
0.53,0.0,0.0,0.0,0.0,0.0,0.0,0.0,0.0,0.0,0.0,0.0,0.0,0.0,0.0,0.0,0.0,0.0,0.0,0.0,0.0,0.0,0.0,0.0,0.0,0.0,0.0,0.0,0.0,0.0,0.0,0.0
0.54,0.0,0.0,0.0,0.0,0.0,0.0,0.0,0.0,0.0,0.0,0.0,0.0,0.0,0.0,0.0,0.0,0.0,0.0,0.0,0.0,0.0,0.0,0.0,0.0,0.0,0.0,0.0,0.0,0.0,0.0,0.0
0.55,0.0,0.0,0.0,0.0,0.0,0.0,0.0,0.0,0.0,0.0,0.0,0.0,0.0,0.0,0.0,0.0,0.0,0.0,0.0,0.0,0.0,0.0,0.0,0.0,0.0,0.0,0.0,0.0,0.0,0.0,0.0
0.56,0.0,0.0,0.0,0.0,0.0,0.0,0.0,0.0,0.0,0.0,0.0,0.0,0.0,0.0,0.0,0.0,0.0,0.0,0.0,0.0,0.0,0.0,0.0,0.0,0.0,0.0,0.0,0.0,0.0,0.0,0.0
0.5700000000000001,0.0,0.0,0.0,0.0,0.0,0.0,0.0,0.0,0.0,0.0,0.0,0.0,0.0,0.0,0.0,0.0,0.0,0.0,0.0,0.0,0.0,0.0,0.0,0.0,0.0,0.0,0.0,0.0,0.0,0.0,0.0
0.58,0.0,0.0,0.0,0.0,0.0,0.0,0.0,0.0,0.0,0.0,0.0,0.0,0.0,0.0,0.0,0.0,0.0,0.0,0.0,0.0,0.0,0.0,0.0,0.0,0.0,0.0,0.0,0.0,0.0,0.0,0.0
0.59,0.0,0.0,0.0,0.0,0.0,0.0,0.0,0.0,0.0,0.0,0.0,0.0,0.0,0.0,0.0,0.0,0.0,0.0,0.0,0.0,0.0,0.0,0.0,0.0,0.0,0.0,0.0,0.0,0.0,0.0,0.0
0.6,0.0,0.0,0.0,0.0,0.0,0.0,0.0,0.0,0.0,0.0,0.0,0.0,0.0,0.0,0.0,0.0,0.0,0.0,0.0,0.0,0.0,0.0,0.0,0.0,0.0,0.0,0.0,0.0,0.0,0.0,0.0
0.61,0.0,0.0,0.0,0.0,0.0,0.0,0.0,0.0,0.0,0.0,0.0,0.0,0.0,0.0,0.0,0.0,0.0,0.0,0.0,0.0,0.0,0.0,0.0,0.0,0.0,0.0,0.0,0.0,0.0,0.0,0.0
0.62,0.0,0.0,0.0,0.0,0.0,0.0,0.0,0.0,0.0,0.0,0.0,0.0,0.0,0.0,0.0,0.0,0.0,0.0,0.0,0.0,0.0,0.0,0.0,0.0,0.0,0.0,0.0,0.0,0.0,0.0,0.0
0.63,0.0,0.0,0.0,0.0,0.0,0.0,0.0,0.0,0.0,0.0,0.0,0.0,0.0,0.0,0.0,0.0,0.0,0.0,0.0,0.0,0.0,0.0,0.0,0.0,0.0,0.0,0.0,0.0,0.0,0.0,0.0
0.64,0.0,0.0,0.0,0.0,0.0,0.0,0.0,0.0,0.0,0.0,0.0,0.0,0.0,0.0,0.0,0.0,0.0,0.0,0.0,0.0,0.0,0.0,0.0,0.0,0.0,0.0,0.0,0.0,0.0,0.0,0.0
0.65,0.0,0.0,0.0,0.0,0.0,0.0,0.0,0.0,0.0,0.0,0.0,0.0,0.0,0.0,0.0,0.0,0.0,0.0,0.0,0.0,0.0,0.0,0.0,0.0,0.0,0.0,0.0,0.0,0.0,0.0,0.0
0.66,0.0,0.0,0.0,0.0,0.0,0.0,0.0,0.0,0.0,0.0,0.0,0.0,0.0,0.0,0.0,0.0,0.0,0.0,0.0,0.0,0.0,0.0,0.0,0.0,0.0,0.0,0.0,0.0,0.0,0.0,0.0
0.67,0.0,0.0,0.0,0.0,0.0,0.0,0.0,0.0,0.0,0.0,0.0,0.0,0.0,0.0,0.0,0.0,0.0,0.0,0.0,0.0,0.0,0.0,0.0,0.0,0.0,0.0,0.0,0.0,0.0,0.0,0.0
0.68,0.0,0.0,0.0,0.0,0.0,0.0,0.0,0.0,0.0,0.0,0.0,0.0,0.0,0.0,0.0,0.0,0.0,0.0,0.0,0.0,0.0,0.0,0.0,0.0,0.0,0.0,0.0,0.0,0.0,0.0,0.0
0.6900000000000001,0.0,0.0,0.0,0.0,0.0,0.0,0.0,0.0,0.0,0.0,0.0,0.0,0.0,0.0,0.0,0.0,0.0,0.0,0.0,0.0,0.0,0.0,0.0,0.0,0.0,0.0,0.0,0.0,0.0,0.0,0.0
0.7000000000000001,0.0,0.0,0.0,0.0,0.0,0.0,0.0,0.0,0.0,0.0,0.0,0.0,0.0,0.0,0.0,0.0,0.0,0.0,0.0,0.0,0.0,0.0,0.0,0.0,0.0,0.0,0.0,0.0,0.0,0.0,0.0
0.71,0.0,0.0,0.0,0.0,0.0,0.0,0.0,0.0,0.0,0.0,0.0,0.0,0.0,0.0,0.0,0.0,0.0,0.0,0.0,0.0,0.0,0.0,0.0,0.0,0.0,0.0,0.0,0.0,0.0,0.0,0.0
0.72,0.0,0.0,0.0,0.0,0.0,0.0,0.0,0.0,0.0,0.0,0.0,0.0,0.0,0.0,0.0,0.0,0.0,0.0,0.0,0.0,0.0,0.0,0.0,0.0,0.0,0.0,0.0,0.0,0.0,0.0,0.0
0.73,0.0,0.0,0.0,0.0,0.0,0.0,0.0,0.0,0.0,0.0,0.0,0.0,0.0,0.0,0.0,0.0,0.0,0.0,0.0,0.0,0.0,0.0,0.0,0.0,0.0,0.0,0.0,0.0,0.0,0.0,0.0
0.74,0.0,0.0,0.0,0.0,0.0,0.0,0.0,0.0,0.0,0.0,0.0,0.0,0.0,0.0,0.0,0.0,0.0,0.0,0.0,0.0,0.0,0.0,0.0,0.0,0.0,0.0,0.0,0.0,0.0,0.0,0.0
0.75,0.0,0.0,0.0,0.0,0.0,0.0,0.0,0.0,0.0,0.0,0.0,0.0,0.0,0.0,0.0,0.0,0.0,0.0,0.0,0.0,0.0,0.0,0.0,0.0,0.0,0.0,0.0,0.0,0.0,0.0,0.0
0.76,0.0,0.0,0.0,0.0,0.0,0.0,0.0,0.0,0.0,0.0,0.0,0.0,0.0,0.0,0.0,0.0,0.0,0.0,0.0,0.0,0.0,0.0,0.0,0.0,0.0,0.0,0.0,0.0,0.0,0.0,0.0
0.77,0.0,0.0,0.0,0.0,0.0,0.0,0.0,0.0,0.0,0.0,0.0,0.0,0.0,0.0,0.0,0.0,0.0,0.0,0.0,0.0,0.0,0.0,0.0,0.0,0.0,0.0,0.0,0.0,0.0,0.0,0.0
0.78,0.0,0.0,0.0,0.0,0.0,0.0,0.0,0.0,0.0,0.0,0.0,0.0,0.0,0.0,0.0,0.0,0.0,0.0,0.0,0.0,0.0,0.0,0.0,0.0,0.0,0.0,0.0,0.0,0.0,0.0,0.0
0.79,0.0,0.0,0.0,0.0,0.0,0.0,0.0,0.0,0.0,0.0,0.0,0.0,0.0,0.0,0.0,0.0,0.0,0.0,0.0,0.0,0.0,0.0,0.0,0.0,0.0,0.0,0.0,0.0,0.0,0.0,0.0
0.8,0.0,0.0,0.0,0.0,0.0,0.0,0.0,0.0,0.0,0.0,0.0,0.0,0.0,0.0,0.0,0.0,0.0,0.0,0.0,0.0,0.0,0.0,0.0,0.0,0.0,0.0,0.0,0.0,0.0,0.0,0.0
0.81,0.0,0.0,0.0,0.0,0.0,0.0,0.0,0.0,0.0,0.0,0.0,0.0,0.0,0.0,0.0,0.0,0.0,0.0,0.0,0.0,0.0,0.0,0.0,0.0,0.0,0.0,0.0,0.0,0.0,0.0,0.0
0.8200000000000001,0.0,0.0,0.0,0.0,0.0,0.0,0.0,0.0,0.0,0.0,0.0,0.0,0.0,0.0,0.0,0.0,0.0,0.0,0.0,0.0,0.0,0.0,0.0,0.0,0.0,0.0,0.0,0.0,0.0,0.0,0.0
0.8300000000000001,0.0,0.0,0.0,0.0,0.0,0.0,0.0,0.0,0.0,0.0,0.0,0.0,0.0,0.0,0.0,0.0,0.0,0.0,0.0,0.0,0.0,0.0,0.0,0.0,0.0,0.0,0.0,0.0,0.0,0.0,0.0
0.84,0.0,0.0,0.0,0.0,0.0,0.0,0.0,0.0,0.0,0.0,0.0,0.0,0.0,0.0,0.0,0.0,0.0,0.0,0.0,0.0,0.0,0.0,0.0,0.0,0.0,0.0,0.0,0.0,0.0,0.0,0.0
0.85,0.0,0.0,0.0,0.0,0.0,0.0,0.0,0.0,0.0,0.0,0.0,0.0,0.0,0.0,0.0,0.0,0.0,0.0,0.0,0.0,0.0,0.0,0.0,0.0,0.0,0.0,0.0,0.0,0.0,0.0,0.0
0.86,0.0,0.0,0.0,0.0,0.0,0.0,0.0,0.0,0.0,0.0,0.0,0.0,0.0,0.0,0.0,0.0,0.0,0.0,0.0,0.0,0.0,0.0,0.0,0.0,0.0,0.0,0.0,0.0,0.0,0.0,0.0
0.87,0.0,0.0,0.0,0.0,0.0,0.0,0.0,0.0,0.0,0.0,0.0,0.0,0.0,0.0,0.0,0.0,0.0,0.0,0.0,0.0,0.0,0.0,0.0,0.0,0.0,0.0,0.0,0.0,0.0,0.0,0.0
0.88,0.0,0.0,0.0,0.0,0.0,0.0,0.0,0.0,0.0,0.0,0.0,0.0,0.0,0.0,0.0,0.0,0.0,0.0,0.0,0.0,0.0,0.0,0.0,0.0,0.0,0.0,0.0,0.0,0.0,0.0,0.0
0.89,0.0,0.0,0.0,0.0,0.0,0.0,0.0,0.0,0.0,0.0,0.0,0.0,0.0,0.0,0.0,0.0,0.0,0.0,0.0,0.0,0.0,0.0,0.0,0.0,0.0,0.0,0.0,0.0,0.0,0.0,0.0
0.9,0.0,0.0,0.0,0.0,0.0,0.0,0.0,0.0,0.0,0.0,0.0,0.0,0.0,0.0,0.0,0.0,0.0,0.0,0.0,0.0,0.0,0.0,0.0,0.0,0.0,0.0,0.0,0.0,0.0,0.0,0.0
0.91,0.0,0.0,0.0,0.0,0.0,0.0,0.0,0.0,0.0,0.0,0.0,0.0,0.0,0.0,0.0,0.0,0.0,0.0,0.0,0.0,0.0,0.0,0.0,0.0,0.0,0.0,0.0,0.0,0.0,0.0,0.0
0.92,0.0,0.0,0.0,0.0,0.0,0.0,0.0,0.0,0.0,0.0,0.0,0.0,0.0,0.0,0.0,0.0,0.0,0.0,0.0,0.0,0.0,0.0,0.0,0.0,0.0,0.0,0.0,0.0,0.0,0.0,0.0
0.93,0.0,0.0,0.0,0.0,0.0,0.0,0.0,0.0,0.0,0.0,0.0,0.0,0.0,0.0,0.0,0.0,0.0,0.0,0.0,0.0,0.0,0.0,0.0,0.0,0.0,0.0,0.0,0.0,0.0,0.0,0.0
0.9400000000000001,0.0,0.0,0.0,0.0,0.0,0.0,0.0,0.0,0.0,0.0,0.0,0.0,0.0,0.0,0.0,0.0,0.0,0.0,0.0,0.0,0.0,0.0,0.0,0.0,0.0,0.0,0.0,0.0,0.0,0.0,0.0
0.9500000000000001,0.0,0.0,0.0,0.0,0.0,0.0,0.0,0.0,0.0,0.0,0.0,0.0,0.0,0.0,0.0,0.0,0.0,0.0,0.0,0.0,0.0,0.0,0.0,0.0,0.0,0.0,0.0,0.0,0.0,0.0,0.0
0.96,0.0,0.0,0.0,0.0,0.0,0.0,0.0,0.0,0.0,0.0,0.0,0.0,0.0,0.0,0.0,0.0,0.0,0.0,0.0,0.0,0.0,0.0,0.0,0.0,0.0,0.0,0.0,0.0,0.0,0.0,0.0
0.97,0.0,0.0,0.0,0.0,0.0,0.0,0.0,0.0,0.0,0.0,0.0,0.0,0.0,0.0,0.0,0.0,0.0,0.0,0.0,0.0,0.0,0.0,0.0,0.0,0.0,0.0,0.0,0.0,0.0,0.0,0.0
0.98,0.0,0.0,0.0,0.0,0.0,0.0,0.0,0.0,0.0,0.0,0.0,0.0,0.0,0.0,0.0,0.0,0.0,0.0,0.0,0.0,0.0,0.0,0.0,0.0,0.0,0.0,0.0,0.0,0.0,0.0,0.0
0.99,0.0,0.0,0.0,0.0,0.0,0.0,0.0,0.0,0.0,0.0,0.0,0.0,0.0,0.0,0.0,0.0,0.0,0.0,0.0,0.0,0.0,0.0,0.0,0.0,0.0,0.0,0.0,0.0,0.0,0.0,0.0
1.0,0.0,0.0,0.0,0.0,0.0,0.0,0.0,0.0,0.0,0.0,0.0,0.0,0.0,0.0,0.0,0.0,0.0,0.0,0.0,0.0,0.0,0.0,0.0,0.0,0.0,0.0,0.0,0.0,0.0,0.0,0.0
1.01,0.0,0.0,0.0,0.0,0.0,0.0,0.0,0.0,0.0,0.0,0.0,0.0,0.0,0.0,0.0,0.0,0.0,0.0,0.0,0.0,0.0,0.0,0.0,0.0,0.0,0.0,0.0,0.0,0.0,0.0,0.0
1.02,0.0,0.0,0.0,0.0,0.0,0.0,0.0,0.0,0.0,0.0,0.0,0.0,0.0,0.0,0.0,0.0,0.0,0.0,0.0,0.0,0.0,0.0,0.0,0.0,0.0,0.0,0.0,0.0,0.0,0.0,0.0
1.03,0.0,0.0,0.0,0.0,0.0,0.0,0.0,0.0,0.0,0.0,0.0,0.0,0.0,0.0,0.0,0.0,0.0,0.0,0.0,0.0,0.0,0.0,0.0,0.0,0.0,0.0,0.0,0.0,0.0,0.0,0.0
1.04,0.0,0.0,0.0,0.0,0.0,0.0,0.0,0.0,0.0,0.0,0.0,0.0,0.0,0.0,0.0,0.0,0.0,0.0,0.0,0.0,0.0,0.0,0.0,0.0,0.0,0.0,0.0,0.0,0.0,0.0,0.0
1.05,0.0,0.0,0.0,0.0,0.0,0.0,0.0,0.0,0.0,0.0,0.0,0.0,0.0,0.0,0.0,0.0,0.0,0.0,0.0,0.0,0.0,0.0,0.0,0.0,0.0,0.0,0.0,0.0,0.0,0.0,0.0
1.06,0.0,0.0,0.0,0.0,0.0,0.0,0.0,0.0,0.0,0.0,0.0,0.0,0.0,0.0,0.0,0.0,0.0,0.0,0.0,0.0,0.0,0.0,0.0,0.0,0.0,0.0,0.0,0.0,0.0,0.0,0.0
1.07,0.0,0.0,0.0,0.0,0.0,0.0,0.0,0.0,0.0,0.0,0.0,0.0,0.0,0.0,0.0,0.0,0.0,0.0,0.0,0.0,0.0,0.0,0.0,0.0,0.0,0.0,0.0,0.0,0.0,0.0,0.0
1.08,0.0,0.0,0.0,0.0,0.0,0.0,0.0,0.0,0.0,0.0,0.0,0.0,0.0,0.0,0.0,0.0,0.0,0.0,0.0,0.0,0.0,0.0,0.0,0.0,0.0,0.0,0.0,0.0,0.0,0.0,0.0
1.09,0.0,0.0,0.0,0.0,0.0,0.0,0.0,0.0,0.0,0.0,0.0,0.0,0.0,0.0,0.0,0.0,0.0,0.0,0.0,0.0,0.0,0.0,0.0,0.0,0.0,0.0,0.0,0.0,0.0,0.0,0.0
1.1,0.0,0.0,0.0,0.0,0.0,0.0,0.0,0.0,0.0,0.0,0.0,0.0,0.0,0.0,0.0,0.0,0.0,0.0,0.0,0.0,0.0,0.0,0.0,0.0,0.0,0.0,0.0,0.0,0.0,0.0,0.0
1.11,0.0,0.0,0.0,0.0,0.0,0.0,0.0,0.0,0.0,0.0,0.0,0.0,0.0,0.0,0.0,0.0,0.0,0.0,0.0,0.0,0.0,0.0,0.0,0.0,0.0,0.0,0.0,0.0,0.0,0.0,0.0
1.12,0.0,0.0,0.0,0.0,0.0,0.0,0.0,0.0,0.0,0.0,0.0,0.0,0.0,0.0,0.0,0.0,0.0,0.0,0.0,0.0,0.0,0.0,0.0,0.0,0.0,0.0,0.0,0.0,0.0,0.0,0.0
1.1300000000000001,0.0,0.0,0.0,0.0,0.0,0.0,0.0,0.0,0.0,0.0,0.0,0.0,0.0,0.0,0.0,0.0,0.0,0.0,0.0,0.0,0.0,0.0,0.0,0.0,0.0,0.0,0.0,0.0,0.0,0.0,0.0
1.1400000000000001,0.0,0.0,0.0,0.0,0.0,0.0,0.0,0.0,0.0,0.0,0.0,0.0,0.0,0.0,0.0,0.0,0.0,0.0,0.0,0.0,0.0,0.0,0.0,0.0,0.0,0.0,0.0,0.0,0.0,0.0,0.0
1.1500000000000001,0.0,0.0,0.0,0.0,0.0,0.0,0.0,0.0,0.0,0.0,0.0,0.0,0.0,0.0,0.0,0.0,0.0,0.0,0.0,0.0,0.0,0.0,0.0,0.0,0.0,0.0,0.0,0.0,0.0,0.0,0.0
1.16,0.0,0.0,0.0,0.0,0.0,0.0,0.0,0.0,0.0,0.0,0.0,0.0,0.0,0.0,0.0,0.0,0.0,0.0,0.0,0.0,0.0,0.0,0.0,0.0,0.0,0.0,0.0,0.0,0.0,0.0,0.0
1.17,0.0,0.0,0.0,0.0,0.0,0.0,0.0,0.0,0.0,0.0,0.0,0.0,0.0,0.0,0.0,0.0,0.0,0.0,0.0,0.0,0.0,0.0,0.0,0.0,0.0,0.0,0.0,0.0,0.0,0.0,0.0
1.18,0.0,0.0,0.0,0.0,0.0,0.0,0.0,0.0,0.0,0.0,0.0,0.0,0.0,0.0,0.0,0.0,0.0,0.0,0.0,0.0,0.0,0.0,0.0,0.0,0.0,0.0,0.0,0.0,0.0,0.0,0.0
1.19,0.0,0.0,0.0,0.0,0.0,0.0,0.0,0.0,0.0,0.0,0.0,0.0,0.0,0.0,0.0,0.0,0.0,0.0,0.0,0.0,0.0,0.0,0.0,0.0,0.0,0.0,0.0,0.0,0.0,0.0,0.0
1.2,0.0,0.0,0.0,0.0,0.0,0.0,0.0,0.0,0.0,0.0,0.0,0.0,0.0,0.0,0.0,0.0,0.0,0.0,0.0,0.0,0.0,0.0,0.0,0.0,0.0,0.0,0.0,0.0,0.0,0.0,0.0
1.21,0.0,0.0,0.0,0.0,0.0,0.0,0.0,0.0,0.0,0.0,0.0,0.0,0.0,0.0,0.0,0.0,0.0,0.0,0.0,0.0,0.0,0.0,0.0,0.0,0.0,0.0,0.0,0.0,0.0,0.0,0.0
1.22,0.0,0.0,0.0,0.0,0.0,0.0,0.0,0.0,0.0,0.0,0.0,0.0,0.0,0.0,0.0,0.0,0.0,0.0,0.0,0.0,0.0,0.0,0.0,0.0,0.0,0.0,0.0,0.0,0.0,0.0,0.0
1.23,0.0,0.0,0.0,0.0,0.0,0.0,0.0,0.0,0.0,0.0,0.0,0.0,0.0,0.0,0.0,0.0,0.0,0.0,0.0,0.0,0.0,0.0,0.0,0.0,0.0,0.0,0.0,0.0,0.0,0.0,0.0
1.24,0.0,0.0,0.0,0.0,0.0,0.0,0.0,0.0,0.0,0.0,0.0,0.0,0.0,0.0,0.0,0.0,0.0,0.0,0.0,0.0,0.0,0.0,0.0,0.0,0.0,0.0,0.0,0.0,0.0,0.0,0.0
1.25,0.0,0.0,0.0,0.0,0.0,0.0,0.0,0.0,0.0,0.0,0.0,0.0,0.0,0.0,0.0,0.0,0.0,0.0,0.0,0.0,0.0,0.0,0.0,0.0,0.0,0.0,0.0,0.0,0.0,0.0,0.0
1.26,0.0,0.0,0.0,0.0,0.0,0.0,0.0,0.0,0.0,0.0,0.0,0.0,0.0,0.0,0.0,0.0,0.0,0.0,0.0,0.0,0.0,0.0,0.0,0.0,0.0,0.0,0.0,0.0,0.0,0.0,0.0
1.27,0.0,0.0,0.0,0.0,0.0,0.0,0.0,0.0,0.0,0.0,0.0,0.0,0.0,0.0,0.0,0.0,0.0,0.0,0.0,0.0,0.0,0.0,0.0,0.0,0.0,0.0,0.0,0.0,0.0,0.0,0.0
1.28,0.0,0.0,0.0,0.0,0.0,0.0,0.0,0.0,0.0,0.0,0.0,0.0,0.0,0.0,0.0,0.0,0.0,0.0,0.0,0.0,0.0,0.0,0.0,0.0,0.0,0.0,0.0,0.0,0.0,0.0,0.0
1.29,0.0,0.0,0.0,0.0,0.0,0.0,0.0,0.0,0.0,0.0,0.0,0.0,0.0,0.0,0.0,0.0,0.0,0.0,0.0,0.0,0.0,0.0,0.0,0.0,0.0,0.0,0.0,0.0,0.0,0.0,0.0
1.3,0.0,0.0,0.0,0.0,0.0,0.0,0.0,0.0,0.0,0.0,0.0,0.0,0.0,0.0,0.0,0.0,0.0,0.0,0.0,0.0,0.0,0.0,0.0,0.0,0.0,0.0,0.0,0.0,0.0,0.0,0.0
1.31,0.0,0.0,0.0,0.0,0.0,0.0,0.0,0.0,0.0,0.0,0.0,0.0,0.0,0.0,0.0,0.0,0.0,0.0,0.0,0.0,0.0,0.0,0.0,0.0,0.0,0.0,0.0,0.0,0.0,0.0,0.0
1.32,0.0,0.0,0.0,0.0,0.0,0.0,0.0,0.0,0.0,0.0,0.0,0.0,0.0,0.0,0.0,0.0,0.0,0.0,0.0,0.0,0.0,0.0,0.0,0.0,0.0,0.0,0.0,0.0,0.0,0.0,0.0
1.33,0.0,0.0,0.0,0.0,0.0,0.0,0.0,0.0,0.0,0.0,0.0,0.0,0.0,0.0,0.0,0.0,0.0,0.0,0.0,0.0,0.0,0.0,0.0,0.0,0.0,0.0,0.0,0.0,0.0,0.0,0.0
1.34,0.0,0.0,0.0,0.0,0.0,0.0,0.0,0.0,0.0,0.0,0.0,0.0,0.0,0.0,0.0,0.0,0.0,0.0,0.0,0.0,0.0,0.0,0.0,0.0,0.0,0.0,0.0,0.0,0.0,0.0,0.0
1.35,0.0,0.0,0.0,0.0,0.0,0.0,0.0,0.0,0.0,0.0,0.0,0.0,0.0,0.0,0.0,0.0,0.0,0.0,0.0,0.0,0.0,0.0,0.0,0.0,0.0,0.0,0.0,0.0,0.0,0.0,0.0
1.36,0.0,0.0,0.0,0.0,0.0,0.0,0.0,0.0,0.0,0.0,0.0,0.0,0.0,0.0,0.0,0.0,0.0,0.0,0.0,0.0,0.0,0.0,0.0,0.0,0.0,0.0,0.0,0.0,0.0,0.0,0.0
1.37,0.0,0.0,0.0,0.0,0.0,0.0,0.0,0.0,0.0,0.0,0.0,0.0,0.0,0.0,0.0,0.0,0.0,0.0,0.0,0.0,0.0,0.0,0.0,0.0,0.0,0.0,0.0,0.0,0.0,0.0,0.0
1.3800000000000001,0.0,0.0,0.0,0.0,0.0,0.0,0.0,0.0,0.0,0.0,0.0,0.0,0.0,0.0,0.0,0.0,0.0,0.0,0.0,0.0,0.0,0.0,0.0,0.0,0.0,0.0,0.0,0.0,0.0,0.0,0.0
1.3900000000000001,0.0,0.0,0.0,0.0,0.0,0.0,0.0,0.0,0.0,0.0,0.0,0.0,0.0,0.0,0.0,0.0,0.0,0.0,0.0,0.0,0.0,0.0,0.0,0.0,0.0,0.0,0.0,0.0,0.0,0.0,0.0
1.4000000000000001,0.0,0.0,0.0,0.0,0.0,0.0,0.0,0.0,0.0,0.0,0.0,0.0,0.0,0.0,0.0,0.0,0.0,0.0,0.0,0.0,0.0,0.0,0.0,0.0,0.0,0.0,0.0,0.0,0.0,0.0,0.0
1.41,0.0,0.0,0.0,0.0,0.0,0.0,0.0,0.0,0.0,0.0,0.0,0.0,0.0,0.0,0.0,0.0,0.0,0.0,0.0,0.0,0.0,0.0,0.0,0.0,0.0,0.0,0.0,0.0,0.0,0.0,0.0
1.42,0.0,0.0,0.0,0.0,0.0,0.0,0.0,0.0,0.0,0.0,0.0,0.0,0.0,0.0,0.0,0.0,0.0,0.0,0.0,0.0,0.0,0.0,0.0,0.0,0.0,0.0,0.0,0.0,0.0,0.0,0.0
1.43,0.0,0.0,0.0,0.0,0.0,0.0,0.0,0.0,0.0,0.0,0.0,0.0,0.0,0.0,0.0,0.0,0.0,0.0,0.0,0.0,0.0,0.0,0.0,0.0,0.0,0.0,0.0,0.0,0.0,0.0,0.0
1.44,0.0,0.0,0.0,0.0,0.0,0.0,0.0,0.0,0.0,0.0,0.0,0.0,0.0,0.0,0.0,0.0,0.0,0.0,0.0,0.0,0.0,0.0,0.0,0.0,0.0,0.0,0.0,0.0,0.0,0.0,0.0
1.45,0.0,0.0,0.0,0.0,0.0,0.0,0.0,0.0,0.0,0.0,0.0,0.0,0.0,0.0,0.0,0.0,0.0,0.0,0.0,0.0,0.0,0.0,0.0,0.0,0.0,0.0,0.0,0.0,0.0,0.0,0.0
1.46,0.0,0.0,0.0,0.0,0.0,0.0,0.0,0.0,0.0,0.0,0.0,0.0,0.0,0.0,0.0,0.0,0.0,0.0,0.0,0.0,0.0,0.0,0.0,0.0,0.0,0.0,0.0,0.0,0.0,0.0,0.0
1.47,0.0,0.0,0.0,0.0,0.0,0.0,0.0,0.0,0.0,0.0,0.0,0.0,0.0,0.0,0.0,0.0,0.0,0.0,0.0,0.0,0.0,0.0,0.0,0.0,0.0,0.0,0.0,0.0,0.0,0.0,0.0
1.48,0.0,0.0,0.0,0.0,0.0,0.0,0.0,0.0,0.0,0.0,0.0,0.0,0.0,0.0,0.0,0.0,0.0,0.0,0.0,0.0,0.0,0.0,0.0,0.0,0.0,0.0,0.0,0.0,0.0,0.0,0.0
1.49,0.0,0.0,0.0,0.0,0.0,0.0,0.0,0.0,0.0,0.0,0.0,0.0,0.0,0.0,0.0,0.0,0.0,0.0,0.0,0.0,0.0,0.0,0.0,0.0,0.0,0.0,0.0,0.0,0.0,0.0,0.0
1.5,0.0,0.0,0.0,0.0,0.0,0.0,0.0,0.0,0.0,0.0,0.0,0.0,0.0,0.0,0.0,0.0,0.0,0.0,0.0,0.0,0.0,0.0,0.0,0.0,0.0,0.0,0.0,0.0,0.0,0.0,0.0
1.51,0.0,0.0,0.0,0.0,0.0,0.0,0.0,0.0,0.0,0.0,0.0,0.0,0.0,0.0,0.0,0.0,0.0,0.0,0.0,0.0,0.0,0.0,0.0,0.0,0.0,0.0,0.0,0.0,0.0,0.0,0.0
1.52,0.0,0.0,0.0,0.0,0.0,0.0,0.0,0.0,0.0,0.0,0.0,0.0,0.0,0.0,0.0,0.0,0.0,0.0,0.0,0.0,0.0,0.0,0.0,0.0,0.0,0.0,0.0,0.0,0.0,0.0,0.0
1.53,0.0,0.0,0.0,0.0,0.0,0.0,0.0,0.0,0.0,0.0,0.0,0.0,0.0,0.0,0.0,0.0,0.0,0.0,0.0,0.0,0.0,0.0,0.0,0.0,0.0,0.0,0.0,0.0,0.0,0.0,0.0
1.54,0.0,0.0,0.0,0.0,0.0,0.0,0.0,0.0,0.0,0.0,0.0,0.0,0.0,0.0,0.0,0.0,0.0,0.0,0.0,0.0,0.0,0.0,0.0,0.0,0.0,0.0,0.0,0.0,0.0,0.0,0.0
1.55,0.0,0.0,0.0,0.0,0.0,0.0,0.0,0.0,0.0,0.0,0.0,0.0,0.0,0.0,0.0,0.0,0.0,0.0,0.0,0.0,0.0,0.0,0.0,0.0,0.0,0.0,0.0,0.0,0.0,0.0,0.0
1.56,0.0,0.0,0.0,0.0,0.0,0.0,0.0,0.0,0.0,0.0,0.0,0.0,0.0,0.0,0.0,0.0,0.0,0.0,0.0,0.0,0.0,0.0,0.0,0.0,0.0,0.0,0.0,0.0,0.0,0.0,0.0
1.57,0.0,0.0,0.0,0.0,0.0,0.0,0.0,0.0,0.0,0.0,0.0,0.0,0.0,0.0,0.0,0.0,0.0,0.0,0.0,0.0,0.0,0.0,0.0,0.0,0.0,0.0,0.0,0.0,0.0,0.0,0.0
1.58,0.0,0.0,0.0,0.0,0.0,0.0,0.0,0.0,0.0,0.0,0.0,0.0,0.0,0.0,0.0,0.0,0.0,0.0,0.0,0.0,0.0,0.0,0.0,0.0,0.0,0.0,0.0,0.0,0.0,0.0,0.0
1.59,0.0,0.0,0.0,0.0,0.0,0.0,0.0,0.0,0.0,0.0,0.0,0.0,0.0,0.0,0.0,0.0,0.0,0.0,0.0,0.0,0.0,0.0,0.0,0.0,0.0,0.0,0.0,0.0,0.0,0.0,0.0
1.6,0.0,0.0,0.0,0.0,0.0,0.0,0.0,0.0,0.0,0.0,0.0,0.0,0.0,0.0,0.0,0.0,0.0,0.0,0.0,0.0,0.0,0.0,0.0,0.0,0.0,0.0,0.0,0.0,0.0,0.0,0.0
1.61,0.0,0.0,0.0,0.0,0.0,0.0,0.0,0.0,0.0,0.0,0.0,0.0,0.0,0.0,0.0,0.0,0.0,0.0,0.0,0.0,0.0,0.0,0.0,0.0,0.0,0.0,0.0,0.0,0.0,0.0,0.0
1.62,0.0,0.0,0.0,0.0,0.0,0.0,0.0,0.0,0.0,0.0,0.0,0.0,0.0,0.0,0.0,0.0,0.0,0.0,0.0,0.0,0.0,0.0,0.0,0.0,0.0,0.0,0.0,0.0,0.0,0.0,0.0
1.6300000000000001,0.0,0.0,0.0,0.0,0.0,0.0,0.0,0.0,0.0,0.0,0.0,0.0,0.0,0.0,0.0,0.0,0.0,0.0,0.0,0.0,0.0,0.0,0.0,0.0,0.0,0.0,0.0,0.0,0.0,0.0,0.0
1.6400000000000001,0.0,0.0,0.0,0.0,0.0,0.0,0.0,0.0,0.0,0.0,0.0,0.0,0.0,0.0,0.0,0.0,0.0,0.0,0.0,0.0,0.0,0.0,0.0,0.0,0.0,0.0,0.0,0.0,0.0,0.0,0.0
1.6500000000000001,0.0,0.0,0.0,0.0,0.0,0.0,0.0,0.0,0.0,0.0,0.0,0.0,0.0,0.0,0.0,0.0,0.0,0.0,0.0,0.0,0.0,0.0,0.0,0.0,0.0,0.0,0.0,0.0,0.0,0.0,0.0
1.6600000000000001,0.0,0.0,0.0,0.0,0.0,0.0,0.0,0.0,0.0,0.0,0.0,0.0,0.0,0.0,0.0,0.0,0.0,0.0,0.0,0.0,0.0,0.0,0.0,0.0,0.0,0.0,0.0,0.0,0.0,0.0,0.0
1.67,0.0,0.0,0.0,0.0,0.0,0.0,0.0,0.0,0.0,0.0,0.0,0.0,0.0,0.0,0.0,0.0,0.0,0.0,0.0,0.0,0.0,0.0,0.0,0.0,0.0,0.0,0.0,0.0,0.0,0.0,0.0
1.68,0.0,0.0,0.0,0.0,0.0,0.0,0.0,0.0,0.0,0.0,0.0,0.0,0.0,0.0,0.0,0.0,0.0,0.0,0.0,0.0,0.0,0.0,0.0,0.0,0.0,0.0,0.0,0.0,0.0,0.0,0.0
1.69,0.0,0.0,0.0,0.0,0.0,0.0,0.0,0.0,0.0,0.0,0.0,0.0,0.0,0.0,0.0,0.0,0.0,0.0,0.0,0.0,0.0,0.0,0.0,0.0,0.0,0.0,0.0,0.0,0.0,0.0,0.0
1.7,0.0,0.0,0.0,0.0,0.0,0.0,0.0,0.0,0.0,0.0,0.0,0.0,0.0,0.0,0.0,0.0,0.0,0.0,0.0,0.0,0.0,0.0,0.0,0.0,0.0,0.0,0.0,0.0,0.0,0.0,0.0
1.71,0.0,0.0,0.0,0.0,0.0,0.0,0.0,0.0,0.0,0.0,0.0,0.0,0.0,0.0,0.0,0.0,0.0,0.0,0.0,0.0,0.0,0.0,0.0,0.0,0.0,0.0,0.0,0.0,0.0,0.0,0.0
1.72,0.0,0.0,0.0,0.0,0.0,0.0,0.0,0.0,0.0,0.0,0.0,0.0,0.0,0.0,0.0,0.0,0.0,0.0,0.0,0.0,0.0,0.0,0.0,0.0,0.0,0.0,0.0,0.0,0.0,0.0,0.0
1.73,0.0,0.0,0.0,0.0,0.0,0.0,0.0,0.0,0.0,0.0,0.0,0.0,0.0,0.0,0.0,0.0,0.0,0.0,0.0,0.0,0.0,0.0,0.0,0.0,0.0,0.0,0.0,0.0,0.0,0.0,0.0
1.74,0.0,0.0,0.0,0.0,0.0,0.0,0.0,0.0,0.0,0.0,0.0,0.0,0.0,0.0,0.0,0.0,0.0,0.0,0.0,0.0,0.0,0.0,0.0,0.0,0.0,0.0,0.0,0.0,0.0,0.0,0.0
1.75,0.0,0.0,0.0,0.0,0.0,0.0,0.0,0.0,0.0,0.0,0.0,0.0,0.0,0.0,0.0,0.0,0.0,0.0,0.0,0.0,0.0,0.0,0.0,0.0,0.0,0.0,0.0,0.0,0.0,0.0,0.0
1.76,0.0,0.0,0.0,0.0,0.0,0.0,0.0,0.0,0.0,0.0,0.0,0.0,0.0,0.0,0.0,0.0,0.0,0.0,0.0,0.0,0.0,0.0,0.0,0.0,0.0,0.0,0.0,0.0,0.0,0.0,0.0
1.77,0.0,0.0,0.0,0.0,0.0,0.0,0.0,0.0,0.0,0.0,0.0,0.0,0.0,0.0,0.0,0.0,0.0,0.0,0.0,0.0,0.0,0.0,0.0,0.0,0.0,0.0,0.0,0.0,0.0,0.0,0.0
1.78,0.0,0.0,0.0,0.0,0.0,0.0,0.0,0.0,0.0,0.0,0.0,0.0,0.0,0.0,0.0,0.0,0.0,0.0,0.0,0.0,0.0,0.0,0.0,0.0,0.0,0.0,0.0,0.0,0.0,0.0,0.0
1.79,0.0,0.0,0.0,0.0,0.0,0.0,0.0,0.0,0.0,0.0,0.0,0.0,0.0,0.0,0.0,0.0,0.0,0.0,0.0,0.0,0.0,0.0,0.0,0.0,0.0,0.0,0.0,0.0,0.0,0.0,0.0
1.8,0.0,0.0,0.0,0.0,0.0,0.0,0.0,0.0,0.0,0.0,0.0,0.0,0.0,0.0,0.0,0.0,0.0,0.0,0.0,0.0,0.0,0.0,0.0,0.0,0.0,0.0,0.0,0.0,0.0,0.0,0.0
1.81,0.0,0.0,0.0,0.0,0.0,0.0,0.0,0.0,0.0,0.0,0.0,0.0,0.0,0.0,0.0,0.0,0.0,0.0,0.0,0.0,0.0,0.0,0.0,0.0,0.0,0.0,0.0,0.0,0.0,0.0,0.0
1.82,0.0,0.0,0.0,0.0,0.0,0.0,0.0,0.0,0.0,0.0,0.0,0.0,0.0,0.0,0.0,0.0,0.0,0.0,0.0,0.0,0.0,0.0,0.0,0.0,0.0,0.0,0.0,0.0,0.0,0.0,0.0
1.83,0.0,0.0,0.0,0.0,0.0,0.0,0.0,0.0,0.0,0.0,0.0,0.0,0.0,0.0,0.0,0.0,0.0,0.0,0.0,0.0,0.0,0.0,0.0,0.0,0.0,0.0,0.0,0.0,0.0,0.0,0.0
1.84,0.0,0.0,0.0,0.0,0.0,0.0,0.0,0.0,0.0,0.0,0.0,0.0,0.0,0.0,0.0,0.0,0.0,0.0,0.0,0.0,0.0,0.0,0.0,0.0,0.0,0.0,0.0,0.0,0.0,0.0,0.0
1.85,0.0,0.0,0.0,0.0,0.0,0.0,0.0,0.0,0.0,0.0,0.0,0.0,0.0,0.0,0.0,0.0,0.0,0.0,0.0,0.0,0.0,0.0,0.0,0.0,0.0,0.0,0.0,0.0,0.0,0.0,0.0
1.86,0.0,0.0,0.0,0.0,0.0,0.0,0.0,0.0,0.0,0.0,0.0,0.0,0.0,0.0,0.0,0.0,0.0,0.0,0.0,0.0,0.0,0.0,0.0,0.0,0.0,0.0,0.0,0.0,0.0,0.0,0.0
1.87,0.0,0.0,0.0,0.0,0.0,0.0,0.0,0.0,0.0,0.0,0.0,0.0,0.0,0.0,0.0,0.0,0.0,0.0,0.0,0.0,0.0,0.0,0.0,0.0,0.0,0.0,0.0,0.0,0.0,0.0,0.0
1.8800000000000001,0.0,0.0,0.0,0.0,0.0,0.0,0.0,0.0,0.0,0.0,0.0,0.0,0.0,0.0,0.0,0.0,0.0,0.0,0.0,0.0,0.0,0.0,0.0,0.0,0.0,0.0,0.0,0.0,0.0,0.0,0.0
1.8900000000000001,0.0,0.0,0.0,0.0,0.0,0.0,0.0,0.0,0.0,0.0,0.0,0.0,0.0,0.0,0.0,0.0,0.0,0.0,0.0,0.0,0.0,0.0,0.0,0.0,0.0,0.0,0.0,0.0,0.0,0.0,0.0
1.9000000000000001,0.0,0.0,0.0,0.0,0.0,0.0,0.0,0.0,0.0,0.0,0.0,0.0,0.0,0.0,0.0,0.0,0.0,0.0,0.0,0.0,0.0,0.0,0.0,0.0,0.0,0.0,0.0,0.0,0.0,0.0,0.0
1.9100000000000001,0.0,0.0,0.0,0.0,0.0,0.0,0.0,0.0,0.0,0.0,0.0,0.0,0.0,0.0,0.0,0.0,0.0,0.0,0.0,0.0,0.0,0.0,0.0,0.0,0.0,0.0,0.0,0.0,0.0,0.0,0.0
1.92,0.0,0.0,0.0,0.0,0.0,0.0,0.0,0.0,0.0,0.0,0.0,0.0,0.0,0.0,0.0,0.0,0.0,0.0,0.0,0.0,0.0,0.0,0.0,0.0,0.0,0.0,0.0,0.0,0.0,0.0,0.0
1.93,0.0,0.0,0.0,0.0,0.0,0.0,0.0,0.0,0.0,0.0,0.0,0.0,0.0,0.0,0.0,0.0,0.0,0.0,0.0,0.0,0.0,0.0,0.0,0.0,0.0,0.0,0.0,0.0,0.0,0.0,0.0
1.94,0.0,0.0,0.0,0.0,0.0,0.0,0.0,0.0,0.0,0.0,0.0,0.0,0.0,0.0,0.0,0.0,0.0,0.0,0.0,0.0,0.0,0.0,0.0,0.0,0.0,0.0,0.0,0.0,0.0,0.0,0.0
1.95,0.0,0.0,0.0,0.0,0.0,0.0,0.0,0.0,0.0,0.0,0.0,0.0,0.0,0.0,0.0,0.0,0.0,0.0,0.0,0.0,0.0,0.0,0.0,0.0,0.0,0.0,0.0,0.0,0.0,0.0,0.0
1.96,0.0,0.0,0.0,0.0,0.0,0.0,0.0,0.0,0.0,0.0,0.0,0.0,0.0,0.0,0.0,0.0,0.0,0.0,0.0,0.0,0.0,0.0,0.0,0.0,0.0,0.0,0.0,0.0,0.0,0.0,0.0
1.97,0.0,0.0,0.0,0.0,0.0,0.0,0.0,0.0,0.0,0.0,0.0,0.0,0.0,0.0,0.0,0.0,0.0,0.0,0.0,0.0,0.0,0.0,0.0,0.0,0.0,0.0,0.0,0.0,0.0,0.0,0.0
1.98,0.0,0.0,0.0,0.0,0.0,0.0,0.0,0.0,0.0,0.0,0.0,0.0,0.0,0.0,0.0,0.0,0.0,0.0,0.0,0.0,0.0,0.0,0.0,0.0,0.0,0.0,0.0,0.0,0.0,0.0,0.0
1.99,0.0,0.0,0.0,0.0,0.0,0.0,0.0,0.0,0.0,0.0,0.0,0.0,0.0,0.0,0.0,0.0,0.0,0.0,0.0,0.0,0.0,0.0,0.0,0.0,0.0,0.0,0.0,0.0,0.0,0.0,0.0
2.0,0.0,0.0,0.0,0.0,0.0,0.0,0.0,0.0,0.0,0.0,0.0,0.0,0.0,0.0,0.0,0.0,0.0,0.0,0.0,0.0,0.0,0.0,0.0,0.0,0.0,0.0,0.0,0.0,0.0,0.0,0.0
2.0100000000000002,0.0,0.0,0.0,0.0,0.0,0.0,0.0,0.0,0.0,0.0,0.0,0.0,0.0,0.0,0.0,0.0,0.0,0.0,0.0,0.0,0.0,0.0,0.0,0.0,0.0,0.0,0.0,0.0,0.0,0.0,0.0
2.02,0.0,0.0,0.0,0.0,0.0,0.0,0.0,0.0,0.0,0.0,0.0,0.0,0.0,0.0,0.0,0.0,0.0,0.0,0.0,0.0,0.0,0.0,0.0,0.0,0.0,0.0,0.0,0.0,0.0,0.0,0.0
2.0300000000000002,0.0,0.0,0.0,0.0,0.0,0.0,0.0,0.0,0.0,0.0,0.0,0.0,0.0,0.0,0.0,0.0,0.0,0.0,0.0,0.0,0.0,0.0,0.0,0.0,0.0,0.0,0.0,0.0,0.0,0.0,0.0
2.04,2.0,0.0,0.0,0.0,0.0,0.0,0.0,0.0,0.0,0.0,0.0,0.0,0.0,0.0,0.0,0.0,60.0,0.0,0.0,0.0,0.0,0.0,0.0,0.0,0.0,0.0,0.0,0.0,0.0,0.0,0.0
2.05,2.0,0.0,0.0,0.0,0.0,0.0,0.0,0.0,0.0,0.0,0.0,0.0,0.0,0.0,0.0,0.0,60.0,0.0,0.0,0.0,0.0,0.0,0.0,0.0,0.0,0.0,0.0,0.0,0.0,0.0,0.0
2.06,2.0,0.0,0.0,0.0,0.0,0.0,0.0,0.0,0.0,0.0,0.0,0.0,0.0,0.0,0.0,0.0,60.0,0.0,0.0,0.0,0.0,0.0,0.0,0.0,0.0,0.0,0.0,0.0,0.0,0.0,0.0
2.07,2.0,0.0,0.0,0.0,0.0,0.0,0.0,0.0,0.0,0.0,0.0,0.0,0.0,0.0,0.0,0.0,60.0,0.0,0.0,0.0,0.0,0.0,0.0,0.0,0.0,0.0,0.0,0.0,0.0,0.0,0.0
2.08,2.0,0.0,0.0,0.0,0.0,0.0,0.0,0.0,0.0,0.0,0.0,0.0,0.0,0.0,0.0,0.0,60.0,0.0,0.0,0.0,0.0,0.0,0.0,0.0,0.0,0.0,0.0,0.0,0.0,0.0,0.0
2.09,2.0,0.0,0.0,0.0,0.0,0.0,0.0,0.0,0.0,0.0,0.0,0.0,0.0,0.0,0.0,0.0,60.0,0.0,0.0,0.0,0.0,0.0,0.0,0.0,0.0,0.0,0.0,0.0,0.0,0.0,0.0
2.1,2.0,0.0,0.0,0.0,0.0,0.0,0.0,0.0,0.0,0.0,0.0,0.0,0.0,0.0,0.0,0.0,60.0,0.0,0.0,0.0,0.0,0.0,0.0,0.0,0.0,0.0,0.0,0.0,0.0,0.0,0.0
2.11,2.0,0.0,0.0,0.0,0.0,0.0,0.0,0.0,0.0,0.0,0.0,0.0,0.0,0.0,0.0,0.0,60.0,0.0,0.0,0.0,0.0,0.0,0.0,0.0,0.0,0.0,0.0,0.0,0.0,0.0,0.0
2.12,2.0,0.0,0.0,0.0,0.0,0.0,0.0,0.0,0.0,0.0,0.0,0.0,0.0,0.0,0.0,0.0,60.0,0.0,0.0,0.0,0.0,0.0,0.0,0.0,0.0,0.0,0.0,0.0,0.0,0.0,0.0
2.13,2.0,0.0,0.0,0.0,0.0,0.0,0.0,0.0,0.0,0.0,0.0,0.0,0.0,0.0,0.0,0.0,60.0,0.0,0.0,0.0,0.0,0.0,0.0,0.0,0.0,0.0,0.0,0.0,0.0,0.0,0.0
2.14,2.0,0.0,0.0,0.0,0.0,0.0,0.0,0.0,0.0,0.0,0.0,0.0,0.0,0.0,0.0,0.0,60.0,0.0,0.0,0.0,0.0,0.0,0.0,0.0,0.0,0.0,0.0,0.0,0.0,0.0,0.0
2.15,2.0,0.0,0.0,0.0,0.0,0.0,0.0,0.0,0.0,0.0,0.0,0.0,0.0,0.0,0.0,0.0,60.0,0.0,0.0,0.0,0.0,0.0,0.0,0.0,0.0,0.0,0.0,0.0,0.0,0.0,0.0
2.16,2.0,0.0,0.0,0.0,0.0,0.0,0.0,0.0,0.0,0.0,0.0,0.0,0.0,0.0,0.0,0.0,60.0,0.0,0.0,0.0,0.0,0.0,0.0,0.0,0.0,0.0,0.0,0.0,0.0,0.0,0.0
2.17,2.0,0.0,0.0,0.0,0.0,0.0,0.0,0.0,0.0,0.0,0.0,0.0,0.0,0.0,0.0,0.0,60.0,0.0,0.0,0.0,0.0,0.0,0.0,0.0,0.0,0.0,0.0,0.0,0.0,0.0,0.0
2.18,2.0,0.0,0.0,0.0,0.0,0.0,0.0,0.0,0.0,0.0,0.0,0.0,0.0,0.0,0.0,0.0,60.0,0.0,0.0,0.0,0.0,0.0,0.0,0.0,0.0,0.0,0.0,0.0,0.0,0.0,0.0
2.19,2.0,0.0,0.0,0.0,0.0,0.0,0.0,0.0,0.0,0.0,0.0,0.0,0.0,0.0,0.0,0.0,60.0,0.0,0.0,0.0,0.0,0.0,0.0,0.0,0.0,0.0,0.0,0.0,0.0,0.0,0.0
2.2,2.0,0.0,0.0,0.0,0.0,0.0,0.0,0.0,0.0,0.0,0.0,0.0,0.0,0.0,0.0,0.0,60.0,0.0,0.0,0.0,0.0,0.0,0.0,0.0,0.0,0.0,0.0,0.0,0.0,0.0,0.0
2.21,2.0,0.0,0.0,0.0,0.0,0.0,0.0,0.0,0.0,0.0,0.0,0.0,0.0,0.0,0.0,0.0,60.0,0.0,0.0,0.0,0.0,0.0,0.0,0.0,0.0,0.0,0.0,0.0,0.0,0.0,0.0
2.22,2.0,0.0,0.0,0.0,0.0,0.0,0.0,0.0,0.0,0.0,0.0,0.0,0.0,0.0,0.0,0.0,60.0,0.0,0.0,0.0,0.0,0.0,0.0,0.0,0.0,0.0,0.0,0.0,0.0,0.0,0.0
2.23,4.0,0.0,0.0,0.0,0.0,0.0,0.0,0.0,0.0,60.0,0.0,0.0,0.0,0.0,0.0,0.0,60.0,0.0,0.0,0.0,0.0,0.0,0.0,0.0,0.0,0.0,0.0,0.0,0.0,0.0,0.0
2.24,4.0,0.0,0.0,0.0,0.0,0.0,0.0,0.0,0.0,60.0,0.0,0.0,0.0,0.0,0.0,0.0,60.0,0.0,0.0,0.0,0.0,0.0,0.0,0.0,0.0,0.0,0.0,0.0,0.0,0.0,0.0
2.25,4.0,0.0,0.0,0.0,0.0,0.0,0.0,0.0,0.0,60.0,0.0,0.0,0.0,0.0,0.0,0.0,60.0,0.0,0.0,0.0,0.0,0.0,0.0,0.0,0.0,0.0,0.0,0.0,0.0,0.0,0.0
2.2600000000000002,4.0,0.0,0.0,0.0,0.0,0.0,0.0,0.0,0.0,60.0,0.0,0.0,0.0,0.0,0.0,0.0,60.0,0.0,0.0,0.0,0.0,0.0,0.0,0.0,0.0,0.0,0.0,0.0,0.0,0.0,0.0
2.27,4.0,0.0,0.0,0.0,0.0,0.0,0.0,0.0,0.0,60.0,0.0,0.0,0.0,0.0,0.0,0.0,60.0,0.0,0.0,0.0,0.0,0.0,0.0,0.0,0.0,0.0,0.0,0.0,0.0,0.0,0.0
2.2800000000000002,4.0,0.0,0.0,0.0,0.0,0.0,0.0,0.0,0.0,60.0,0.0,0.0,0.0,0.0,0.0,0.0,60.0,0.0,0.0,0.0,0.0,0.0,0.0,0.0,0.0,0.0,0.0,0.0,0.0,0.0,0.0
2.29,4.0,0.0,0.0,0.0,0.0,0.0,0.0,0.0,0.0,60.0,0.0,0.0,0.0,0.0,0.0,0.0,60.0,0.0,0.0,0.0,0.0,0.0,0.0,0.0,0.0,0.0,0.0,0.0,0.0,0.0,0.0
2.3000000000000003,4.0,0.0,0.0,0.0,0.0,0.0,0.0,0.0,0.0,60.0,0.0,0.0,0.0,0.0,0.0,0.0,60.0,0.0,0.0,0.0,0.0,0.0,0.0,0.0,0.0,0.0,0.0,0.0,0.0,0.0,0.0
2.31,4.0,0.0,0.0,0.0,0.0,0.0,0.0,0.0,0.0,60.0,0.0,0.0,0.0,0.0,0.0,0.0,60.0,0.0,0.0,0.0,0.0,0.0,0.0,0.0,0.0,0.0,0.0,0.0,0.0,0.0,0.0
2.32,4.0,0.0,0.0,0.0,0.0,0.0,0.0,0.0,0.0,60.0,0.0,0.0,0.0,0.0,0.0,0.0,60.0,0.0,0.0,0.0,0.0,0.0,0.0,0.0,0.0,0.0,0.0,0.0,0.0,0.0,0.0
2.33,2.0,0.0,0.0,0.0,0.0,0.0,0.0,0.0,0.0,60.0,0.0,0.0,0.0,0.0,0.0,0.0,0.0,0.0,0.0,0.0,0.0,0.0,0.0,0.0,0.0,0.0,0.0,0.0,0.0,0.0,0.0
2.34,2.0,0.0,0.0,0.0,0.0,0.0,0.0,0.0,0.0,60.0,0.0,0.0,0.0,0.0,0.0,0.0,0.0,0.0,0.0,0.0,0.0,0.0,0.0,0.0,0.0,0.0,0.0,0.0,0.0,0.0,0.0
2.35,2.0,0.0,0.0,0.0,0.0,0.0,0.0,0.0,0.0,60.0,0.0,0.0,0.0,0.0,0.0,0.0,0.0,0.0,0.0,0.0,0.0,0.0,0.0,0.0,0.0,0.0,0.0,0.0,0.0,0.0,0.0
2.36,2.0,0.0,0.0,0.0,0.0,0.0,0.0,0.0,0.0,60.0,0.0,0.0,0.0,0.0,0.0,0.0,0.0,0.0,0.0,0.0,0.0,0.0,0.0,0.0,0.0,0.0,0.0,0.0,0.0,0.0,0.0
2.37,2.0,0.0,0.0,0.0,0.0,0.0,0.0,0.0,0.0,60.0,0.0,0.0,0.0,0.0,0.0,0.0,0.0,0.0,0.0,0.0,0.0,0.0,0.0,0.0,0.0,0.0,0.0,0.0,0.0,0.0,0.0
2.38,4.0,0.0,0.0,0.0,0.0,0.0,0.0,0.0,0.0,60.0,0.0,0.0,0.0,0.0,0.0,0.0,60.0,0.0,0.0,0.0,0.0,0.0,0.0,0.0,0.0,0.0,0.0,0.0,0.0,0.0,0.0
2.39,4.0,0.0,0.0,0.0,0.0,0.0,0.0,0.0,0.0,60.0,0.0,0.0,0.0,0.0,0.0,0.0,60.0,0.0,0.0,0.0,0.0,0.0,0.0,0.0,0.0,0.0,0.0,0.0,0.0,0.0,0.0
2.4,4.0,0.0,0.0,0.0,0.0,0.0,0.0,0.0,0.0,60.0,0.0,0.0,0.0,0.0,0.0,0.0,60.0,0.0,0.0,0.0,0.0,0.0,0.0,0.0,0.0,0.0,0.0,0.0,0.0,0.0,0.0
2.41,4.0,0.0,0.0,0.0,0.0,0.0,0.0,0.0,0.0,60.0,0.0,0.0,0.0,0.0,0.0,0.0,60.0,0.0,0.0,0.0,0.0,0.0,0.0,0.0,0.0,0.0,0.0,0.0,0.0,0.0,0.0
2.42,4.0,0.0,0.0,0.0,0.0,0.0,0.0,0.0,0.0,60.0,0.0,0.0,0.0,0.0,0.0,0.0,60.0,0.0,0.0,0.0,0.0,0.0,0.0,0.0,0.0,0.0,0.0,0.0,0.0,0.0,0.0
2.43,4.0,0.0,0.0,0.0,0.0,0.0,0.0,0.0,0.0,60.0,0.0,0.0,0.0,0.0,0.0,0.0,60.0,0.0,0.0,0.0,0.0,0.0,0.0,0.0,0.0,0.0,0.0,0.0,0.0,0.0,0.0
2.44,4.0,0.0,0.0,0.0,0.0,0.0,0.0,0.0,0.0,60.0,0.0,0.0,0.0,0.0,0.0,0.0,60.0,0.0,0.0,0.0,0.0,0.0,0.0,0.0,0.0,0.0,0.0,0.0,0.0,0.0,0.0
2.45,4.0,0.0,0.0,0.0,0.0,0.0,0.0,0.0,0.0,60.0,0.0,0.0,0.0,0.0,0.0,0.0,60.0,0.0,0.0,0.0,0.0,0.0,0.0,0.0,0.0,0.0,0.0,0.0,0.0,0.0,0.0
2.46,4.0,0.0,0.0,0.0,0.0,0.0,0.0,0.0,0.0,60.0,0.0,0.0,0.0,0.0,0.0,0.0,60.0,0.0,0.0,0.0,0.0,0.0,0.0,0.0,0.0,0.0,0.0,0.0,0.0,0.0,0.0
2.47,4.0,0.0,0.0,0.0,0.0,0.0,0.0,0.0,0.0,60.0,0.0,0.0,0.0,0.0,0.0,0.0,60.0,0.0,0.0,0.0,0.0,0.0,0.0,0.0,0.0,0.0,0.0,0.0,0.0,0.0,0.0
2.48,4.0,0.0,0.0,0.0,0.0,0.0,0.0,0.0,0.0,60.0,0.0,0.0,0.0,0.0,0.0,0.0,60.0,0.0,0.0,0.0,0.0,0.0,0.0,0.0,0.0,0.0,0.0,0.0,0.0,0.0,0.0
2.49,4.0,0.0,0.0,0.0,0.0,0.0,0.0,0.0,0.0,60.0,0.0,0.0,0.0,0.0,0.0,0.0,60.0,0.0,0.0,0.0,0.0,0.0,0.0,0.0,0.0,0.0,0.0,0.0,0.0,0.0,0.0
2.5,4.0,0.0,0.0,0.0,0.0,0.0,0.0,0.0,0.0,60.0,0.0,0.0,0.0,0.0,0.0,0.0,60.0,0.0,0.0,0.0,0.0,0.0,0.0,0.0,0.0,0.0,0.0,0.0,0.0,0.0,0.0
2.5100000000000002,6.0,0.0,0.0,0.0,0.0,0.0,0.0,0.0,0.0,60.0,0.0,60.0,0.0,0.0,0.0,0.0,60.0,0.0,0.0,0.0,0.0,0.0,0.0,0.0,0.0,0.0,0.0,0.0,0.0,0.0,0.0
2.52,6.0,0.0,0.0,0.0,0.0,0.0,0.0,0.0,0.0,60.0,0.0,60.0,0.0,0.0,0.0,0.0,60.0,0.0,0.0,0.0,0.0,0.0,0.0,0.0,0.0,0.0,0.0,0.0,0.0,0.0,0.0
2.5300000000000002,6.0,0.0,0.0,0.0,0.0,0.0,0.0,0.0,0.0,60.0,0.0,60.0,0.0,0.0,0.0,0.0,60.0,0.0,0.0,0.0,0.0,0.0,0.0,0.0,0.0,0.0,0.0,0.0,0.0,0.0,0.0
2.54,6.0,0.0,0.0,0.0,0.0,0.0,0.0,0.0,0.0,60.0,0.0,60.0,0.0,0.0,0.0,0.0,60.0,0.0,0.0,0.0,0.0,0.0,0.0,0.0,0.0,0.0,0.0,0.0,0.0,0.0,0.0
2.5500000000000003,6.0,0.0,0.0,0.0,0.0,0.0,0.0,0.0,0.0,60.0,0.0,60.0,0.0,0.0,0.0,0.0,60.0,0.0,0.0,0.0,0.0,0.0,0.0,0.0,0.0,0.0,0.0,0.0,0.0,0.0,0.0
2.56,6.0,0.0,0.0,0.0,0.0,0.0,0.0,0.0,0.0,60.0,0.0,60.0,0.0,0.0,0.0,0.0,60.0,0.0,0.0,0.0,0.0,0.0,0.0,0.0,0.0,0.0,0.0,0.0,0.0,0.0,0.0
2.57,6.0,0.0,0.0,0.0,0.0,0.0,0.0,0.0,0.0,60.0,0.0,60.0,0.0,0.0,0.0,0.0,60.0,0.0,0.0,0.0,0.0,0.0,0.0,0.0,0.0,0.0,0.0,0.0,0.0,0.0,0.0
2.58,6.0,0.0,0.0,0.0,0.0,0.0,0.0,0.0,0.0,60.0,0.0,60.0,0.0,0.0,0.0,0.0,60.0,0.0,0.0,0.0,0.0,0.0,0.0,0.0,0.0,0.0,0.0,0.0,0.0,0.0,0.0
2.59,6.0,0.0,0.0,0.0,0.0,0.0,0.0,0.0,0.0,60.0,0.0,60.0,0.0,0.0,0.0,0.0,60.0,0.0,0.0,0.0,0.0,0.0,0.0,0.0,0.0,0.0,0.0,0.0,0.0,0.0,0.0
2.6,6.0,0.0,0.0,0.0,0.0,0.0,0.0,0.0,0.0,60.0,0.0,60.0,0.0,0.0,0.0,0.0,60.0,0.0,0.0,0.0,0.0,0.0,0.0,0.0,0.0,0.0,0.0,0.0,0.0,0.0,0.0
2.61,6.0,0.0,0.0,0.0,0.0,0.0,0.0,0.0,0.0,60.0,0.0,60.0,0.0,0.0,0.0,0.0,60.0,0.0,0.0,0.0,0.0,0.0,0.0,0.0,0.0,0.0,0.0,0.0,0.0,0.0,0.0
2.62,6.0,0.0,0.0,0.0,0.0,0.0,0.0,0.0,0.0,60.0,0.0,60.0,0.0,0.0,0.0,0.0,60.0,0.0,0.0,0.0,0.0,0.0,0.0,0.0,0.0,0.0,0.0,0.0,0.0,0.0,0.0
2.63,6.0,0.0,0.0,0.0,0.0,0.0,0.0,0.0,0.0,60.0,0.0,60.0,0.0,0.0,0.0,0.0,60.0,0.0,0.0,0.0,0.0,0.0,0.0,0.0,0.0,0.0,0.0,0.0,0.0,0.0,0.0
2.64,4.0,0.0,0.0,0.0,0.0,0.0,0.0,0.0,0.0,0.0,0.0,60.0,0.0,0.0,0.0,0.0,60.0,0.0,0.0,0.0,0.0,0.0,0.0,0.0,0.0,0.0,0.0,0.0,0.0,0.0,0.0
2.65,4.0,0.0,0.0,0.0,0.0,0.0,0.0,0.0,0.0,0.0,0.0,60.0,0.0,0.0,0.0,0.0,60.0,0.0,0.0,0.0,0.0,0.0,0.0,0.0,0.0,0.0,0.0,0.0,0.0,0.0,0.0
2.66,4.0,0.0,0.0,0.0,0.0,0.0,0.0,0.0,0.0,0.0,0.0,60.0,0.0,0.0,0.0,0.0,60.0,0.0,0.0,0.0,0.0,0.0,0.0,0.0,0.0,0.0,0.0,0.0,0.0,0.0,0.0
2.67,4.0,0.0,0.0,0.0,0.0,0.0,0.0,0.0,0.0,0.0,0.0,60.0,0.0,0.0,0.0,0.0,60.0,0.0,0.0,0.0,0.0,0.0,0.0,0.0,0.0,0.0,0.0,0.0,0.0,0.0,0.0
2.68,4.0,0.0,0.0,0.0,0.0,0.0,0.0,0.0,0.0,0.0,0.0,60.0,0.0,0.0,0.0,0.0,60.0,0.0,0.0,0.0,0.0,0.0,0.0,0.0,0.0,0.0,0.0,0.0,0.0,0.0,0.0
2.69,4.0,0.0,0.0,0.0,0.0,0.0,0.0,0.0,0.0,0.0,0.0,60.0,0.0,0.0,0.0,0.0,60.0,0.0,0.0,0.0,0.0,0.0,0.0,0.0,0.0,0.0,0.0,0.0,0.0,0.0,0.0
2.7,4.0,0.0,0.0,0.0,0.0,0.0,0.0,0.0,0.0,0.0,0.0,60.0,0.0,0.0,0.0,0.0,60.0,0.0,0.0,0.0,0.0,0.0,0.0,0.0,0.0,0.0,0.0,0.0,0.0,0.0,0.0
2.71,4.0,0.0,0.0,0.0,0.0,0.0,0.0,0.0,0.0,0.0,0.0,60.0,0.0,0.0,0.0,0.0,60.0,0.0,0.0,0.0,0.0,0.0,0.0,0.0,0.0,0.0,0.0,0.0,0.0,0.0,0.0
2.72,4.0,0.0,0.0,0.0,0.0,0.0,0.0,0.0,0.0,0.0,0.0,60.0,0.0,0.0,0.0,0.0,60.0,0.0,0.0,0.0,0.0,0.0,0.0,0.0,0.0,0.0,0.0,0.0,0.0,0.0,0.0
2.73,4.0,0.0,0.0,0.0,0.0,0.0,0.0,0.0,0.0,0.0,0.0,60.0,0.0,0.0,0.0,0.0,60.0,0.0,0.0,0.0,0.0,0.0,0.0,0.0,0.0,0.0,0.0,0.0,0.0,0.0,0.0
2.74,2.0,0.0,0.0,0.0,0.0,0.0,0.0,0.0,0.0,0.0,0.0,60.0,0.0,0.0,0.0,0.0,0.0,0.0,0.0,0.0,0.0,0.0,0.0,0.0,0.0,0.0,0.0,0.0,0.0,0.0,0.0
2.75,2.0,0.0,0.0,0.0,0.0,0.0,0.0,0.0,0.0,0.0,0.0,60.0,0.0,0.0,0.0,0.0,0.0,0.0,0.0,0.0,0.0,0.0,0.0,0.0,0.0,0.0,0.0,0.0,0.0,0.0,0.0
2.7600000000000002,4.0,0.0,0.0,0.0,60.0,0.0,0.0,0.0,0.0,0.0,0.0,60.0,0.0,0.0,0.0,0.0,0.0,0.0,0.0,0.0,0.0,0.0,0.0,0.0,0.0,0.0,0.0,0.0,0.0,0.0,0.0
2.77,4.0,0.0,0.0,0.0,60.0,0.0,0.0,0.0,0.0,0.0,0.0,60.0,0.0,0.0,0.0,0.0,0.0,0.0,0.0,0.0,0.0,0.0,0.0,0.0,0.0,0.0,0.0,0.0,0.0,0.0,0.0
2.7800000000000002,4.0,0.0,0.0,0.0,60.0,0.0,0.0,0.0,0.0,0.0,0.0,60.0,0.0,0.0,0.0,0.0,0.0,0.0,0.0,0.0,0.0,0.0,0.0,0.0,0.0,0.0,0.0,0.0,0.0,0.0,0.0
2.79,4.0,0.0,0.0,0.0,60.0,0.0,0.0,0.0,0.0,0.0,0.0,60.0,0.0,0.0,0.0,0.0,0.0,0.0,0.0,0.0,0.0,0.0,0.0,0.0,0.0,0.0,0.0,0.0,0.0,0.0,0.0
2.8000000000000003,4.0,0.0,0.0,0.0,60.0,0.0,0.0,0.0,0.0,0.0,0.0,60.0,0.0,0.0,0.0,0.0,0.0,0.0,0.0,0.0,0.0,0.0,0.0,0.0,0.0,0.0,0.0,0.0,0.0,0.0,0.0
2.81,4.0,0.0,0.0,0.0,60.0,0.0,0.0,0.0,0.0,0.0,0.0,60.0,0.0,0.0,0.0,0.0,0.0,0.0,0.0,0.0,0.0,0.0,0.0,0.0,0.0,0.0,0.0,0.0,0.0,0.0,0.0
2.82,4.0,0.0,0.0,0.0,60.0,0.0,0.0,0.0,0.0,0.0,0.0,60.0,0.0,0.0,0.0,0.0,0.0,0.0,0.0,0.0,0.0,0.0,0.0,0.0,0.0,0.0,0.0,0.0,0.0,0.0,0.0
2.83,4.0,0.0,0.0,0.0,60.0,0.0,0.0,0.0,0.0,0.0,0.0,60.0,0.0,0.0,0.0,0.0,0.0,0.0,0.0,0.0,0.0,0.0,0.0,0.0,0.0,0.0,0.0,0.0,0.0,0.0,0.0
2.84,4.0,0.0,0.0,0.0,60.0,0.0,0.0,0.0,0.0,0.0,0.0,60.0,0.0,0.0,0.0,0.0,0.0,0.0,0.0,0.0,0.0,0.0,0.0,0.0,0.0,0.0,0.0,0.0,0.0,0.0,0.0
2.85,2.0,0.0,0.0,0.0,60.0,0.0,0.0,0.0,0.0,0.0,0.0,0.0,0.0,0.0,0.0,0.0,0.0,0.0,0.0,0.0,0.0,0.0,0.0,0.0,0.0,0.0,0.0,0.0,0.0,0.0,0.0
2.86,2.0,0.0,0.0,0.0,60.0,0.0,0.0,0.0,0.0,0.0,0.0,0.0,0.0,0.0,0.0,0.0,0.0,0.0,0.0,0.0,0.0,0.0,0.0,0.0,0.0,0.0,0.0,0.0,0.0,0.0,0.0
2.87,2.0,0.0,0.0,0.0,60.0,0.0,0.0,0.0,0.0,0.0,0.0,0.0,0.0,0.0,0.0,0.0,0.0,0.0,0.0,0.0,0.0,0.0,0.0,0.0,0.0,0.0,0.0,0.0,0.0,0.0,0.0
2.88,2.0,0.0,0.0,0.0,60.0,0.0,0.0,0.0,0.0,0.0,0.0,0.0,0.0,0.0,0.0,0.0,0.0,0.0,0.0,0.0,0.0,0.0,0.0,0.0,0.0,0.0,0.0,0.0,0.0,0.0,0.0
2.89,2.0,0.0,0.0,0.0,60.0,0.0,0.0,0.0,0.0,0.0,0.0,0.0,0.0,0.0,0.0,0.0,0.0,0.0,0.0,0.0,0.0,0.0,0.0,0.0,0.0,0.0,0.0,0.0,0.0,0.0,0.0
2.9,2.0,0.0,0.0,0.0,60.0,0.0,0.0,0.0,0.0,0.0,0.0,0.0,0.0,0.0,0.0,0.0,0.0,0.0,0.0,0.0,0.0,0.0,0.0,0.0,0.0,0.0,0.0,0.0,0.0,0.0,0.0
2.91,2.0,0.0,0.0,0.0,60.0,0.0,0.0,0.0,0.0,0.0,0.0,0.0,0.0,0.0,0.0,0.0,0.0,0.0,0.0,0.0,0.0,0.0,0.0,0.0,0.0,0.0,0.0,0.0,0.0,0.0,0.0
2.92,2.0,0.0,0.0,0.0,60.0,0.0,0.0,0.0,0.0,0.0,0.0,0.0,0.0,0.0,0.0,0.0,0.0,0.0,0.0,0.0,0.0,0.0,0.0,0.0,0.0,0.0,0.0,0.0,0.0,0.0,0.0
2.93,2.0,0.0,0.0,0.0,60.0,0.0,0.0,0.0,0.0,0.0,0.0,0.0,0.0,0.0,0.0,0.0,0.0,0.0,0.0,0.0,0.0,0.0,0.0,0.0,0.0,0.0,0.0,0.0,0.0,0.0,0.0
2.94,2.0,0.0,0.0,0.0,60.0,0.0,0.0,0.0,0.0,0.0,0.0,0.0,0.0,0.0,0.0,0.0,0.0,0.0,0.0,0.0,0.0,0.0,0.0,0.0,0.0,0.0,0.0,0.0,0.0,0.0,0.0
2.95,2.0,0.0,0.0,0.0,60.0,0.0,0.0,0.0,0.0,0.0,0.0,0.0,0.0,0.0,0.0,0.0,0.0,0.0,0.0,0.0,0.0,0.0,0.0,0.0,0.0,0.0,0.0,0.0,0.0,0.0,0.0
2.96,2.0,0.0,0.0,0.0,60.0,0.0,0.0,0.0,0.0,0.0,0.0,0.0,0.0,0.0,0.0,0.0,0.0,0.0,0.0,0.0,0.0,0.0,0.0,0.0,0.0,0.0,0.0,0.0,0.0,0.0,0.0
2.97,0.0,0.0,0.0,0.0,0.0,0.0,0.0,0.0,0.0,0.0,0.0,0.0,0.0,0.0,0.0,0.0,0.0,0.0,0.0,0.0,0.0,0.0,0.0,0.0,0.0,0.0,0.0,0.0,0.0,0.0,0.0
2.98,0.0,0.0,0.0,0.0,0.0,0.0,0.0,0.0,0.0,0.0,0.0,0.0,0.0,0.0,0.0,0.0,0.0,0.0,0.0,0.0,0.0,0.0,0.0,0.0,0.0,0.0,0.0,0.0,0.0,0.0,0.0
2.99,0.0,0.0,0.0,0.0,0.0,0.0,0.0,0.0,0.0,0.0,0.0,0.0,0.0,0.0,0.0,0.0,0.0,0.0,0.0,0.0,0.0,0.0,0.0,0.0,0.0,0.0,0.0,0.0,0.0,0.0,0.0
3.0,0.0,0.0,0.0,0.0,0.0,0.0,0.0,0.0,0.0,0.0,0.0,0.0,0.0,0.0,0.0,0.0,0.0,0.0,0.0,0.0,0.0,0.0,0.0,0.0,0.0,0.0,0.0,0.0,0.0,0.0,0.0
3.0100000000000002,0.0,0.0,0.0,0.0,0.0,0.0,0.0,0.0,0.0,0.0,0.0,0.0,0.0,0.0,0.0,0.0,0.0,0.0,0.0,0.0,0.0,0.0,0.0,0.0,0.0,0.0,0.0,0.0,0.0,0.0,0.0
3.02,0.0,0.0,0.0,0.0,0.0,0.0,0.0,0.0,0.0,0.0,0.0,0.0,0.0,0.0,0.0,0.0,0.0,0.0,0.0,0.0,0.0,0.0,0.0,0.0,0.0,0.0,0.0,0.0,0.0,0.0,0.0
3.0300000000000002,2.0,0.0,0.0,0.0,0.0,0.0,0.0,0.0,0.0,0.0,0.0,0.0,0.0,0.0,0.0,0.0,0.0,0.0,0.0,0.0,0.0,0.0,60.0,0.0,0.0,0.0,0.0,0.0,0.0,0.0,0.0
3.04,2.0,0.0,0.0,0.0,0.0,0.0,0.0,0.0,0.0,0.0,0.0,0.0,0.0,0.0,0.0,0.0,0.0,0.0,0.0,0.0,0.0,0.0,60.0,0.0,0.0,0.0,0.0,0.0,0.0,0.0,0.0
3.0500000000000003,2.0,0.0,0.0,0.0,0.0,0.0,0.0,0.0,0.0,0.0,0.0,0.0,0.0,0.0,0.0,0.0,0.0,0.0,0.0,0.0,0.0,0.0,60.0,0.0,0.0,0.0,0.0,0.0,0.0,0.0,0.0
3.06,2.0,0.0,0.0,0.0,0.0,0.0,0.0,0.0,0.0,0.0,0.0,0.0,0.0,0.0,0.0,0.0,0.0,0.0,0.0,0.0,0.0,0.0,60.0,0.0,0.0,0.0,0.0,0.0,0.0,0.0,0.0
3.0700000000000003,2.0,0.0,0.0,0.0,0.0,0.0,0.0,0.0,0.0,0.0,0.0,0.0,0.0,0.0,0.0,0.0,0.0,0.0,0.0,0.0,0.0,0.0,60.0,0.0,0.0,0.0,0.0,0.0,0.0,0.0,0.0
3.08,2.0,0.0,0.0,0.0,0.0,0.0,0.0,0.0,0.0,0.0,0.0,0.0,0.0,0.0,0.0,0.0,0.0,0.0,0.0,0.0,0.0,0.0,60.0,0.0,0.0,0.0,0.0,0.0,0.0,0.0,0.0
3.09,2.0,0.0,0.0,0.0,0.0,0.0,0.0,0.0,0.0,0.0,0.0,0.0,0.0,0.0,0.0,0.0,0.0,0.0,0.0,0.0,0.0,0.0,60.0,0.0,0.0,0.0,0.0,0.0,0.0,0.0,0.0
3.1,2.0,0.0,0.0,0.0,0.0,0.0,0.0,0.0,0.0,0.0,0.0,0.0,0.0,0.0,0.0,0.0,0.0,0.0,0.0,0.0,0.0,0.0,60.0,0.0,0.0,0.0,0.0,0.0,0.0,0.0,0.0
3.11,4.0,0.0,0.0,0.0,0.0,0.0,0.0,0.0,0.0,0.0,0.0,0.0,0.0,0.0,0.0,0.0,60.0,0.0,0.0,0.0,0.0,0.0,60.0,0.0,0.0,0.0,0.0,0.0,0.0,0.0,0.0
3.12,4.0,0.0,0.0,0.0,0.0,0.0,0.0,0.0,0.0,0.0,0.0,0.0,0.0,0.0,0.0,0.0,60.0,0.0,0.0,0.0,0.0,0.0,60.0,0.0,0.0,0.0,0.0,0.0,0.0,0.0,0.0
3.13,4.0,0.0,0.0,0.0,0.0,0.0,0.0,0.0,0.0,0.0,0.0,0.0,0.0,0.0,0.0,0.0,60.0,0.0,0.0,0.0,0.0,0.0,60.0,0.0,0.0,0.0,0.0,0.0,0.0,0.0,0.0
3.14,4.0,0.0,0.0,0.0,0.0,0.0,0.0,0.0,0.0,0.0,0.0,0.0,0.0,0.0,0.0,0.0,60.0,0.0,0.0,0.0,0.0,0.0,60.0,0.0,0.0,0.0,0.0,0.0,0.0,0.0,0.0
3.15,4.0,0.0,0.0,0.0,0.0,0.0,0.0,0.0,0.0,0.0,0.0,0.0,0.0,0.0,0.0,0.0,60.0,0.0,0.0,0.0,0.0,0.0,60.0,0.0,0.0,0.0,0.0,0.0,0.0,0.0,0.0
3.16,4.0,0.0,0.0,0.0,0.0,0.0,0.0,0.0,0.0,0.0,0.0,0.0,0.0,0.0,0.0,0.0,60.0,0.0,0.0,0.0,0.0,0.0,60.0,0.0,0.0,0.0,0.0,0.0,0.0,0.0,0.0
3.17,4.0,0.0,0.0,0.0,0.0,0.0,0.0,0.0,0.0,0.0,0.0,0.0,0.0,0.0,0.0,0.0,60.0,0.0,0.0,0.0,0.0,0.0,60.0,0.0,0.0,0.0,0.0,0.0,0.0,0.0,0.0
3.18,2.0,0.0,0.0,0.0,0.0,0.0,0.0,0.0,0.0,0.0,0.0,0.0,0.0,0.0,0.0,0.0,60.0,0.0,0.0,0.0,0.0,0.0,0.0,0.0,0.0,0.0,0.0,0.0,0.0,0.0,0.0
3.19,4.0,0.0,0.0,0.0,0.0,0.0,0.0,0.0,0.0,0.0,0.0,60.0,0.0,0.0,0.0,0.0,60.0,0.0,0.0,0.0,0.0,0.0,0.0,0.0,0.0,0.0,0.0,0.0,0.0,0.0,0.0
3.2,6.0,0.0,0.0,0.0,0.0,0.0,0.0,0.0,0.0,0.0,0.0,60.0,0.0,0.0,0.0,0.0,60.0,0.0,0.0,0.0,0.0,0.0,0.0,0.0,0.0,0.0,60.0,0.0,0.0,0.0,0.0
3.21,6.0,0.0,0.0,0.0,0.0,0.0,0.0,0.0,0.0,0.0,0.0,60.0,0.0,0.0,0.0,0.0,60.0,0.0,0.0,0.0,0.0,0.0,0.0,0.0,0.0,0.0,60.0,0.0,0.0,0.0,0.0
3.22,6.0,0.0,0.0,0.0,0.0,0.0,0.0,0.0,0.0,0.0,0.0,60.0,0.0,0.0,0.0,0.0,60.0,0.0,0.0,0.0,0.0,0.0,0.0,0.0,0.0,0.0,60.0,0.0,0.0,0.0,0.0
3.23,8.0,0.0,0.0,0.0,0.0,0.0,0.0,0.0,0.0,0.0,0.0,60.0,60.0,0.0,0.0,0.0,60.0,0.0,0.0,0.0,0.0,0.0,0.0,0.0,0.0,0.0,60.0,0.0,0.0,0.0,0.0
3.24,8.0,0.0,0.0,0.0,0.0,0.0,0.0,0.0,0.0,0.0,0.0,60.0,60.0,0.0,0.0,0.0,60.0,0.0,0.0,0.0,0.0,0.0,0.0,0.0,0.0,0.0,60.0,0.0,0.0,0.0,0.0
3.25,6.0,0.0,0.0,0.0,0.0,0.0,0.0,0.0,0.0,0.0,0.0,60.0,60.0,0.0,0.0,0.0,0.0,0.0,0.0,0.0,0.0,0.0,0.0,0.0,0.0,0.0,60.0,0.0,0.0,0.0,0.0
3.2600000000000002,8.0,0.0,0.0,0.0,0.0,0.0,0.0,0.0,0.0,0.0,0.0,60.0,60.0,0.0,0.0,0.0,0.0,0.0,0.0,0.0,0.0,60.0,0.0,0.0,0.0,0.0,60.0,0.0,0.0,0.0,0.0
3.27,8.0,0.0,0.0,0.0,0.0,0.0,0.0,0.0,0.0,0.0,0.0,60.0,60.0,0.0,0.0,0.0,0.0,0.0,0.0,0.0,0.0,60.0,0.0,0.0,0.0,0.0,60.0,0.0,0.0,0.0,0.0
3.2800000000000002,8.0,0.0,0.0,0.0,0.0,0.0,0.0,0.0,0.0,0.0,0.0,60.0,60.0,0.0,0.0,0.0,0.0,0.0,0.0,0.0,0.0,60.0,0.0,0.0,0.0,0.0,60.0,0.0,0.0,0.0,0.0
3.29,8.0,0.0,0.0,0.0,0.0,0.0,0.0,0.0,0.0,0.0,0.0,60.0,60.0,0.0,0.0,0.0,0.0,0.0,0.0,0.0,0.0,60.0,0.0,0.0,0.0,0.0,60.0,0.0,0.0,0.0,0.0
3.3000000000000003,8.0,0.0,0.0,0.0,0.0,0.0,0.0,0.0,0.0,0.0,0.0,60.0,60.0,0.0,0.0,0.0,0.0,0.0,0.0,0.0,0.0,60.0,0.0,0.0,0.0,0.0,60.0,0.0,0.0,0.0,0.0
3.31,8.0,0.0,0.0,0.0,0.0,0.0,0.0,0.0,0.0,0.0,0.0,60.0,60.0,0.0,0.0,0.0,0.0,0.0,0.0,0.0,0.0,60.0,0.0,0.0,0.0,0.0,60.0,0.0,0.0,0.0,0.0
3.3200000000000003,10.0,0.0,0.0,0.0,0.0,0.0,0.0,0.0,0.0,0.0,0.0,60.0,60.0,60.0,0.0,0.0,0.0,0.0,0.0,0.0,0.0,60.0,0.0,0.0,0.0,0.0,60.0,0.0,0.0,0.0,0.0
3.33,10.0,0.0,0.0,0.0,0.0,0.0,0.0,0.0,0.0,0.0,0.0,60.0,60.0,60.0,0.0,0.0,0.0,0.0,0.0,0.0,0.0,60.0,0.0,0.0,0.0,0.0,60.0,0.0,0.0,0.0,0.0
3.34,10.0,0.0,0.0,0.0,0.0,0.0,0.0,0.0,0.0,0.0,0.0,60.0,60.0,60.0,0.0,0.0,0.0,0.0,0.0,0.0,0.0,60.0,0.0,0.0,0.0,0.0,60.0,0.0,0.0,0.0,0.0
3.35,10.0,0.0,0.0,0.0,0.0,0.0,0.0,0.0,0.0,0.0,0.0,60.0,60.0,60.0,0.0,0.0,0.0,0.0,0.0,0.0,0.0,60.0,0.0,0.0,0.0,0.0,60.0,0.0,0.0,0.0,0.0
3.36,10.0,0.0,0.0,0.0,0.0,0.0,0.0,0.0,0.0,0.0,0.0,60.0,60.0,60.0,0.0,0.0,0.0,0.0,0.0,0.0,0.0,60.0,0.0,0.0,0.0,0.0,60.0,0.0,0.0,0.0,0.0
3.37,8.0,0.0,0.0,0.0,0.0,0.0,0.0,0.0,0.0,0.0,0.0,0.0,60.0,60.0,0.0,0.0,0.0,0.0,0.0,0.0,0.0,60.0,0.0,0.0,0.0,0.0,60.0,0.0,0.0,0.0,0.0
3.38,8.0,0.0,0.0,0.0,0.0,0.0,0.0,0.0,0.0,0.0,0.0,0.0,0.0,60.0,0.0,0.0,60.0,0.0,0.0,0.0,0.0,60.0,0.0,0.0,0.0,0.0,60.0,0.0,0.0,0.0,0.0
3.39,8.0,0.0,0.0,0.0,0.0,0.0,0.0,0.0,0.0,0.0,0.0,0.0,0.0,60.0,0.0,0.0,60.0,0.0,0.0,0.0,0.0,60.0,0.0,0.0,0.0,0.0,60.0,0.0,0.0,0.0,0.0
3.4,8.0,0.0,0.0,0.0,0.0,0.0,0.0,0.0,0.0,0.0,0.0,0.0,0.0,60.0,0.0,0.0,60.0,0.0,0.0,0.0,0.0,60.0,0.0,0.0,0.0,0.0,60.0,0.0,0.0,0.0,0.0
3.41,8.0,0.0,0.0,0.0,0.0,0.0,0.0,0.0,0.0,0.0,0.0,0.0,0.0,60.0,0.0,0.0,60.0,0.0,0.0,0.0,0.0,60.0,0.0,0.0,0.0,0.0,60.0,0.0,0.0,0.0,0.0
3.42,10.0,0.0,60.0,0.0,0.0,0.0,0.0,0.0,0.0,0.0,0.0,0.0,0.0,60.0,0.0,0.0,60.0,0.0,0.0,0.0,0.0,60.0,0.0,0.0,0.0,0.0,60.0,0.0,0.0,0.0,0.0
3.43,12.0,0.0,60.0,0.0,0.0,0.0,0.0,0.0,0.0,0.0,0.0,0.0,0.0,60.0,0.0,0.0,60.0,0.0,0.0,0.0,0.0,60.0,60.0,0.0,0.0,0.0,60.0,0.0,0.0,0.0,0.0
3.44,12.0,0.0,60.0,0.0,0.0,0.0,0.0,0.0,0.0,0.0,0.0,0.0,0.0,60.0,0.0,0.0,60.0,0.0,0.0,0.0,0.0,60.0,60.0,0.0,0.0,0.0,60.0,0.0,0.0,0.0,0.0
3.45,12.0,0.0,60.0,0.0,0.0,0.0,0.0,0.0,0.0,0.0,0.0,0.0,0.0,60.0,0.0,0.0,60.0,0.0,0.0,0.0,0.0,60.0,60.0,0.0,0.0,0.0,60.0,0.0,0.0,0.0,0.0
3.46,12.0,0.0,60.0,0.0,0.0,0.0,0.0,0.0,0.0,0.0,0.0,0.0,0.0,60.0,0.0,0.0,60.0,0.0,0.0,0.0,0.0,60.0,60.0,0.0,0.0,0.0,60.0,0.0,0.0,0.0,0.0
3.47,10.0,0.0,60.0,0.0,0.0,0.0,0.0,0.0,0.0,0.0,0.0,0.0,0.0,60.0,0.0,0.0,60.0,0.0,0.0,0.0,0.0,60.0,60.0,0.0,0.0,0.0,0.0,0.0,0.0,0.0,0.0
3.48,10.0,0.0,60.0,0.0,0.0,0.0,0.0,0.0,0.0,0.0,0.0,0.0,0.0,60.0,0.0,0.0,60.0,0.0,0.0,0.0,0.0,60.0,60.0,0.0,0.0,0.0,0.0,0.0,0.0,0.0,0.0
3.49,10.0,0.0,60.0,0.0,0.0,0.0,0.0,0.0,0.0,0.0,0.0,0.0,0.0,60.0,0.0,0.0,60.0,0.0,0.0,0.0,0.0,60.0,60.0,0.0,0.0,0.0,0.0,0.0,0.0,0.0,0.0
3.5,10.0,0.0,60.0,0.0,0.0,0.0,0.0,0.0,0.0,0.0,0.0,0.0,0.0,60.0,0.0,0.0,60.0,0.0,0.0,0.0,0.0,60.0,60.0,0.0,0.0,0.0,0.0,0.0,0.0,0.0,0.0
3.5100000000000002,10.0,0.0,60.0,0.0,0.0,0.0,0.0,0.0,0.0,0.0,0.0,0.0,0.0,60.0,0.0,0.0,60.0,0.0,0.0,0.0,0.0,60.0,60.0,0.0,0.0,0.0,0.0,0.0,0.0,0.0,0.0
3.52,12.0,0.0,60.0,0.0,0.0,60.0,0.0,0.0,0.0,0.0,0.0,0.0,0.0,60.0,0.0,0.0,60.0,0.0,0.0,0.0,0.0,60.0,60.0,0.0,0.0,0.0,0.0,0.0,0.0,0.0,0.0
3.5300000000000002,12.0,0.0,60.0,0.0,0.0,60.0,0.0,0.0,0.0,0.0,0.0,0.0,0.0,60.0,0.0,0.0,60.0,0.0,0.0,0.0,0.0,60.0,60.0,0.0,0.0,0.0,0.0,0.0,0.0,0.0,0.0
3.54,12.0,0.0,60.0,0.0,0.0,60.0,0.0,0.0,0.0,0.0,0.0,0.0,0.0,60.0,0.0,0.0,60.0,0.0,0.0,0.0,0.0,60.0,60.0,0.0,0.0,0.0,0.0,0.0,0.0,0.0,0.0
3.5500000000000003,10.0,0.0,60.0,0.0,0.0,60.0,0.0,0.0,0.0,0.0,0.0,0.0,0.0,0.0,0.0,0.0,60.0,0.0,0.0,0.0,0.0,60.0,60.0,0.0,0.0,0.0,0.0,0.0,0.0,0.0,0.0
3.56,10.0,0.0,60.0,0.0,0.0,60.0,0.0,0.0,0.0,0.0,0.0,0.0,0.0,0.0,0.0,0.0,60.0,0.0,0.0,0.0,0.0,60.0,60.0,0.0,0.0,0.0,0.0,0.0,0.0,0.0,0.0
3.5700000000000003,10.0,0.0,60.0,0.0,0.0,60.0,0.0,0.0,0.0,0.0,0.0,0.0,0.0,0.0,0.0,0.0,60.0,0.0,0.0,0.0,0.0,60.0,60.0,0.0,0.0,0.0,0.0,0.0,0.0,0.0,0.0
3.58,8.0,0.0,60.0,0.0,0.0,0.0,0.0,0.0,0.0,0.0,0.0,0.0,0.0,0.0,0.0,0.0,60.0,0.0,0.0,0.0,0.0,60.0,60.0,0.0,0.0,0.0,0.0,0.0,0.0,0.0,0.0
3.59,8.0,0.0,60.0,0.0,0.0,0.0,0.0,0.0,0.0,0.0,0.0,0.0,0.0,0.0,0.0,0.0,60.0,0.0,0.0,0.0,0.0,60.0,60.0,0.0,0.0,0.0,0.0,0.0,0.0,0.0,0.0
3.6,8.0,0.0,60.0,0.0,0.0,0.0,0.0,0.0,0.0,0.0,0.0,0.0,0.0,0.0,0.0,0.0,60.0,0.0,0.0,0.0,0.0,60.0,60.0,0.0,0.0,0.0,0.0,0.0,0.0,0.0,0.0
3.61,10.0,0.0,60.0,0.0,0.0,0.0,0.0,0.0,0.0,0.0,0.0,0.0,60.0,0.0,0.0,0.0,60.0,0.0,0.0,0.0,0.0,60.0,60.0,0.0,0.0,0.0,0.0,0.0,0.0,0.0,0.0
3.62,10.0,0.0,60.0,0.0,0.0,0.0,0.0,0.0,0.0,0.0,0.0,0.0,60.0,0.0,0.0,0.0,60.0,0.0,0.0,0.0,0.0,60.0,60.0,0.0,0.0,0.0,0.0,0.0,0.0,0.0,0.0
3.63,12.0,0.0,60.0,0.0,0.0,0.0,0.0,0.0,0.0,60.0,0.0,0.0,60.0,0.0,0.0,0.0,60.0,0.0,0.0,0.0,0.0,60.0,60.0,0.0,0.0,0.0,0.0,0.0,0.0,0.0,0.0
3.64,12.0,0.0,60.0,0.0,0.0,0.0,0.0,0.0,0.0,60.0,0.0,0.0,60.0,0.0,0.0,0.0,60.0,0.0,0.0,0.0,0.0,60.0,60.0,0.0,0.0,0.0,0.0,0.0,0.0,0.0,0.0
3.65,12.0,0.0,60.0,0.0,0.0,0.0,0.0,0.0,0.0,60.0,0.0,0.0,60.0,0.0,0.0,0.0,60.0,0.0,0.0,0.0,0.0,60.0,60.0,0.0,0.0,0.0,0.0,0.0,0.0,0.0,0.0
3.66,12.0,0.0,60.0,0.0,0.0,0.0,0.0,0.0,0.0,60.0,0.0,0.0,60.0,0.0,0.0,0.0,60.0,0.0,0.0,0.0,0.0,60.0,60.0,0.0,0.0,0.0,0.0,0.0,0.0,0.0,0.0
3.67,12.0,0.0,60.0,0.0,0.0,0.0,0.0,0.0,0.0,60.0,0.0,0.0,60.0,0.0,0.0,0.0,60.0,0.0,0.0,0.0,0.0,60.0,60.0,0.0,0.0,0.0,0.0,0.0,0.0,0.0,0.0
3.68,12.0,0.0,60.0,0.0,0.0,0.0,0.0,0.0,0.0,60.0,0.0,0.0,60.0,0.0,0.0,0.0,60.0,0.0,0.0,0.0,0.0,60.0,60.0,0.0,0.0,0.0,0.0,0.0,0.0,0.0,0.0
3.69,12.0,0.0,60.0,0.0,0.0,0.0,0.0,0.0,0.0,60.0,0.0,0.0,60.0,0.0,0.0,0.0,60.0,0.0,0.0,0.0,0.0,60.0,60.0,0.0,0.0,0.0,0.0,0.0,0.0,0.0,0.0
3.7,10.0,0.0,0.0,0.0,0.0,0.0,0.0,0.0,0.0,60.0,0.0,0.0,60.0,0.0,0.0,0.0,60.0,0.0,0.0,0.0,0.0,60.0,60.0,0.0,0.0,0.0,0.0,0.0,0.0,0.0,0.0
3.71,10.0,0.0,0.0,0.0,0.0,0.0,0.0,0.0,0.0,60.0,0.0,0.0,60.0,0.0,0.0,0.0,60.0,0.0,0.0,0.0,0.0,60.0,60.0,0.0,0.0,0.0,0.0,0.0,0.0,0.0,0.0
3.72,12.0,0.0,0.0,0.0,0.0,0.0,0.0,0.0,0.0,60.0,0.0,0.0,120.0,0.0,0.0,0.0,60.0,0.0,0.0,0.0,0.0,60.0,60.0,0.0,0.0,0.0,0.0,0.0,0.0,0.0,0.0
3.73,14.0,0.0,0.0,0.0,60.0,0.0,0.0,0.0,0.0,60.0,0.0,0.0,120.0,0.0,0.0,0.0,60.0,0.0,0.0,0.0,0.0,60.0,60.0,0.0,0.0,0.0,0.0,0.0,0.0,0.0,0.0
3.74,14.0,0.0,0.0,0.0,60.0,0.0,0.0,0.0,0.0,60.0,0.0,0.0,120.0,0.0,0.0,0.0,60.0,0.0,0.0,0.0,0.0,60.0,60.0,0.0,0.0,0.0,0.0,0.0,0.0,0.0,0.0
3.75,14.0,0.0,0.0,0.0,60.0,0.0,0.0,0.0,0.0,60.0,0.0,0.0,120.0,0.0,0.0,0.0,60.0,0.0,0.0,0.0,0.0,60.0,60.0,0.0,0.0,0.0,0.0,0.0,0.0,0.0,0.0
3.7600000000000002,14.0,0.0,0.0,0.0,60.0,0.0,0.0,0.0,0.0,60.0,0.0,0.0,120.0,0.0,0.0,0.0,60.0,0.0,0.0,0.0,0.0,60.0,60.0,0.0,0.0,0.0,0.0,0.0,0.0,0.0,0.0
3.77,16.0,0.0,0.0,0.0,60.0,0.0,0.0,0.0,0.0,60.0,0.0,0.0,120.0,0.0,0.0,0.0,60.0,0.0,0.0,0.0,0.0,60.0,60.0,0.0,0.0,0.0,0.0,0.0,60.0,0.0,0.0
3.7800000000000002,16.0,0.0,0.0,0.0,60.0,0.0,0.0,0.0,0.0,60.0,0.0,0.0,120.0,0.0,0.0,0.0,60.0,0.0,0.0,0.0,0.0,60.0,60.0,0.0,0.0,0.0,0.0,0.0,60.0,0.0,0.0
3.79,16.0,0.0,0.0,0.0,60.0,0.0,0.0,0.0,0.0,60.0,0.0,0.0,120.0,0.0,0.0,0.0,60.0,0.0,0.0,0.0,0.0,60.0,60.0,0.0,0.0,0.0,0.0,0.0,60.0,0.0,0.0
3.8000000000000003,16.0,0.0,0.0,0.0,60.0,0.0,0.0,0.0,0.0,60.0,0.0,60.0,60.0,0.0,0.0,0.0,60.0,0.0,0.0,0.0,0.0,60.0,60.0,0.0,0.0,0.0,0.0,0.0,60.0,0.0,0.0
3.81,14.0,0.0,0.0,0.0,60.0,0.0,0.0,0.0,0.0,60.0,0.0,60.0,60.0,0.0,0.0,0.0,0.0,0.0,0.0,0.0,0.0,60.0,60.0,0.0,0.0,0.0,0.0,0.0,60.0,0.0,0.0
3.8200000000000003,14.0,0.0,0.0,0.0,60.0,0.0,0.0,0.0,0.0,60.0,0.0,60.0,60.0,0.0,0.0,0.0,0.0,0.0,0.0,0.0,0.0,60.0,60.0,0.0,0.0,0.0,0.0,0.0,60.0,0.0,0.0
3.83,14.0,0.0,0.0,0.0,60.0,0.0,0.0,0.0,0.0,60.0,0.0,60.0,60.0,0.0,0.0,0.0,0.0,0.0,0.0,0.0,0.0,60.0,60.0,0.0,0.0,0.0,0.0,0.0,60.0,0.0,0.0
3.84,18.0,60.0,0.0,0.0,60.0,0.0,0.0,0.0,0.0,60.0,0.0,60.0,120.0,0.0,0.0,0.0,0.0,0.0,0.0,0.0,0.0,60.0,60.0,0.0,0.0,0.0,0.0,0.0,60.0,0.0,0.0
3.85,18.0,60.0,0.0,0.0,60.0,0.0,0.0,0.0,0.0,60.0,0.0,60.0,120.0,0.0,0.0,0.0,0.0,0.0,0.0,0.0,0.0,60.0,60.0,0.0,0.0,0.0,0.0,0.0,60.0,0.0,0.0
3.86,18.0,60.0,0.0,0.0,60.0,0.0,0.0,0.0,0.0,60.0,0.0,60.0,120.0,0.0,0.0,0.0,0.0,0.0,0.0,0.0,0.0,60.0,60.0,0.0,0.0,0.0,0.0,0.0,60.0,0.0,0.0
3.87,18.0,60.0,0.0,0.0,60.0,0.0,0.0,0.0,0.0,60.0,0.0,60.0,120.0,0.0,0.0,0.0,0.0,0.0,0.0,0.0,0.0,60.0,60.0,0.0,0.0,0.0,0.0,0.0,60.0,0.0,0.0
3.88,18.0,60.0,0.0,0.0,60.0,0.0,0.0,0.0,0.0,60.0,0.0,60.0,120.0,0.0,0.0,0.0,0.0,0.0,0.0,0.0,0.0,60.0,60.0,0.0,0.0,0.0,0.0,0.0,60.0,0.0,0.0
3.89,18.0,60.0,0.0,0.0,60.0,0.0,0.0,0.0,0.0,60.0,0.0,60.0,120.0,0.0,0.0,0.0,0.0,0.0,0.0,0.0,0.0,60.0,60.0,0.0,0.0,0.0,0.0,0.0,60.0,0.0,0.0
3.9,18.0,60.0,0.0,0.0,60.0,0.0,0.0,0.0,0.0,60.0,0.0,60.0,120.0,0.0,0.0,0.0,0.0,0.0,0.0,0.0,0.0,60.0,60.0,0.0,0.0,0.0,0.0,0.0,60.0,0.0,0.0
3.91,18.0,60.0,0.0,0.0,60.0,0.0,0.0,0.0,0.0,60.0,0.0,60.0,120.0,0.0,0.0,0.0,0.0,0.0,0.0,0.0,0.0,60.0,60.0,0.0,0.0,0.0,0.0,0.0,60.0,0.0,0.0
3.92,18.0,60.0,0.0,0.0,60.0,0.0,0.0,0.0,0.0,60.0,0.0,60.0,120.0,0.0,0.0,0.0,0.0,0.0,0.0,0.0,0.0,60.0,60.0,0.0,0.0,0.0,0.0,0.0,60.0,0.0,0.0
3.93,16.0,60.0,0.0,0.0,60.0,0.0,0.0,0.0,0.0,0.0,0.0,60.0,120.0,0.0,0.0,0.0,0.0,0.0,0.0,0.0,0.0,60.0,60.0,0.0,0.0,0.0,0.0,0.0,60.0,0.0,0.0
3.94,20.0,60.0,0.0,0.0,60.0,0.0,0.0,0.0,0.0,60.0,0.0,60.0,120.0,0.0,0.0,0.0,60.0,0.0,0.0,0.0,0.0,60.0,60.0,0.0,0.0,0.0,0.0,0.0,60.0,0.0,0.0
3.95,18.0,60.0,0.0,0.0,60.0,0.0,0.0,0.0,0.0,60.0,0.0,60.0,60.0,0.0,0.0,0.0,60.0,0.0,0.0,0.0,0.0,60.0,60.0,0.0,0.0,0.0,0.0,0.0,60.0,0.0,0.0
3.96,18.0,60.0,0.0,0.0,60.0,0.0,0.0,0.0,0.0,60.0,0.0,60.0,60.0,0.0,0.0,0.0,60.0,0.0,0.0,0.0,0.0,60.0,60.0,0.0,0.0,0.0,0.0,0.0,60.0,0.0,0.0
3.97,18.0,60.0,0.0,0.0,60.0,0.0,0.0,0.0,0.0,60.0,0.0,60.0,60.0,0.0,0.0,0.0,60.0,0.0,0.0,0.0,0.0,60.0,60.0,0.0,0.0,0.0,0.0,0.0,60.0,0.0,0.0
3.98,20.0,60.0,0.0,0.0,60.0,0.0,0.0,0.0,0.0,60.0,0.0,60.0,60.0,0.0,0.0,0.0,60.0,0.0,0.0,0.0,0.0,60.0,60.0,0.0,0.0,0.0,0.0,0.0,60.0,60.0,0.0
3.99,18.0,60.0,0.0,0.0,60.0,0.0,0.0,0.0,0.0,60.0,0.0,60.0,60.0,0.0,0.0,0.0,60.0,0.0,0.0,0.0,0.0,0.0,60.0,0.0,0.0,0.0,0.0,0.0,60.0,60.0,0.0
4.0,16.0,0.0,0.0,0.0,60.0,0.0,0.0,0.0,0.0,60.0,0.0,60.0,60.0,0.0,0.0,0.0,60.0,0.0,0.0,0.0,0.0,0.0,60.0,0.0,0.0,0.0,0.0,0.0,60.0,60.0,0.0
4.01,16.0,0.0,0.0,0.0,60.0,0.0,0.0,0.0,0.0,60.0,0.0,60.0,60.0,0.0,0.0,0.0,60.0,0.0,0.0,0.0,0.0,0.0,60.0,0.0,0.0,0.0,0.0,0.0,60.0,60.0,0.0
4.0200000000000005,18.0,60.0,0.0,0.0,60.0,0.0,0.0,0.0,0.0,60.0,0.0,60.0,60.0,0.0,0.0,0.0,60.0,0.0,0.0,0.0,0.0,0.0,60.0,0.0,0.0,0.0,0.0,0.0,60.0,60.0,0.0
4.03,18.0,60.0,0.0,0.0,60.0,0.0,0.0,0.0,0.0,60.0,0.0,60.0,60.0,0.0,0.0,0.0,60.0,0.0,0.0,0.0,0.0,0.0,60.0,0.0,0.0,0.0,0.0,0.0,60.0,60.0,0.0
4.04,22.0,60.0,0.0,0.0,60.0,60.0,0.0,0.0,60.0,60.0,0.0,60.0,60.0,0.0,0.0,0.0,60.0,0.0,0.0,0.0,0.0,0.0,60.0,0.0,0.0,0.0,0.0,0.0,60.0,60.0,0.0
4.05,22.0,60.0,0.0,0.0,60.0,60.0,0.0,0.0,60.0,60.0,0.0,60.0,60.0,0.0,0.0,0.0,60.0,0.0,0.0,0.0,0.0,0.0,60.0,0.0,0.0,0.0,0.0,0.0,60.0,60.0,0.0
4.0600000000000005,24.0,60.0,0.0,0.0,60.0,60.0,0.0,0.0,60.0,60.0,0.0,60.0,60.0,0.0,0.0,0.0,60.0,0.0,0.0,0.0,0.0,0.0,60.0,0.0,0.0,0.0,0.0,60.0,60.0,60.0,0.0
4.07,26.0,60.0,0.0,0.0,60.0,120.0,0.0,0.0,60.0,60.0,0.0,60.0,60.0,0.0,0.0,0.0,60.0,0.0,0.0,0.0,0.0,0.0,60.0,0.0,0.0,0.0,0.0,60.0,60.0,60.0,0.0
4.08,28.0,60.0,0.0,0.0,0.0,120.0,0.0,0.0,60.0,120.0,0.0,60.0,60.0,0.0,0.0,0.0,60.0,0.0,0.0,0.0,0.0,0.0,60.0,0.0,0.0,0.0,0.0,60.0,60.0,60.0,60.0
4.09,28.0,60.0,0.0,0.0,0.0,120.0,0.0,0.0,60.0,60.0,0.0,60.0,60.0,60.0,0.0,0.0,60.0,0.0,0.0,0.0,0.0,0.0,60.0,0.0,0.0,0.0,0.0,60.0,60.0,60.0,60.0
4.1,28.0,60.0,0.0,0.0,0.0,120.0,0.0,0.0,60.0,60.0,0.0,60.0,60.0,60.0,0.0,0.0,60.0,0.0,0.0,0.0,0.0,0.0,60.0,0.0,0.0,0.0,0.0,60.0,60.0,60.0,60.0
4.11,28.0,60.0,0.0,0.0,0.0,120.0,0.0,0.0,60.0,60.0,0.0,60.0,60.0,60.0,0.0,0.0,60.0,0.0,0.0,0.0,0.0,0.0,60.0,0.0,0.0,0.0,0.0,60.0,60.0,60.0,60.0
4.12,28.0,60.0,0.0,0.0,0.0,120.0,0.0,0.0,60.0,60.0,0.0,60.0,60.0,60.0,0.0,0.0,60.0,0.0,0.0,0.0,0.0,0.0,60.0,0.0,0.0,0.0,0.0,60.0,60.0,60.0,60.0
4.13,28.0,60.0,0.0,0.0,0.0,120.0,0.0,0.0,60.0,60.0,0.0,60.0,60.0,60.0,0.0,0.0,60.0,0.0,0.0,0.0,0.0,0.0,60.0,0.0,0.0,0.0,0.0,60.0,60.0,60.0,60.0
4.14,28.0,60.0,0.0,0.0,0.0,120.0,0.0,0.0,60.0,60.0,0.0,60.0,60.0,60.0,0.0,0.0,60.0,0.0,0.0,0.0,0.0,0.0,60.0,0.0,0.0,0.0,0.0,60.0,60.0,60.0,60.0
4.15,28.0,60.0,0.0,0.0,0.0,120.0,0.0,0.0,60.0,60.0,0.0,60.0,60.0,0.0,60.0,0.0,60.0,0.0,0.0,0.0,0.0,0.0,60.0,0.0,0.0,0.0,0.0,60.0,60.0,60.0,60.0
4.16,30.0,60.0,0.0,0.0,0.0,120.0,0.0,0.0,60.0,60.0,0.0,60.0,60.0,0.0,60.0,0.0,60.0,60.0,0.0,0.0,0.0,0.0,60.0,0.0,0.0,0.0,0.0,60.0,60.0,60.0,60.0
4.17,34.0,60.0,0.0,0.0,0.0,120.0,0.0,0.0,60.0,120.0,0.0,60.0,60.0,0.0,60.0,0.0,60.0,60.0,0.0,0.0,0.0,0.0,60.0,0.0,0.0,60.0,0.0,60.0,60.0,60.0,60.0
4.18,34.0,60.0,0.0,0.0,0.0,120.0,0.0,0.0,60.0,120.0,0.0,60.0,60.0,0.0,60.0,0.0,60.0,60.0,0.0,0.0,0.0,0.0,60.0,0.0,0.0,60.0,0.0,60.0,60.0,60.0,60.0
4.19,32.0,60.0,0.0,0.0,0.0,120.0,0.0,0.0,60.0,120.0,0.0,60.0,60.0,0.0,60.0,0.0,60.0,60.0,0.0,0.0,0.0,0.0,60.0,0.0,0.0,60.0,0.0,60.0,60.0,60.0,0.0
4.2,38.0,60.0,0.0,60.0,0.0,120.0,0.0,0.0,60.0,120.0,0.0,60.0,60.0,0.0,60.0,60.0,60.0,60.0,60.0,0.0,0.0,0.0,60.0,0.0,0.0,60.0,0.0,60.0,60.0,60.0,0.0
4.21,36.0,0.0,0.0,60.0,0.0,120.0,0.0,0.0,60.0,120.0,0.0,60.0,60.0,0.0,60.0,60.0,60.0,60.0,60.0,0.0,0.0,0.0,60.0,0.0,0.0,60.0,0.0,60.0,60.0,60.0,0.0
4.22,40.0,0.0,0.0,60.0,0.0,120.0,60.0,0.0,60.0,120.0,0.0,60.0,60.0,0.0,60.0,60.0,60.0,60.0,60.0,0.0,0.0,0.0,60.0,0.0,0.0,60.0,0.0,60.0,120.0,60.0,0.0
4.23,38.0,0.0,0.0,60.0,0.0,120.0,60.0,0.0,60.0,60.0,0.0,60.0,60.0,0.0,60.0,60.0,60.0,60.0,60.0,0.0,0.0,0.0,60.0,0.0,0.0,60.0,0.0,60.0,120.0,60.0,0.0
4.24,36.0,0.0,0.0,60.0,0.0,60.0,60.0,0.0,60.0,60.0,0.0,60.0,60.0,0.0,120.0,60.0,60.0,60.0,60.0,0.0,0.0,0.0,60.0,0.0,0.0,60.0,0.0,60.0,60.0,60.0,0.0
4.25,34.0,0.0,0.0,60.0,0.0,60.0,60.0,0.0,60.0,0.0,0.0,60.0,60.0,0.0,120.0,60.0,60.0,60.0,60.0,0.0,0.0,0.0,60.0,0.0,0.0,60.0,0.0,60.0,60.0,60.0,0.0
4.26,34.0,0.0,0.0,60.0,0.0,60.0,60.0,0.0,60.0,0.0,0.0,60.0,60.0,0.0,120.0,60.0,60.0,60.0,60.0,0.0,0.0,0.0,60.0,0.0,0.0,60.0,0.0,60.0,60.0,60.0,0.0
4.2700000000000005,34.0,0.0,0.0,60.0,0.0,60.0,60.0,0.0,60.0,0.0,0.0,60.0,60.0,0.0,120.0,60.0,60.0,60.0,60.0,0.0,0.0,0.0,60.0,0.0,0.0,60.0,0.0,60.0,60.0,60.0,0.0
4.28,34.0,0.0,0.0,60.0,0.0,60.0,60.0,0.0,60.0,0.0,0.0,60.0,60.0,0.0,120.0,60.0,60.0,60.0,60.0,0.0,0.0,0.0,60.0,0.0,0.0,60.0,0.0,60.0,60.0,60.0,0.0
4.29,34.0,0.0,0.0,60.0,0.0,60.0,60.0,0.0,60.0,0.0,0.0,60.0,0.0,0.0,120.0,60.0,60.0,60.0,60.0,0.0,0.0,0.0,60.0,0.0,0.0,120.0,0.0,60.0,60.0,60.0,0.0
4.3,30.0,0.0,0.0,60.0,0.0,0.0,60.0,0.0,0.0,0.0,0.0,60.0,0.0,0.0,120.0,60.0,60.0,60.0,60.0,0.0,0.0,0.0,60.0,0.0,0.0,120.0,0.0,60.0,60.0,60.0,0.0
4.3100000000000005,30.0,0.0,0.0,60.0,0.0,0.0,60.0,0.0,0.0,0.0,0.0,60.0,0.0,0.0,120.0,60.0,60.0,60.0,60.0,0.0,0.0,0.0,60.0,0.0,0.0,120.0,0.0,60.0,60.0,60.0,0.0
4.32,28.0,0.0,0.0,60.0,0.0,0.0,60.0,0.0,0.0,0.0,0.0,60.0,0.0,0.0,120.0,60.0,60.0,60.0,60.0,0.0,0.0,0.0,60.0,0.0,0.0,120.0,0.0,60.0,60.0,0.0,0.0
4.33,28.0,0.0,0.0,60.0,0.0,0.0,60.0,0.0,0.0,0.0,60.0,60.0,0.0,0.0,120.0,60.0,60.0,60.0,60.0,0.0,0.0,0.0,60.0,0.0,0.0,120.0,0.0,0.0,60.0,0.0,0.0
4.34,30.0,0.0,0.0,60.0,0.0,0.0,60.0,0.0,0.0,0.0,60.0,120.0,0.0,0.0,120.0,60.0,60.0,60.0,60.0,0.0,0.0,0.0,60.0,0.0,0.0,120.0,0.0,0.0,60.0,0.0,0.0
4.3500000000000005,32.0,0.0,0.0,60.0,0.0,0.0,60.0,0.0,0.0,0.0,60.0,120.0,0.0,0.0,120.0,60.0,60.0,120.0,60.0,0.0,0.0,0.0,60.0,0.0,0.0,120.0,0.0,0.0,60.0,0.0,0.0
4.36,32.0,0.0,0.0,60.0,0.0,0.0,60.0,0.0,0.0,0.0,60.0,120.0,0.0,0.0,120.0,60.0,60.0,120.0,60.0,0.0,0.0,0.0,60.0,0.0,0.0,120.0,0.0,0.0,60.0,0.0,0.0
4.37,32.0,0.0,0.0,60.0,0.0,0.0,60.0,0.0,0.0,0.0,60.0,120.0,0.0,0.0,120.0,60.0,60.0,120.0,60.0,0.0,0.0,0.0,60.0,0.0,0.0,120.0,0.0,0.0,60.0,0.0,0.0
4.38,30.0,0.0,0.0,60.0,0.0,0.0,60.0,0.0,0.0,0.0,60.0,60.0,0.0,0.0,120.0,60.0,60.0,120.0,60.0,0.0,0.0,0.0,60.0,0.0,0.0,120.0,0.0,0.0,60.0,0.0,0.0
4.39,28.0,0.0,0.0,60.0,0.0,0.0,60.0,0.0,0.0,0.0,60.0,60.0,0.0,0.0,60.0,60.0,60.0,120.0,60.0,0.0,0.0,0.0,60.0,0.0,0.0,120.0,0.0,0.0,60.0,0.0,0.0
4.4,32.0,0.0,0.0,60.0,0.0,0.0,60.0,0.0,0.0,0.0,60.0,60.0,0.0,0.0,60.0,60.0,60.0,120.0,60.0,60.0,0.0,0.0,60.0,0.0,0.0,120.0,0.0,0.0,60.0,60.0,0.0
4.41,30.0,0.0,0.0,60.0,0.0,0.0,60.0,0.0,0.0,0.0,60.0,60.0,0.0,0.0,60.0,0.0,60.0,60.0,60.0,120.0,0.0,0.0,60.0,0.0,0.0,120.0,0.0,0.0,60.0,60.0,0.0
4.42,32.0,60.0,0.0,60.0,0.0,0.0,60.0,0.0,0.0,0.0,60.0,60.0,0.0,0.0,60.0,0.0,60.0,60.0,60.0,120.0,0.0,0.0,60.0,0.0,0.0,120.0,0.0,0.0,60.0,60.0,0.0
4.43,34.0,60.0,0.0,60.0,0.0,0.0,60.0,0.0,0.0,0.0,60.0,60.0,60.0,0.0,60.0,60.0,60.0,60.0,60.0,120.0,0.0,0.0,60.0,0.0,0.0,60.0,0.0,0.0,60.0,60.0,0.0
4.44,34.0,60.0,0.0,60.0,0.0,0.0,60.0,0.0,0.0,0.0,60.0,60.0,60.0,0.0,60.0,60.0,60.0,60.0,60.0,120.0,0.0,0.0,60.0,0.0,0.0,60.0,0.0,0.0,60.0,60.0,0.0
4.45,32.0,60.0,0.0,60.0,0.0,0.0,60.0,0.0,0.0,0.0,60.0,60.0,60.0,0.0,0.0,60.0,60.0,60.0,60.0,120.0,0.0,0.0,60.0,0.0,0.0,60.0,0.0,0.0,60.0,60.0,0.0
4.46,34.0,120.0,0.0,60.0,0.0,0.0,60.0,0.0,0.0,0.0,60.0,60.0,60.0,0.0,0.0,60.0,60.0,60.0,60.0,120.0,0.0,0.0,60.0,0.0,0.0,60.0,0.0,0.0,60.0,60.0,0.0
4.47,38.0,120.0,0.0,60.0,0.0,0.0,60.0,0.0,60.0,0.0,60.0,60.0,60.0,0.0,0.0,60.0,60.0,60.0,60.0,120.0,0.0,0.0,120.0,0.0,0.0,60.0,0.0,0.0,60.0,60.0,0.0
4.48,38.0,120.0,0.0,60.0,0.0,0.0,60.0,0.0,60.0,0.0,60.0,60.0,60.0,0.0,0.0,60.0,60.0,60.0,60.0,120.0,0.0,0.0,120.0,0.0,0.0,60.0,0.0,0.0,60.0,60.0,0.0
4.49,40.0,120.0,0.0,60.0,0.0,0.0,60.0,0.0,60.0,0.0,60.0,60.0,60.0,0.0,0.0,60.0,60.0,60.0,60.0,120.0,0.0,60.0,120.0,0.0,0.0,60.0,0.0,0.0,60.0,60.0,0.0
4.5,42.0,120.0,0.0,60.0,0.0,0.0,60.0,0.0,60.0,0.0,60.0,60.0,60.0,0.0,0.0,60.0,60.0,0.0,60.0,120.0,0.0,60.0,120.0,0.0,0.0,120.0,0.0,0.0,60.0,120.0,0.0
4.51,40.0,120.0,0.0,60.0,0.0,0.0,60.0,0.0,60.0,0.0,0.0,60.0,60.0,0.0,0.0,60.0,60.0,0.0,60.0,120.0,0.0,60.0,120.0,0.0,0.0,120.0,0.0,0.0,60.0,120.0,0.0
4.5200000000000005,38.0,120.0,0.0,60.0,0.0,0.0,60.0,0.0,60.0,0.0,0.0,60.0,60.0,0.0,0.0,60.0,60.0,0.0,60.0,120.0,0.0,60.0,60.0,0.0,0.0,120.0,0.0,0.0,60.0,120.0,0.0
4.53,38.0,120.0,0.0,60.0,0.0,0.0,60.0,0.0,60.0,0.0,0.0,60.0,60.0,0.0,0.0,60.0,60.0,0.0,60.0,120.0,0.0,60.0,60.0,0.0,0.0,120.0,0.0,0.0,60.0,120.0,0.0
4.54,34.0,120.0,0.0,60.0,0.0,0.0,0.0,0.0,60.0,0.0,0.0,60.0,60.0,0.0,0.0,60.0,60.0,0.0,60.0,120.0,0.0,60.0,60.0,0.0,0.0,120.0,0.0,0.0,0.0,120.0,0.0
4.55,36.0,120.0,0.0,60.0,60.0,0.0,0.0,0.0,60.0,0.0,0.0,60.0,60.0,0.0,0.0,60.0,60.0,0.0,60.0,120.0,0.0,60.0,60.0,0.0,0.0,120.0,0.0,0.0,0.0,120.0,0.0
4.5600000000000005,34.0,120.0,0.0,60.0,60.0,0.0,0.0,0.0,60.0,0.0,0.0,60.0,60.0,0.0,0.0,60.0,60.0,0.0,60.0,60.0,0.0,60.0,60.0,0.0,0.0,120.0,0.0,0.0,0.0,120.0,0.0
4.57,38.0,120.0,0.0,60.0,60.0,0.0,0.0,0.0,120.0,0.0,0.0,60.0,60.0,0.0,0.0,60.0,60.0,0.0,120.0,60.0,0.0,60.0,60.0,0.0,0.0,120.0,0.0,0.0,0.0,120.0,0.0
4.58,38.0,120.0,0.0,60.0,60.0,0.0,0.0,0.0,120.0,0.0,0.0,60.0,60.0,0.0,0.0,60.0,60.0,0.0,120.0,60.0,0.0,60.0,60.0,0.0,0.0,120.0,0.0,0.0,0.0,120.0,0.0
4.59,36.0,120.0,0.0,60.0,60.0,0.0,0.0,0.0,120.0,0.0,0.0,60.0,60.0,0.0,0.0,60.0,0.0,0.0,120.0,60.0,0.0,60.0,60.0,0.0,0.0,120.0,0.0,0.0,0.0,120.0,0.0
4.6000000000000005,36.0,120.0,0.0,60.0,60.0,0.0,0.0,0.0,120.0,0.0,0.0,60.0,60.0,0.0,0.0,60.0,0.0,0.0,120.0,60.0,0.0,60.0,60.0,0.0,0.0,120.0,0.0,0.0,0.0,120.0,0.0
4.61,36.0,120.0,0.0,60.0,60.0,0.0,0.0,0.0,120.0,0.0,0.0,60.0,60.0,0.0,0.0,60.0,0.0,0.0,120.0,60.0,0.0,60.0,60.0,0.0,0.0,120.0,0.0,0.0,0.0,120.0,0.0
4.62,36.0,120.0,0.0,60.0,60.0,0.0,0.0,0.0,120.0,0.0,0.0,60.0,60.0,0.0,0.0,60.0,0.0,0.0,120.0,60.0,0.0,60.0,60.0,0.0,0.0,120.0,0.0,0.0,0.0,120.0,0.0
4.63,38.0,120.0,0.0,60.0,60.0,0.0,0.0,0.0,180.0,0.0,0.0,60.0,120.0,0.0,0.0,60.0,0.0,0.0,120.0,60.0,0.0,60.0,60.0,0.0,0.0,60.0,0.0,0.0,0.0,120.0,0.0
4.64,40.0,120.0,0.0,60.0,60.0,60.0,0.0,0.0,180.0,0.0,0.0,60.0,120.0,0.0,0.0,60.0,0.0,0.0,120.0,60.0,0.0,60.0,60.0,0.0,0.0,60.0,0.0,0.0,0.0,120.0,0.0
4.65,40.0,120.0,0.0,60.0,60.0,60.0,0.0,0.0,180.0,60.0,0.0,0.0,120.0,0.0,0.0,60.0,0.0,0.0,120.0,60.0,0.0,60.0,60.0,0.0,0.0,60.0,0.0,0.0,0.0,120.0,0.0
4.66,44.0,120.0,60.0,60.0,60.0,60.0,0.0,0.0,180.0,60.0,0.0,0.0,120.0,0.0,0.0,120.0,0.0,0.0,120.0,60.0,0.0,60.0,60.0,0.0,0.0,60.0,0.0,0.0,0.0,120.0,0.0
4.67,46.0,120.0,60.0,60.0,60.0,60.0,0.0,0.0,180.0,60.0,0.0,0.0,120.0,0.0,0.0,120.0,0.0,0.0,120.0,60.0,0.0,120.0,60.0,0.0,0.0,60.0,0.0,0.0,0.0,120.0,0.0
4.68,44.0,120.0,60.0,60.0,60.0,60.0,0.0,0.0,180.0,60.0,0.0,0.0,120.0,0.0,0.0,120.0,0.0,0.0,60.0,60.0,0.0,120.0,60.0,0.0,0.0,60.0,0.0,0.0,0.0,120.0,0.0
4.69,44.0,120.0,60.0,60.0,60.0,60.0,0.0,0.0,180.0,0.0,0.0,0.0,120.0,60.0,0.0,120.0,0.0,0.0,60.0,60.0,0.0,180.0,60.0,0.0,0.0,60.0,0.0,0.0,0.0,60.0,0.0
4.7,54.0,120.0,60.0,120.0,60.0,60.0,0.0,0.0,180.0,60.0,60.0,0.0,180.0,120.0,0.0,120.0,0.0,0.0,60.0,60.0,0.0,180.0,60.0,0.0,0.0,60.0,0.0,0.0,0.0,60.0,0.0
4.71,56.0,120.0,120.0,120.0,60.0,60.0,0.0,0.0,180.0,60.0,60.0,0.0,180.0,120.0,0.0,120.0,0.0,0.0,0.0,60.0,0.0,180.0,60.0,0.0,0.0,60.0,0.0,60.0,0.0,60.0,0.0
4.72,60.0,120.0,120.0,120.0,60.0,60.0,0.0,0.0,180.0,60.0,60.0,0.0,180.0,120.0,0.0,120.0,0.0,0.0,0.0,120.0,0.0,180.0,60.0,60.0,0.0,60.0,0.0,60.0,0.0,60.0,0.0
4.73,62.0,120.0,120.0,120.0,60.0,60.0,0.0,0.0,180.0,60.0,60.0,0.0,180.0,120.0,0.0,120.0,0.0,0.0,0.0,120.0,0.0,240.0,60.0,60.0,0.0,60.0,0.0,60.0,0.0,60.0,0.0
4.74,60.0,180.0,120.0,120.0,60.0,60.0,0.0,0.0,60.0,60.0,60.0,0.0,180.0,120.0,0.0,120.0,0.0,0.0,0.0,120.0,0.0,240.0,60.0,60.0,0.0,60.0,0.0,60.0,0.0,60.0,0.0
4.75,60.0,180.0,120.0,120.0,60.0,60.0,0.0,0.0,60.0,60.0,60.0,0.0,120.0,120.0,0.0,120.0,0.0,60.0,0.0,120.0,0.0,240.0,60.0,60.0,0.0,60.0,0.0,60.0,0.0,60.0,0.0
4.76,60.0,180.0,120.0,120.0,60.0,60.0,0.0,0.0,60.0,60.0,60.0,0.0,120.0,120.0,0.0,120.0,0.0,60.0,0.0,120.0,0.0,240.0,60.0,60.0,0.0,60.0,0.0,60.0,0.0,60.0,0.0
4.7700000000000005,60.0,180.0,120.0,120.0,60.0,60.0,0.0,0.0,60.0,60.0,60.0,0.0,120.0,120.0,0.0,120.0,0.0,60.0,0.0,120.0,0.0,240.0,60.0,60.0,0.0,60.0,0.0,60.0,0.0,60.0,0.0
4.78,60.0,180.0,120.0,120.0,60.0,60.0,0.0,60.0,60.0,60.0,60.0,0.0,60.0,120.0,0.0,120.0,0.0,60.0,0.0,120.0,0.0,240.0,60.0,60.0,0.0,60.0,0.0,60.0,0.0,60.0,0.0
4.79,64.0,180.0,120.0,120.0,60.0,60.0,0.0,60.0,60.0,60.0,60.0,0.0,60.0,120.0,0.0,180.0,0.0,60.0,0.0,120.0,0.0,240.0,60.0,60.0,0.0,60.0,60.0,60.0,0.0,60.0,0.0
4.8,64.0,180.0,60.0,120.0,60.0,60.0,0.0,60.0,60.0,60.0,60.0,0.0,60.0,120.0,0.0,180.0,0.0,60.0,0.0,120.0,60.0,240.0,60.0,60.0,0.0,60.0,60.0,60.0,0.0,60.0,0.0
4.8100000000000005,70.0,180.0,60.0,120.0,120.0,60.0,0.0,60.0,60.0,60.0,60.0,0.0,60.0,120.0,60.0,180.0,0.0,60.0,0.0,120.0,60.0,240.0,60.0,60.0,0.0,60.0,60.0,60.0,0.0,60.0,60.0
4.82,70.0,180.0,60.0,120.0,120.0,60.0,0.0,60.0,60.0,60.0,60.0,0.0,60.0,120.0,60.0,180.0,0.0,60.0,0.0,120.0,60.0,240.0,60.0,60.0,0.0,60.0,60.0,60.0,0.0,60.0,60.0
4.83,76.0,240.0,60.0,180.0,120.0,60.0,0.0,60.0,60.0,60.0,60.0,0.0,120.0,120.0,60.0,180.0,0.0,60.0,0.0,120.0,60.0,240.0,60.0,60.0,0.0,60.0,60.0,60.0,0.0,60.0,60.0
4.84,80.0,240.0,60.0,180.0,120.0,60.0,0.0,60.0,60.0,60.0,120.0,0.0,120.0,120.0,60.0,180.0,0.0,60.0,0.0,120.0,60.0,240.0,60.0,60.0,60.0,60.0,60.0,60.0,0.0,60.0,60.0
4.8500000000000005,76.0,180.0,60.0,180.0,120.0,60.0,0.0,60.0,60.0,60.0,120.0,0.0,120.0,120.0,0.0,180.0,0.0,60.0,0.0,120.0,60.0,240.0,60.0,60.0,60.0,60.0,60.0,60.0,0.0,60.0,60.0
4.86,80.0,180.0,60.0,180.0,120.0,60.0,0.0,60.0,60.0,0.0,120.0,0.0,120.0,120.0,0.0,180.0,60.0,60.0,0.0,120.0,60.0,300.0,60.0,120.0,60.0,60.0,60.0,60.0,0.0,60.0,60.0
4.87,74.0,180.0,60.0,180.0,120.0,60.0,0.0,60.0,60.0,0.0,120.0,0.0,120.0,120.0,0.0,180.0,60.0,60.0,0.0,60.0,60.0,240.0,0.0,60.0,60.0,60.0,120.0,60.0,0.0,60.0,60.0
4.88,68.0,180.0,60.0,120.0,120.0,60.0,0.0,60.0,60.0,0.0,60.0,0.0,120.0,120.0,0.0,180.0,60.0,60.0,0.0,60.0,60.0,240.0,0.0,60.0,60.0,60.0,120.0,0.0,0.0,60.0,60.0
4.89,64.0,180.0,0.0,120.0,120.0,60.0,0.0,60.0,60.0,0.0,0.0,0.0,120.0,120.0,0.0,180.0,60.0,60.0,0.0,60.0,60.0,240.0,0.0,60.0,60.0,60.0,120.0,0.0,0.0,60.0,60.0
4.9,60.0,180.0,0.0,120.0,120.0,60.0,0.0,60.0,60.0,0.0,0.0,0.0,120.0,120.0,0.0,120.0,60.0,60.0,0.0,60.0,60.0,240.0,0.0,60.0,60.0,0.0,120.0,0.0,0.0,60.0,60.0
4.91,60.0,180.0,0.0,120.0,120.0,60.0,0.0,60.0,60.0,0.0,0.0,0.0,120.0,120.0,0.0,120.0,60.0,60.0,0.0,60.0,60.0,240.0,0.0,60.0,60.0,0.0,120.0,0.0,0.0,60.0,60.0
4.92,62.0,180.0,0.0,120.0,180.0,60.0,0.0,60.0,60.0,0.0,0.0,0.0,120.0,120.0,0.0,120.0,60.0,60.0,0.0,60.0,60.0,240.0,0.0,60.0,60.0,0.0,120.0,0.0,0.0,60.0,60.0
4.93,62.0,180.0,0.0,120.0,180.0,60.0,0.0,60.0,60.0,0.0,0.0,0.0,180.0,120.0,0.0,120.0,60.0,60.0,0.0,0.0,60.0,240.0,0.0,60.0,60.0,0.0,120.0,0.0,0.0,60.0,60.0
4.94,64.0,180.0,0.0,120.0,180.0,60.0,0.0,60.0,60.0,0.0,0.0,0.0,180.0,120.0,0.0,120.0,60.0,60.0,0.0,0.0,60.0,300.0,0.0,60.0,60.0,0.0,120.0,0.0,0.0,60.0,60.0
4.95,66.0,180.0,0.0,120.0,180.0,60.0,0.0,60.0,60.0,0.0,0.0,0.0,180.0,120.0,0.0,120.0,60.0,60.0,0.0,0.0,120.0,240.0,0.0,60.0,60.0,60.0,120.0,0.0,0.0,60.0,60.0
4.96,64.0,180.0,0.0,120.0,180.0,60.0,0.0,60.0,60.0,0.0,0.0,0.0,180.0,120.0,0.0,120.0,60.0,0.0,0.0,0.0,120.0,240.0,0.0,60.0,60.0,60.0,120.0,0.0,0.0,60.0,60.0
4.97,62.0,180.0,0.0,120.0,180.0,60.0,0.0,60.0,60.0,0.0,0.0,0.0,180.0,120.0,0.0,120.0,60.0,0.0,0.0,0.0,120.0,180.0,0.0,60.0,60.0,60.0,120.0,0.0,0.0,60.0,60.0
4.98,64.0,180.0,0.0,120.0,180.0,60.0,60.0,60.0,60.0,0.0,0.0,0.0,120.0,180.0,0.0,120.0,60.0,0.0,0.0,0.0,120.0,180.0,0.0,60.0,60.0,60.0,120.0,0.0,0.0,60.0,60.0
4.99,62.0,180.0,0.0,120.0,180.0,60.0,60.0,60.0,60.0,0.0,0.0,0.0,120.0,120.0,0.0,120.0,60.0,0.0,0.0,0.0,120.0,180.0,0.0,60.0,60.0,60.0,120.0,0.0,0.0,60.0,60.0
5.0,62.0,120.0,0.0,120.0,180.0,60.0,60.0,60.0,60.0,120.0,0.0,0.0,120.0,120.0,0.0,60.0,60.0,0.0,0.0,0.0,120.0,180.0,0.0,60.0,60.0,60.0,120.0,0.0,0.0,60.0,60.0
5.01,70.0,120.0,0.0,120.0,180.0,60.0,60.0,120.0,60.0,120.0,0.0,0.0,120.0,120.0,0.0,60.0,60.0,0.0,0.0,60.0,180.0,180.0,0.0,60.0,120.0,60.0,120.0,0.0,0.0,60.0,60.0
5.0200000000000005,72.0,120.0,0.0,120.0,180.0,0.0,60.0,120.0,120.0,120.0,0.0,0.0,120.0,120.0,0.0,60.0,60.0,0.0,0.0,60.0,180.0,180.0,60.0,60.0,120.0,60.0,120.0,0.0,0.0,60.0,60.0
5.03,80.0,120.0,0.0,120.0,180.0,60.0,60.0,120.0,120.0,120.0,0.0,0.0,180.0,120.0,0.0,60.0,60.0,0.0,0.0,60.0,180.0,180.0,60.0,120.0,120.0,120.0,60.0,60.0,0.0,60.0,60.0
5.04,84.0,120.0,0.0,120.0,240.0,60.0,60.0,120.0,120.0,120.0,0.0,0.0,180.0,120.0,0.0,60.0,60.0,0.0,60.0,60.0,180.0,180.0,60.0,120.0,120.0,120.0,60.0,60.0,0.0,60.0,60.0
5.05,84.0,120.0,0.0,120.0,240.0,60.0,60.0,180.0,120.0,120.0,0.0,0.0,180.0,120.0,0.0,60.0,60.0,0.0,60.0,60.0,180.0,120.0,60.0,120.0,120.0,120.0,60.0,60.0,0.0,60.0,60.0
5.0600000000000005,86.0,120.0,60.0,120.0,240.0,60.0,60.0,120.0,120.0,120.0,0.0,0.0,180.0,120.0,0.0,60.0,60.0,0.0,60.0,120.0,180.0,120.0,60.0,120.0,120.0,120.0,60.0,60.0,0.0,60.0,60.0
5.07,82.0,120.0,60.0,120.0,240.0,60.0,60.0,120.0,60.0,120.0,0.0,0.0,180.0,120.0,0.0,60.0,60.0,0.0,60.0,120.0,180.0,120.0,60.0,120.0,120.0,120.0,60.0,60.0,0.0,0.0,60.0
5.08,84.0,120.0,60.0,180.0,240.0,60.0,60.0,180.0,60.0,120.0,0.0,0.0,180.0,120.0,0.0,60.0,60.0,0.0,60.0,120.0,180.0,120.0,60.0,60.0,120.0,120.0,60.0,60.0,0.0,0.0,60.0
5.09,88.0,120.0,60.0,180.0,240.0,60.0,60.0,180.0,60.0,120.0,0.0,0.0,180.0,180.0,0.0,60.0,60.0,0.0,60.0,120.0,240.0,120.0,60.0,60.0,120.0,120.0,60.0,60.0,0.0,0.0,60.0
5.1000000000000005,90.0,120.0,60.0,180.0,180.0,60.0,60.0,240.0,60.0,120.0,0.0,0.0,60.0,180.0,0.0,60.0,60.0,0.0,60.0,120.0,240.0,60.0,120.0,60.0,120.0,120.0,60.0,120.0,0.0,120.0,60.0
5.11,88.0,60.0,60.0,180.0,180.0,60.0,60.0,240.0,60.0,180.0,0.0,0.0,60.0,180.0,0.0,120.0,0.0,0.0,60.0,120.0,180.0,60.0,120.0,60.0,120.0,120.0,60.0,120.0,0.0,120.0,60.0
5.12,98.0,60.0,120.0,180.0,180.0,60.0,60.0,240.0,60.0,180.0,60.0,0.0,60.0,180.0,0.0,120.0,0.0,0.0,60.0,180.0,180.0,60.0,120.0,60.0,120.0,120.0,120.0,120.0,0.0,120.0,120.0
5.13,98.0,60.0,120.0,180.0,120.0,60.0,60.0,240.0,60.0,180.0,60.0,0.0,60.0,180.0,0.0,120.0,0.0,0.0,60.0,180.0,180.0,60.0,120.0,60.0,120.0,120.0,180.0,120.0,0.0,120.0,120.0
5.14,104.0,120.0,120.0,180.0,180.0,60.0,60.0,240.0,0.0,180.0,60.0,0.0,60.0,180.0,0.0,120.0,0.0,60.0,60.0,180.0,180.0,60.0,120.0,60.0,120.0,120.0,180.0,180.0,0.0,120.0,120.0
5.15,96.0,120.0,60.0,180.0,180.0,60.0,60.0,240.0,0.0,180.0,60.0,0.0,60.0,180.0,0.0,120.0,0.0,60.0,60.0,180.0,180.0,60.0,120.0,60.0,60.0,60.0,180.0,180.0,0.0,120.0,60.0
5.16,96.0,120.0,60.0,180.0,180.0,60.0,60.0,240.0,0.0,180.0,60.0,0.0,60.0,180.0,0.0,120.0,0.0,60.0,60.0,180.0,120.0,60.0,120.0,60.0,120.0,60.0,180.0,180.0,0.0,120.0,60.0
5.17,96.0,120.0,60.0,180.0,180.0,60.0,60.0,240.0,60.0,180.0,60.0,0.0,60.0,180.0,0.0,120.0,0.0,60.0,60.0,180.0,120.0,60.0,120.0,60.0,120.0,60.0,120.0,180.0,0.0,120.0,60.0
5.18,100.0,180.0,60.0,180.0,180.0,120.0,60.0,240.0,60.0,180.0,60.0,0.0,60.0,180.0,0.0,120.0,0.0,60.0,0.0,180.0,120.0,60.0,120.0,60.0,120.0,120.0,120.0,180.0,0.0,120.0,60.0
5.19,94.0,180.0,0.0,180.0,180.0,120.0,60.0,240.0,60.0,180.0,60.0,0.0,60.0,120.0,0.0,120.0,0.0,60.0,0.0,180.0,120.0,0.0,120.0,60.0,120.0,120.0,120.0,180.0,0.0,120.0,60.0
5.2,98.0,240.0,0.0,120.0,180.0,180.0,60.0,240.0,60.0,120.0,60.0,0.0,60.0,120.0,0.0,120.0,0.0,60.0,60.0,120.0,180.0,0.0,60.0,60.0,120.0,120.0,120.0,240.0,0.0,180.0,60.0
5.21,102.0,180.0,0.0,120.0,240.0,180.0,60.0,240.0,60.0,60.0,60.0,0.0,120.0,120.0,0.0,120.0,0.0,60.0,120.0,120.0,180.0,0.0,60.0,60.0,120.0,180.0,120.0,240.0,0.0,180.0,60.0
5.22,100.0,180.0,0.0,120.0,240.0,180.0,60.0,240.0,60.0,0.0,60.0,0.0,120.0,120.0,0.0,120.0,0.0,60.0,120.0,120.0,180.0,0.0,60.0,60.0,120.0,180.0,120.0,240.0,0.0,180.0,60.0
5.23,110.0,180.0,60.0,120.0,240.0,180.0,60.0,240.0,60.0,0.0,60.0,0.0,120.0,120.0,0.0,120.0,0.0,60.0,120.0,120.0,180.0,0.0,60.0,180.0,120.0,180.0,120.0,360.0,0.0,180.0,60.0
5.24,110.0,180.0,60.0,120.0,240.0,180.0,60.0,240.0,60.0,0.0,60.0,0.0,120.0,120.0,0.0,120.0,0.0,60.0,120.0,120.0,180.0,0.0,60.0,180.0,120.0,180.0,120.0,360.0,0.0,180.0,60.0
5.25,114.0,180.0,60.0,120.0,240.0,180.0,60.0,240.0,120.0,0.0,60.0,0.0,120.0,120.0,0.0,120.0,0.0,60.0,120.0,120.0,240.0,0.0,60.0,180.0,120.0,180.0,120.0,360.0,0.0,180.0,60.0
5.26,118.0,180.0,60.0,120.0,240.0,180.0,60.0,240.0,120.0,0.0,60.0,0.0,120.0,120.0,0.0,120.0,0.0,60.0,180.0,120.0,240.0,0.0,60.0,180.0,120.0,180.0,60.0,420.0,0.0,180.0,120.0
5.2700000000000005,122.0,180.0,60.0,120.0,300.0,180.0,0.0,240.0,120.0,0.0,60.0,0.0,120.0,120.0,0.0,120.0,0.0,60.0,180.0,120.0,240.0,0.0,60.0,180.0,120.0,180.0,120.0,420.0,60.0,180.0,120.0
5.28,122.0,180.0,60.0,60.0,300.0,180.0,0.0,240.0,120.0,0.0,60.0,0.0,120.0,120.0,60.0,120.0,0.0,60.0,180.0,120.0,180.0,0.0,60.0,180.0,120.0,180.0,120.0,420.0,120.0,180.0,120.0
5.29,122.0,180.0,60.0,60.0,300.0,180.0,60.0,240.0,120.0,0.0,120.0,0.0,120.0,60.0,60.0,60.0,0.0,60.0,180.0,120.0,180.0,0.0,60.0,180.0,120.0,180.0,120.0,420.0,120.0,180.0,120.0
5.3,124.0,180.0,60.0,60.0,300.0,180.0,60.0,180.0,120.0,0.0,120.0,0.0,120.0,60.0,60.0,60.0,0.0,60.0,180.0,240.0,180.0,0.0,60.0,180.0,120.0,180.0,180.0,360.0,120.0,180.0,120.0
5.3100000000000005,124.0,180.0,60.0,60.0,240.0,180.0,60.0,180.0,120.0,0.0,120.0,0.0,120.0,60.0,60.0,60.0,0.0,60.0,180.0,240.0,180.0,0.0,60.0,180.0,120.0,180.0,240.0,360.0,120.0,180.0,120.0
5.32,128.0,240.0,60.0,60.0,240.0,180.0,60.0,180.0,120.0,0.0,120.0,0.0,120.0,60.0,60.0,60.0,0.0,60.0,180.0,240.0,180.0,0.0,60.0,180.0,120.0,180.0,240.0,420.0,120.0,180.0,120.0
5.33,122.0,240.0,60.0,60.0,180.0,60.0,60.0,180.0,120.0,0.0,120.0,0.0,120.0,60.0,60.0,60.0,0.0,60.0,180.0,240.0,180.0,0.0,60.0,180.0,120.0,180.0,240.0,420.0,120.0,180.0,120.0
5.34,126.0,240.0,60.0,120.0,180.0,60.0,60.0,180.0,120.0,0.0,120.0,0.0,180.0,60.0,60.0,60.0,60.0,60.0,180.0,240.0,180.0,0.0,60.0,120.0,60.0,180.0,240.0,420.0,180.0,180.0,120.0
5.3500000000000005,124.0,240.0,60.0,60.0,180.0,60.0,60.0,180.0,120.0,0.0,120.0,0.0,180.0,60.0,120.0,120.0,60.0,60.0,180.0,180.0,180.0,0.0,60.0,120.0,60.0,120.0,240.0,420.0,180.0,180.0,120.0
5.36,126.0,240.0,60.0,60.0,180.0,0.0,60.0,180.0,180.0,0.0,120.0,0.0,180.0,60.0,120.0,120.0,60.0,60.0,180.0,180.0,180.0,0.0,120.0,120.0,60.0,180.0,240.0,420.0,180.0,120.0,120.0
5.37,134.0,300.0,60.0,60.0,180.0,0.0,60.0,240.0,180.0,0.0,120.0,0.0,180.0,120.0,120.0,120.0,60.0,60.0,180.0,180.0,180.0,0.0,120.0,120.0,60.0,240.0,240.0,420.0,180.0,120.0,120.0
5.38,134.0,300.0,60.0,60.0,180.0,0.0,60.0,240.0,180.0,0.0,120.0,0.0,240.0,120.0,120.0,120.0,60.0,60.0,180.0,180.0,180.0,0.0,120.0,120.0,60.0,240.0,240.0,420.0,180.0,60.0,120.0
5.39,138.0,240.0,60.0,60.0,120.0,0.0,120.0,300.0,240.0,0.0,120.0,0.0,180.0,120.0,120.0,120.0,60.0,60.0,180.0,180.0,180.0,0.0,120.0,120.0,60.0,240.0,240.0,420.0,180.0,60.0,240.0
5.4,142.0,240.0,60.0,60.0,120.0,0.0,120.0,300.0,240.0,0.0,120.0,0.0,180.0,120.0,120.0,120.0,60.0,60.0,180.0,240.0,240.0,0.0,120.0,120.0,60.0,240.0,240.0,420.0,180.0,60.0,240.0
5.41,142.0,240.0,60.0,60.0,60.0,0.0,120.0,300.0,240.0,0.0,120.0,0.0,180.0,120.0,120.0,120.0,60.0,60.0,180.0,240.0,300.0,0.0,120.0,120.0,60.0,240.0,240.0,420.0,180.0,60.0,240.0
5.42,138.0,240.0,120.0,60.0,60.0,0.0,120.0,300.0,240.0,0.0,120.0,0.0,180.0,120.0,120.0,120.0,60.0,0.0,180.0,180.0,300.0,0.0,120.0,120.0,60.0,240.0,180.0,420.0,180.0,60.0,240.0
5.43,142.0,240.0,180.0,60.0,60.0,0.0,120.0,240.0,240.0,0.0,120.0,0.0,180.0,120.0,120.0,60.0,60.0,0.0,180.0,180.0,360.0,60.0,120.0,120.0,60.0,240.0,180.0,360.0,240.0,60.0,300.0
5.44,140.0,240.0,180.0,60.0,60.0,0.0,180.0,240.0,240.0,0.0,120.0,0.0,180.0,0.0,120.0,60.0,60.0,0.0,120.0,180.0,360.0,60.0,120.0,180.0,60.0,240.0,180.0,360.0,240.0,60.0,300.0
5.45,144.0,240.0,180.0,60.0,60.0,0.0,180.0,240.0,240.0,0.0,120.0,0.0,180.0,0.0,120.0,60.0,120.0,0.0,120.0,180.0,300.0,60.0,120.0,240.0,60.0,240.0,180.0,420.0,240.0,60.0,300.0
5.46,138.0,240.0,180.0,60.0,60.0,0.0,180.0,240.0,240.0,0.0,60.0,0.0,180.0,0.0,120.0,60.0,120.0,0.0,120.0,180.0,300.0,60.0,120.0,240.0,60.0,240.0,180.0,300.0,240.0,60.0,300.0
5.47,134.0,240.0,180.0,60.0,60.0,0.0,180.0,240.0,180.0,0.0,60.0,0.0,120.0,0.0,120.0,60.0,180.0,0.0,60.0,180.0,300.0,60.0,120.0,240.0,60.0,240.0,180.0,300.0,240.0,60.0,300.0
5.48,142.0,240.0,240.0,60.0,60.0,0.0,180.0,240.0,180.0,0.0,60.0,0.0,120.0,0.0,120.0,60.0,180.0,0.0,180.0,180.0,300.0,60.0,180.0,240.0,60.0,300.0,180.0,300.0,240.0,60.0,240.0
5.49,138.0,240.0,240.0,60.0,120.0,0.0,180.0,240.0,180.0,0.0,60.0,0.0,120.0,0.0,120.0,60.0,180.0,0.0,180.0,180.0,300.0,60.0,180.0,180.0,0.0,300.0,180.0,240.0,240.0,60.0,240.0
5.5,138.0,240.0,240.0,60.0,120.0,0.0,180.0,240.0,180.0,0.0,60.0,0.0,180.0,0.0,120.0,60.0,180.0,0.0,180.0,180.0,300.0,60.0,120.0,180.0,0.0,360.0,180.0,240.0,180.0,60.0,240.0
5.51,134.0,180.0,240.0,60.0,120.0,0.0,120.0,180.0,180.0,0.0,60.0,0.0,180.0,0.0,120.0,60.0,180.0,0.0,240.0,180.0,300.0,60.0,120.0,180.0,0.0,360.0,120.0,240.0,240.0,60.0,240.0
5.5200000000000005,140.0,180.0,240.0,60.0,120.0,0.0,180.0,180.0,180.0,0.0,60.0,0.0,180.0,0.0,120.0,60.0,180.0,0.0,300.0,180.0,300.0,60.0,120.0,240.0,0.0,360.0,120.0,240.0,240.0,60.0,240.0
5.53,138.0,120.0,240.0,60.0,120.0,0.0,180.0,180.0,180.0,0.0,60.0,0.0,240.0,0.0,120.0,60.0,180.0,0.0,300.0,120.0,300.0,60.0,120.0,240.0,0.0,360.0,120.0,240.0,240.0,60.0,240.0
5.54,136.0,120.0,240.0,60.0,120.0,0.0,180.0,180.0,180.0,0.0,60.0,0.0,240.0,0.0,60.0,60.0,180.0,0.0,300.0,120.0,300.0,120.0,120.0,180.0,0.0,360.0,120.0,240.0,240.0,60.0,240.0
5.55,134.0,120.0,240.0,60.0,120.0,0.0,180.0,180.0,180.0,0.0,60.0,0.0,180.0,0.0,60.0,60.0,120.0,0.0,360.0,120.0,300.0,120.0,120.0,180.0,0.0,300.0,120.0,240.0,240.0,60.0,300.0
5.5600000000000005,134.0,120.0,240.0,60.0,120.0,0.0,180.0,180.0,180.0,0.0,0.0,0.0,240.0,0.0,60.0,60.0,120.0,0.0,360.0,120.0,300.0,120.0,120.0,180.0,0.0,300.0,180.0,180.0,240.0,60.0,300.0
5.57,138.0,120.0,180.0,60.0,120.0,0.0,180.0,180.0,180.0,0.0,0.0,0.0,240.0,0.0,60.0,120.0,120.0,0.0,360.0,180.0,300.0,120.0,120.0,180.0,0.0,300.0,240.0,240.0,180.0,60.0,300.0
5.58,134.0,120.0,180.0,60.0,60.0,0.0,120.0,180.0,180.0,0.0,0.0,0.0,300.0,0.0,60.0,120.0,120.0,0.0,360.0,180.0,300.0,120.0,120.0,180.0,0.0,300.0,240.0,240.0,120.0,60.0,300.0
5.59,140.0,120.0,180.0,60.0,60.0,60.0,120.0,240.0,180.0,60.0,0.0,0.0,360.0,0.0,60.0,120.0,120.0,0.0,300.0,180.0,300.0,120.0,120.0,180.0,0.0,300.0,240.0,240.0,120.0,60.0,300.0
5.6000000000000005,142.0,120.0,180.0,60.0,60.0,60.0,120.0,240.0,120.0,120.0,0.0,0.0,420.0,0.0,60.0,60.0,120.0,0.0,300.0,180.0,300.0,120.0,120.0,240.0,0.0,300.0,240.0,240.0,120.0,60.0,300.0
5.61,136.0,120.0,120.0,60.0,60.0,60.0,120.0,240.0,60.0,120.0,0.0,0.0,420.0,0.0,120.0,60.0,120.0,0.0,300.0,120.0,300.0,120.0,120.0,240.0,0.0,300.0,180.0,240.0,120.0,120.0,240.0
5.62,130.0,120.0,120.0,60.0,0.0,60.0,120.0,180.0,60.0,120.0,0.0,0.0,420.0,0.0,120.0,60.0,120.0,0.0,300.0,120.0,300.0,120.0,60.0,240.0,0.0,300.0,180.0,240.0,120.0,120.0,240.0
5.63,134.0,180.0,120.0,60.0,0.0,60.0,120.0,240.0,60.0,120.0,0.0,0.0,420.0,0.0,60.0,60.0,120.0,0.0,360.0,120.0,300.0,120.0,60.0,240.0,0.0,300.0,180.0,240.0,120.0,120.0,240.0
5.64,128.0,180.0,120.0,60.0,0.0,60.0,120.0,240.0,0.0,120.0,0.0,0.0,480.0,0.0,60.0,60.0,120.0,0.0,300.0,120.0,300.0,120.0,60.0,240.0,0.0,180.0,180.0,240.0,120.0,120.0,240.0
5.65,132.0,180.0,120.0,60.0,0.0,60.0,180.0,240.0,0.0,120.0,0.0,0.0,480.0,0.0,60.0,60.0,120.0,0.0,300.0,120.0,240.0,120.0,60.0,240.0,60.0,180.0,180.0,300.0,120.0,120.0,240.0
5.66,132.0,180.0,120.0,60.0,0.0,60.0,180.0,240.0,0.0,120.0,0.0,60.0,420.0,60.0,60.0,60.0,120.0,0.0,240.0,120.0,240.0,120.0,60.0,240.0,60.0,180.0,180.0,300.0,120.0,120.0,240.0
5.67,132.0,180.0,120.0,60.0,0.0,120.0,180.0,300.0,0.0,120.0,0.0,60.0,420.0,60.0,60.0,60.0,120.0,0.0,240.0,120.0,240.0,120.0,60.0,240.0,60.0,180.0,180.0,300.0,120.0,60.0,180.0
5.68,126.0,120.0,120.0,60.0,0.0,120.0,180.0,300.0,0.0,120.0,0.0,60.0,420.0,60.0,60.0,60.0,60.0,0.0,240.0,120.0,180.0,120.0,60.0,180.0,60.0,180.0,180.0,300.0,120.0,120.0,180.0
5.69,126.0,180.0,180.0,60.0,0.0,120.0,180.0,240.0,0.0,120.0,0.0,60.0,420.0,60.0,60.0,60.0,60.0,0.0,240.0,120.0,180.0,120.0,0.0,180.0,120.0,180.0,180.0,240.0,120.0,120.0,180.0
5.7,126.0,180.0,120.0,60.0,0.0,180.0,180.0,240.0,0.0,120.0,0.0,60.0,420.0,60.0,60.0,60.0,60.0,0.0,300.0,120.0,180.0,120.0,60.0,180.0,120.0,120.0,180.0,240.0,60.0,120.0,180.0
5.71,132.0,180.0,60.0,60.0,0.0,240.0,180.0,240.0,0.0,120.0,0.0,60.0,420.0,120.0,60.0,60.0,60.0,60.0,300.0,180.0,180.0,120.0,60.0,120.0,120.0,120.0,180.0,240.0,60.0,120.0,240.0
5.72,134.0,180.0,60.0,60.0,60.0,180.0,180.0,240.0,0.0,120.0,0.0,60.0,420.0,120.0,60.0,60.0,120.0,60.0,300.0,180.0,180.0,120.0,60.0,120.0,120.0,120.0,180.0,300.0,0.0,120.0,240.0
5.73,140.0,240.0,60.0,60.0,60.0,180.0,180.0,240.0,0.0,120.0,0.0,60.0,360.0,120.0,60.0,60.0,120.0,60.0,300.0,180.0,180.0,120.0,60.0,120.0,120.0,240.0,180.0,300.0,60.0,120.0,240.0
5.74,142.0,240.0,60.0,60.0,60.0,180.0,180.0,240.0,0.0,180.0,0.0,60.0,360.0,120.0,60.0,120.0,120.0,60.0,300.0,180.0,180.0,120.0,60.0,120.0,120.0,240.0,120.0,300.0,60.0,180.0,180.0
5.75,142.0,240.0,60.0,60.0,60.0,180.0,180.0,180.0,0.0,180.0,0.0,60.0,360.0,120.0,60.0,120.0,120.0,120.0,300.0,240.0,120.0,120.0,60.0,120.0,120.0,240.0,120.0,300.0,60.0,180.0,180.0
5.76,150.0,240.0,120.0,60.0,60.0,180.0,180.0,180.0,0.0,180.0,0.0,60.0,360.0,120.0,120.0,180.0,120.0,120.0,300.0,240.0,120.0,120.0,60.0,120.0,120.0,240.0,120.0,300.0,120.0,180.0,180.0
5.7700000000000005,150.0,240.0,120.0,60.0,60.0,180.0,180.0,180.0,0.0,120.0,0.0,60.0,360.0,120.0,120.0,180.0,120.0,180.0,300.0,240.0,120.0,120.0,60.0,120.0,120.0,240.0,120.0,300.0,120.0,180.0,180.0
5.78,152.0,240.0,120.0,60.0,120.0,180.0,180.0,180.0,0.0,60.0,0.0,60.0,300.0,120.0,120.0,180.0,120.0,180.0,300.0,240.0,120.0,120.0,120.0,120.0,180.0,240.0,120.0,300.0,120.0,180.0,180.0
5.79,150.0,240.0,120.0,60.0,120.0,180.0,180.0,180.0,60.0,60.0,0.0,60.0,300.0,120.0,120.0,180.0,60.0,180.0,300.0,240.0,120.0,120.0,120.0,120.0,180.0,240.0,120.0,240.0,120.0,180.0,180.0
5.8,156.0,240.0,180.0,60.0,120.0,180.0,180.0,180.0,120.0,60.0,0.0,60.0,300.0,180.0,120.0,180.0,60.0,180.0,300.0,300.0,60.0,120.0,120.0,120.0,180.0,240.0,60.0,240.0,120.0,240.0,180.0
5.8100000000000005,154.0,240.0,180.0,60.0,120.0,180.0,180.0,240.0,120.0,60.0,0.0,120.0,300.0,180.0,120.0,180.0,60.0,180.0,240.0,300.0,120.0,120.0,120.0,60.0,120.0,180.0,60.0,240.0,120.0,240.0,180.0
5.82,164.0,240.0,240.0,60.0,120.0,180.0,180.0,240.0,120.0,60.0,60.0,120.0,300.0,180.0,120.0,180.0,60.0,180.0,240.0,360.0,120.0,120.0,120.0,180.0,120.0,180.0,60.0,240.0,120.0,240.0,180.0
5.83,176.0,240.0,240.0,60.0,120.0,180.0,180.0,240.0,180.0,60.0,60.0,120.0,300.0,180.0,120.0,180.0,120.0,180.0,240.0,360.0,120.0,180.0,180.0,180.0,120.0,180.0,60.0,240.0,180.0,240.0,240.0
5.84,172.0,240.0,240.0,0.0,120.0,180.0,120.0,240.0,180.0,60.0,60.0,120.0,300.0,180.0,120.0,180.0,120.0,120.0,240.0,360.0,180.0,180.0,180.0,180.0,120.0,180.0,60.0,240.0,180.0,240.0,240.0
5.8500000000000005,172.0,180.0,180.0,0.0,120.0,180.0,120.0,240.0,180.0,60.0,60.0,120.0,300.0,180.0,120.0,180.0,120.0,120.0,240.0,360.0,180.0,180.0,240.0,240.0,120.0,180.0,60.0,240.0,240.0,180.0,240.0
5.86,174.0,180.0,180.0,0.0,120.0,240.0,120.0,240.0,180.0,60.0,60.0,120.0,300.0,180.0,120.0,240.0,120.0,180.0,180.0,300.0,180.0,180.0,240.0,240.0,120.0,180.0,60.0,240.0,240.0,180.0,240.0
5.87,174.0,180.0,180.0,0.0,120.0,240.0,120.0,240.0,240.0,60.0,60.0,120.0,300.0,180.0,120.0,180.0,180.0,180.0,180.0,300.0,180.0,180.0,240.0,180.0,120.0,180.0,60.0,240.0,240.0,180.0,240.0
5.88,172.0,180.0,180.0,0.0,120.0,240.0,120.0,180.0,240.0,60.0,60.0,120.0,300.0,240.0,120.0,180.0,180.0,180.0,180.0,300.0,180.0,180.0,240.0,180.0,120.0,240.0,60.0,240.0,240.0,60.0,240.0
5.89,174.0,240.0,180.0,60.0,120.0,240.0,120.0,180.0,240.0,0.0,60.0,120.0,240.0,240.0,120.0,180.0,180.0,180.0,180.0,300.0,180.0,180.0,240.0,180.0,120.0,240.0,60.0,240.0,240.0,120.0,240.0
5.9,176.0,180.0,240.0,60.0,120.0,240.0,120.0,180.0,240.0,0.0,60.0,120.0,240.0,240.0,180.0,180.0,180.0,180.0,120.0,300.0,180.0,180.0,240.0,180.0,120.0,300.0,60.0,240.0,240.0,120.0,240.0
5.91,172.0,120.0,300.0,60.0,120.0,240.0,120.0,180.0,240.0,0.0,60.0,60.0,240.0,240.0,240.0,180.0,180.0,180.0,120.0,300.0,180.0,180.0,240.0,180.0,60.0,300.0,60.0,240.0,240.0,60.0,240.0
5.92,184.0,120.0,300.0,60.0,120.0,180.0,180.0,180.0,360.0,0.0,60.0,60.0,240.0,300.0,180.0,180.0,180.0,180.0,120.0,300.0,180.0,240.0,240.0,180.0,60.0,300.0,120.0,360.0,240.0,60.0,240.0
5.93,182.0,120.0,300.0,60.0,120.0,180.0,180.0,180.0,360.0,0.0,120.0,60.0,180.0,300.0,180.0,180.0,120.0,180.0,120.0,300.0,180.0,300.0,240.0,180.0,0.0,300.0,120.0,360.0,240.0,60.0,240.0
5.94,178.0,120.0,300.0,60.0,120.0,180.0,120.0,180.0,360.0,0.0,120.0,0.0,180.0,300.0,240.0,180.0,120.0,180.0,120.0,300.0,180.0,300.0,240.0,180.0,0.0,300.0,120.0,360.0,180.0,60.0,240.0
5.95,178.0,120.0,300.0,60.0,240.0,180.0,120.0,180.0,360.0,0.0,180.0,0.0,180.0,300.0,240.0,180.0,120.0,120.0,120.0,240.0,180.0,300.0,240.0,180.0,0.0,300.0,120.0,300.0,180.0,60.0,240.0
5.96,180.0,120.0,300.0,60.0,240.0,180.0,120.0,180.0,360.0,0.0,180.0,60.0,180.0,300.0,240.0,180.0,60.0,120.0,180.0,240.0,180.0,240.0,180.0,180.0,60.0,360.0,120.0,300.0,180.0,60.0,240.0
5.97,178.0,180.0,300.0,60.0,240.0,180.0,120.0,180.0,360.0,0.0,120.0,60.0,180.0,240.0,240.0,180.0,60.0,120.0,240.0,240.0,180.0,180.0,180.0,180.0,120.0,360.0,120.0,240.0,180.0,60.0,240.0
5.98,180.0,180.0,300.0,60.0,240.0,180.0,120.0,180.0,420.0,0.0,120.0,60.0,180.0,240.0,240.0,120.0,60.0,120.0,240.0,180.0,180.0,180.0,180.0,180.0,120.0,360.0,240.0,240.0,180.0,60.0,240.0
5.99,176.0,180.0,300.0,60.0,240.0,180.0,120.0,180.0,360.0,0.0,120.0,60.0,120.0,240.0,180.0,120.0,0.0,120.0,240.0,180.0,240.0,180.0,240.0,180.0,120.0,360.0,240.0,240.0,180.0,60.0,240.0
6.0,170.0,120.0,300.0,60.0,300.0,180.0,120.0,120.0,360.0,0.0,120.0,60.0,120.0,240.0,180.0,120.0,0.0,120.0,180.0,180.0,180.0,180.0,180.0,180.0,180.0,360.0,240.0,240.0,180.0,60.0,240.0
6.01,164.0,120.0,300.0,60.0,300.0,180.0,120.0,120.0,360.0,60.0,120.0,60.0,120.0,300.0,180.0,120.0,0.0,120.0,180.0,180.0,180.0,180.0,120.0,180.0,180.0,240.0,240.0,120.0,180.0,60.0,240.0
6.0200000000000005,164.0,120.0,300.0,60.0,300.0,180.0,120.0,120.0,360.0,60.0,120.0,60.0,60.0,300.0,240.0,120.0,0.0,120.0,120.0,180.0,240.0,240.0,120.0,180.0,180.0,240.0,240.0,60.0,180.0,60.0,240.0
6.03,174.0,120.0,360.0,60.0,300.0,180.0,120.0,120.0,360.0,60.0,120.0,60.0,60.0,300.0,300.0,120.0,0.0,120.0,120.0,240.0,240.0,240.0,180.0,240.0,180.0,240.0,240.0,60.0,180.0,60.0,240.0
6.04,184.0,120.0,420.0,120.0,240.0,180.0,180.0,120.0,300.0,60.0,120.0,60.0,120.0,300.0,240.0,120.0,0.0,120.0,180.0,240.0,240.0,240.0,180.0,240.0,240.0,240.0,240.0,180.0,180.0,60.0,240.0
6.05,180.0,120.0,360.0,120.0,240.0,120.0,180.0,180.0,300.0,120.0,120.0,60.0,120.0,240.0,240.0,120.0,0.0,120.0,180.0,240.0,240.0,180.0,180.0,240.0,240.0,240.0,240.0,180.0,180.0,60.0,240.0
6.0600000000000005,178.0,120.0,360.0,120.0,180.0,120.0,180.0,180.0,300.0,120.0,120.0,60.0,120.0,240.0,240.0,180.0,0.0,120.0,180.0,300.0,240.0,240.0,180.0,180.0,240.0,180.0,240.0,180.0,180.0,60.0,180.0
6.07,182.0,120.0,360.0,60.0,180.0,120.0,180.0,240.0,300.0,120.0,120.0,60.0,120.0,240.0,240.0,180.0,60.0,120.0,240.0,300.0,240.0,240.0,180.0,120.0,240.0,180.0,240.0,180.0,180.0,120.0,180.0
6.08,186.0,120.0,420.0,60.0,180.0,120.0,180.0,240.0,300.0,120.0,120.0,60.0,120.0,300.0,300.0,180.0,60.0,120.0,240.0,240.0,240.0,240.0,180.0,120.0,240.0,240.0,180.0,180.0,180.0,120.0,180.0
6.09,194.0,120.0,420.0,60.0,180.0,180.0,180.0,240.0,300.0,120.0,120.0,60.0,180.0,300.0,300.0,240.0,60.0,120.0,300.0,240.0,240.0,240.0,180.0,120.0,180.0,240.0,180.0,180.0,180.0,120.0,240.0
6.1000000000000005,184.0,120.0,420.0,120.0,120.0,180.0,180.0,240.0,300.0,120.0,120.0,60.0,180.0,240.0,180.0,240.0,120.0,120.0,240.0,240.0,240.0,240.0,180.0,60.0,240.0,240.0,120.0,180.0,120.0,120.0,240.0
6.11,192.0,120.0,420.0,120.0,120.0,240.0,180.0,240.0,240.0,180.0,120.0,60.0,240.0,240.0,180.0,240.0,120.0,120.0,240.0,300.0,240.0,240.0,240.0,60.0,240.0,180.0,120.0,240.0,120.0,120.0,240.0
6.12,196.0,180.0,420.0,120.0,180.0,240.0,180.0,240.0,240.0,180.0,120.0,120.0,360.0,240.0,180.0,180.0,120.0,180.0,180.0,300.0,240.0,240.0,240.0,60.0,240.0,180.0,120.0,180.0,120.0,120.0,180.0
6.13,202.0,180.0,420.0,120.0,180.0,240.0,180.0,180.0,240.0,240.0,120.0,240.0,360.0,240.0,180.0,180.0,120.0,180.0,180.0,240.0,180.0,240.0,240.0,120.0,240.0,180.0,180.0,180.0,120.0,120.0,240.0
6.140000000000001,206.0,180.0,420.0,180.0,180.0,240.0,120.0,120.0,240.0,240.0,180.0,300.0,360.0,240.0,180.0,180.0,120.0,120.0,180.0,240.0,120.0,240.0,300.0,120.0,240.0,180.0,240.0,240.0,60.0,180.0,240.0
6.15,206.0,180.0,420.0,180.0,180.0,240.0,120.0,180.0,240.0,240.0,120.0,300.0,300.0,240.0,240.0,180.0,120.0,120.0,180.0,300.0,60.0,240.0,360.0,120.0,240.0,180.0,240.0,180.0,60.0,180.0,240.0
6.16,212.0,180.0,420.0,180.0,180.0,180.0,120.0,180.0,240.0,300.0,120.0,300.0,300.0,240.0,240.0,180.0,120.0,180.0,180.0,300.0,180.0,240.0,360.0,120.0,240.0,180.0,240.0,180.0,60.0,180.0,240.0
6.17,228.0,180.0,480.0,180.0,180.0,180.0,180.0,180.0,240.0,360.0,120.0,300.0,360.0,300.0,240.0,180.0,120.0,180.0,180.0,300.0,180.0,360.0,360.0,240.0,240.0,180.0,240.0,180.0,0.0,180.0,240.0
6.18,228.0,180.0,480.0,180.0,180.0,180.0,180.0,180.0,240.0,360.0,180.0,300.0,360.0,300.0,240.0,120.0,120.0,180.0,180.0,300.0,180.0,360.0,360.0,240.0,240.0,180.0,240.0,180.0,0.0,180.0,240.0
6.19,240.0,180.0,480.0,180.0,180.0,180.0,180.0,180.0,240.0,360.0,180.0,300.0,360.0,420.0,240.0,120.0,120.0,240.0,180.0,360.0,180.0,360.0,360.0,240.0,240.0,180.0,240.0,180.0,60.0,240.0,240.0
6.2,246.0,180.0,480.0,180.0,180.0,120.0,240.0,180.0,240.0,360.0,180.0,300.0,360.0,420.0,240.0,120.0,60.0,240.0,240.0,360.0,180.0,360.0,300.0,240.0,240.0,300.0,300.0,180.0,120.0,180.0,300.0
6.21,248.0,180.0,480.0,240.0,180.0,120.0,180.0,180.0,240.0,420.0,180.0,300.0,360.0,420.0,300.0,120.0,60.0,240.0,240.0,300.0,180.0,360.0,300.0,240.0,240.0,240.0,300.0,180.0,180.0,180.0,300.0
6.22,246.0,180.0,480.0,180.0,180.0,120.0,300.0,180.0,300.0,420.0,180.0,300.0,360.0,360.0,300.0,120.0,60.0,120.0,240.0,240.0,120.0,360.0,300.0,300.0,240.0,240.0,300.0,180.0,180.0,180.0,360.0
6.23,248.0,180.0,480.0,180.0,180.0,180.0,300.0,180.0,240.0,420.0,180.0,300.0,300.0,300.0,360.0,120.0,120.0,120.0,240.0,300.0,120.0,300.0,300.0,300.0,240.0,300.0,300.0,180.0,180.0,180.0,360.0
6.24,258.0,180.0,480.0,180.0,180.0,180.0,300.0,180.0,240.0,420.0,240.0,300.0,300.0,300.0,420.0,240.0,120.0,120.0,240.0,300.0,120.0,300.0,300.0,300.0,300.0,300.0,300.0,180.0,180.0,180.0,360.0
6.25,272.0,180.0,480.0,180.0,180.0,180.0,300.0,180.0,360.0,480.0,240.0,300.0,360.0,300.0,420.0,240.0,120.0,180.0,240.0,300.0,120.0,300.0,300.0,360.0,300.0,300.0,360.0,180.0,180.0,180.0,360.0
6.26,282.0,180.0,480.0,180.0,180.0,180.0,300.0,180.0,420.0,480.0,240.0,300.0,360.0,300.0,420.0,300.0,180.0,120.0,240.0,300.0,120.0,240.0,300.0,360.0,300.0,300.0,420.0,180.0,240.0,240.0,420.0
6.2700000000000005,284.0,180.0,540.0,180.0,240.0,180.0,300.0,240.0,420.0,480.0,300.0,300.0,360.0,300.0,360.0,300.0,180.0,120.0,240.0,300.0,120.0,240.0,300.0,360.0,300.0,240.0,360.0,180.0,300.0,180.0,420.0
6.28,292.0,180.0,540.0,120.0,240.0,180.0,300.0,240.0,420.0,660.0,360.0,240.0,300.0,300.0,300.0,300.0,180.0,120.0,240.0,420.0,120.0,240.0,360.0,360.0,360.0,240.0,360.0,180.0,300.0,180.0,420.0
6.29,282.0,180.0,480.0,120.0,240.0,180.0,180.0,240.0,420.0,660.0,420.0,240.0,300.0,240.0,240.0,240.0,180.0,120.0,240.0,420.0,120.0,240.0,300.0,360.0,360.0,240.0,420.0,180.0,300.0,180.0,420.0
6.3,278.0,240.0,420.0,120.0,300.0,180.0,180.0,240.0,360.0,660.0,360.0,240.0,240.0,240.0,240.0,240.0,180.0,120.0,240.0,540.0,180.0,240.0,300.0,360.0,360.0,180.0,420.0,180.0,300.0,120.0,360.0
6.3100000000000005,296.0,240.0,420.0,180.0,300.0,120.0,180.0,180.0,360.0,720.0,420.0,240.0,240.0,300.0,240.0,240.0,180.0,120.0,240.0,540.0,240.0,240.0,300.0,480.0,360.0,180.0,420.0,300.0,300.0,120.0,480.0
6.32,302.0,300.0,480.0,180.0,300.0,120.0,180.0,180.0,360.0,660.0,420.0,240.0,240.0,360.0,240.0,240.0,180.0,120.0,300.0,600.0,240.0,240.0,300.0,420.0,360.0,180.0,420.0,300.0,300.0,120.0,480.0
6.33,296.0,300.0,480.0,180.0,240.0,120.0,180.0,180.0,360.0,660.0,420.0,240.0,240.0,360.0,180.0,240.0,180.0,120.0,300.0,600.0,240.0,240.0,360.0,360.0,360.0,180.0,360.0,360.0,240.0,120.0,480.0
6.34,298.0,300.0,540.0,300.0,240.0,60.0,180.0,240.0,420.0,660.0,300.0,240.0,240.0,360.0,180.0,180.0,180.0,120.0,300.0,540.0,240.0,300.0,360.0,360.0,300.0,180.0,360.0,360.0,300.0,120.0,480.0
6.3500000000000005,288.0,300.0,540.0,300.0,240.0,60.0,180.0,240.0,360.0,660.0,240.0,240.0,240.0,360.0,180.0,180.0,240.0,120.0,300.0,480.0,240.0,240.0,300.0,360.0,300.0,180.0,360.0,360.0,240.0,120.0,480.0
6.36,304.0,300.0,540.0,300.0,240.0,60.0,180.0,240.0,360.0,660.0,240.0,240.0,240.0,300.0,180.0,180.0,240.0,180.0,300.0,480.0,360.0,240.0,240.0,480.0,360.0,180.0,300.0,420.0,420.0,120.0,540.0
6.37,304.0,360.0,480.0,300.0,180.0,60.0,180.0,240.0,300.0,600.0,240.0,300.0,180.0,300.0,180.0,180.0,240.0,120.0,300.0,540.0,360.0,240.0,240.0,480.0,360.0,180.0,360.0,480.0,480.0,120.0,540.0
6.38,314.0,420.0,420.0,300.0,180.0,60.0,180.0,240.0,300.0,540.0,300.0,360.0,180.0,300.0,180.0,180.0,300.0,120.0,300.0,540.0,360.0,240.0,240.0,540.0,360.0,180.0,480.0,480.0,480.0,120.0,540.0
6.390000000000001,316.0,420.0,360.0,240.0,180.0,120.0,180.0,300.0,300.0,600.0,300.0,360.0,180.0,300.0,180.0,180.0,300.0,180.0,240.0,540.0,300.0,240.0,240.0,540.0,360.0,180.0,480.0,480.0,480.0,180.0,540.0
6.4,314.0,420.0,360.0,240.0,180.0,120.0,180.0,300.0,300.0,540.0,300.0,360.0,120.0,300.0,180.0,120.0,300.0,180.0,300.0,600.0,300.0,300.0,180.0,600.0,300.0,180.0,480.0,480.0,480.0,180.0,540.0
6.41,324.0,420.0,420.0,240.0,180.0,120.0,180.0,300.0,300.0,540.0,360.0,360.0,120.0,360.0,240.0,120.0,300.0,180.0,300.0,600.0,300.0,300.0,180.0,600.0,240.0,180.0,480.0,540.0,480.0,180.0,600.0
6.42,326.0,420.0,420.0,240.0,180.0,120.0,180.0,300.0,300.0,540.0,360.0,420.0,120.0,420.0,240.0,120.0,420.0,180.0,300.0,600.0,300.0,300.0,180.0,660.0,180.0,180.0,480.0,540.0,420.0,180.0,480.0
6.43,322.0,480.0,420.0,240.0,180.0,120.0,180.0,300.0,300.0,480.0,300.0,480.0,120.0,420.0,180.0,120.0,360.0,180.0,240.0,600.0,300.0,240.0,180.0,660.0,180.0,180.0,480.0,540.0,420.0,240.0,540.0
6.44,318.0,480.0,360.0,240.0,60.0,180.0,180.0,300.0,180.0,420.0,360.0,420.0,120.0,420.0,180.0,120.0,360.0,240.0,240.0,600.0,300.0,240.0,240.0,720.0,180.0,180.0,540.0,540.0,360.0,240.0,540.0
6.45,322.0,480.0,360.0,240.0,60.0,180.0,180.0,300.0,180.0,420.0,420.0,420.0,120.0,360.0,180.0,120.0,360.0,300.0,300.0,660.0,300.0,240.0,240.0,720.0,180.0,180.0,540.0,540.0,360.0,240.0,480.0
6.46,318.0,480.0,360.0,240.0,60.0,180.0,180.0,240.0,120.0,420.0,420.0,420.0,120.0,300.0,180.0,180.0,360.0,360.0,300.0,660.0,300.0,300.0,180.0,600.0,240.0,180.0,540.0,540.0,360.0,240.0,480.0
6.47,312.0,480.0,360.0,240.0,60.0,180.0,240.0,240.0,120.0,420.0,420.0,420.0,120.0,360.0,180.0,180.0,360.0,360.0,180.0,540.0,240.0,300.0,180.0,540.0,360.0,180.0,540.0,540.0,360.0,180.0,480.0
6.48,308.0,360.0,360.0,240.0,60.0,180.0,180.0,240.0,60.0,420.0,480.0,420.0,180.0,360.0,180.0,180.0,360.0,420.0,180.0,540.0,240.0,300.0,120.0,540.0,360.0,180.0,540.0,600.0,360.0,180.0,420.0
6.49,322.0,360.0,360.0,240.0,60.0,180.0,180.0,240.0,60.0,420.0,480.0,420.0,300.0,420.0,180.0,180.0,360.0,420.0,180.0,600.0,240.0,300.0,120.0,540.0,360.0,180.0,540.0,660.0,360.0,180.0,540.0
6.5,316.0,240.0,300.0,240.0,60.0,240.0,240.0,240.0,60.0,420.0,540.0,420.0,300.0,420.0,180.0,180.0,300.0,420.0,180.0,600.0,240.0,360.0,120.0,540.0,360.0,180.0,540.0,660.0,300.0,120.0,480.0
6.51,318.0,180.0,360.0,240.0,60.0,180.0,240.0,180.0,60.0,420.0,540.0,420.0,420.0,420.0,180.0,180.0,360.0,420.0,120.0,600.0,240.0,300.0,120.0,540.0,360.0,180.0,480.0,720.0,360.0,120.0,540.0
6.5200000000000005,320.0,180.0,300.0,240.0,120.0,180.0,300.0,180.0,120.0,420.0,540.0,420.0,420.0,360.0,180.0,180.0,420.0,420.0,120.0,660.0,240.0,300.0,120.0,480.0,360.0,180.0,480.0,720.0,360.0,120.0,480.0
6.53,324.0,240.0,360.0,240.0,120.0,180.0,360.0,180.0,120.0,420.0,540.0,420.0,480.0,300.0,120.0,120.0,420.0,420.0,60.0,660.0,240.0,240.0,120.0,540.0,420.0,240.0,480.0,720.0,360.0,120.0,480.0
6.54,322.0,240.0,360.0,180.0,180.0,180.0,300.0,240.0,120.0,420.0,480.0,420.0,480.0,300.0,120.0,120.0,420.0,420.0,60.0,540.0,300.0,300.0,120.0,540.0,420.0,240.0,480.0,720.0,360.0,120.0,480.0
6.55,338.0,240.0,360.0,180.0,180.0,180.0,300.0,240.0,120.0,480.0,480.0,420.0,480.0,420.0,120.0,180.0,420.0,420.0,60.0,540.0,300.0,300.0,180.0,540.0,420.0,300.0,480.0,720.0,420.0,180.0,480.0
6.5600000000000005,338.0,240.0,420.0,240.0,180.0,180.0,420.0,180.0,120.0,420.0,420.0,480.0,480.0,420.0,120.0,240.0,420.0,420.0,60.0,540.0,240.0,300.0,120.0,540.0,480.0,300.0,480.0,660.0,360.0,180.0,480.0
6.57,350.0,240.0,420.0,180.0,180.0,240.0,420.0,240.0,120.0,420.0,420.0,480.0,480.0,420.0,120.0,240.0,420.0,420.0,120.0,540.0,240.0,300.0,120.0,660.0,420.0,300.0,540.0,720.0,300.0,180.0,600.0
6.58,346.0,300.0,420.0,180.0,180.0,240.0,420.0,240.0,120.0,420.0,420.0,480.0,480.0,420.0,120.0,240.0,420.0,360.0,120.0,600.0,240.0,300.0,120.0,660.0,480.0,300.0,420.0,660.0,300.0,180.0,540.0
6.59,348.0,300.0,420.0,180.0,180.0,240.0,420.0,180.0,120.0,420.0,420.0,480.0,480.0,480.0,60.0,240.0,360.0,360.0,120.0,480.0,240.0,300.0,180.0,720.0,660.0,300.0,420.0,660.0,300.0,180.0,540.0
6.6000000000000005,354.0,240.0,420.0,240.0,180.0,240.0,420.0,120.0,120.0,420.0,420.0,480.0,480.0,480.0,60.0,300.0,300.0,420.0,120.0,480.0,240.0,300.0,180.0,720.0,660.0,360.0,540.0,600.0,300.0,240.0,540.0
6.61,366.0,240.0,420.0,240.0,180.0,240.0,480.0,180.0,120.0,420.0,420.0,540.0,480.0,480.0,60.0,360.0,300.0,360.0,180.0,480.0,240.0,300.0,180.0,780.0,660.0,360.0,540.0,600.0,300.0,300.0,540.0
6.62,374.0,300.0,420.0,300.0,180.0,300.0,540.0,180.0,120.0,420.0,420.0,540.0,420.0,420.0,60.0,420.0,420.0,300.0,240.0,480.0,240.0,240.0,180.0,780.0,660.0,420.0,480.0,600.0,300.0,300.0,540.0
6.63,368.0,300.0,360.0,300.0,180.0,300.0,540.0,180.0,180.0,420.0,480.0,540.0,420.0,420.0,60.0,420.0,480.0,300.0,240.0,480.0,180.0,180.0,180.0,720.0,660.0,420.0,480.0,600.0,240.0,300.0,480.0
6.640000000000001,372.0,360.0,420.0,300.0,180.0,240.0,540.0,180.0,180.0,420.0,480.0,480.0,480.0,420.0,60.0,420.0,420.0,300.0,240.0,480.0,240.0,180.0,180.0,720.0,660.0,360.0,600.0,600.0,240.0,300.0,480.0
6.65,366.0,240.0,420.0,300.0,300.0,240.0,540.0,120.0,240.0,420.0,480.0,480.0,480.0,420.0,60.0,420.0,420.0,300.0,240.0,420.0,240.0,180.0,180.0,720.0,600.0,360.0,600.0,540.0,240.0,300.0,480.0
6.66,372.0,240.0,420.0,300.0,300.0,240.0,540.0,120.0,240.0,360.0,540.0,480.0,420.0,420.0,60.0,480.0,360.0,300.0,300.0,480.0,240.0,180.0,240.0,660.0,600.0,360.0,600.0,600.0,240.0,360.0,480.0
6.67,368.0,240.0,420.0,300.0,360.0,240.0,540.0,240.0,240.0,300.0,540.0,480.0,360.0,480.0,60.0,480.0,360.0,300.0,300.0,420.0,240.0,180.0,240.0,600.0,600.0,300.0,660.0,600.0,240.0,360.0,360.0
6.68,378.0,240.0,420.0,300.0,360.0,300.0,540.0,300.0,240.0,300.0,480.0,480.0,360.0,480.0,120.0,540.0,360.0,300.0,300.0,420.0,300.0,180.0,240.0,540.0,600.0,300.0,660.0,660.0,240.0,420.0,360.0
6.69,388.0,240.0,480.0,300.0,360.0,300.0,420.0,300.0,240.0,300.0,540.0,480.0,360.0,480.0,180.0,540.0,360.0,300.0,360.0,420.0,360.0,180.0,360.0,600.0,600.0,300.0,600.0,720.0,240.0,360.0,360.0
6.7,396.0,240.0,480.0,300.0,480.0,300.0,420.0,300.0,240.0,300.0,540.0,480.0,360.0,420.0,180.0,480.0,360.0,300.0,420.0,420.0,360.0,180.0,360.0,600.0,600.0,420.0,660.0,660.0,300.0,360.0,360.0
6.71,396.0,240.0,420.0,300.0,480.0,300.0,420.0,300.0,300.0,240.0,540.0,480.0,360.0,360.0,180.0,480.0,360.0,240.0,420.0,420.0,300.0,180.0,360.0,600.0,600.0,420.0,720.0,660.0,360.0,420.0,420.0
6.72,426.0,300.0,480.0,360.0,480.0,300.0,600.0,360.0,360.0,240.0,540.0,480.0,600.0,360.0,180.0,540.0,420.0,240.0,420.0,480.0,300.0,240.0,360.0,600.0,600.0,420.0,660.0,660.0,360.0,420.0,420.0
6.73,422.0,300.0,480.0,360.0,480.0,300.0,600.0,420.0,360.0,300.0,540.0,480.0,660.0,360.0,180.0,480.0,480.0,120.0,360.0,480.0,300.0,120.0,360.0,540.0,540.0,420.0,660.0,600.0,360.0,540.0,480.0
6.74,436.0,300.0,540.0,300.0,480.0,300.0,660.0,420.0,360.0,300.0,540.0,480.0,720.0,360.0,180.0,480.0,540.0,120.0,360.0,480.0,300.0,180.0,420.0,540.0,600.0,420.0,660.0,600.0,360.0,540.0,540.0
6.75,442.0,300.0,540.0,300.0,420.0,300.0,720.0,420.0,360.0,360.0,600.0,480.0,720.0,360.0,180.0,480.0,540.0,180.0,420.0,540.0,360.0,180.0,420.0,480.0,600.0,360.0,660.0,600.0,300.0,540.0,540.0
6.76,442.0,360.0,540.0,300.0,360.0,360.0,660.0,360.0,300.0,300.0,600.0,480.0,720.0,300.0,180.0,480.0,540.0,180.0,420.0,540.0,360.0,180.0,540.0,480.0,600.0,360.0,660.0,600.0,300.0,600.0,600.0
6.7700000000000005,450.0,360.0,540.0,300.0,420.0,360.0,660.0,360.0,300.0,360.0,660.0,480.0,720.0,300.0,180.0,480.0,480.0,180.0,420.0,480.0,420.0,240.0,540.0,480.0,600.0,360.0,660.0,600.0,300.0,600.0,660.0
6.78,460.0,360.0,480.0,300.0,420.0,360.0,660.0,360.0,300.0,360.0,720.0,420.0,780.0,360.0,240.0,540.0,480.0,180.0,480.0,480.0,420.0,240.0,540.0,480.0,600.0,360.0,720.0,540.0,300.0,660.0,660.0
6.79,456.0,360.0,540.0,300.0,360.0,420.0,660.0,360.0,300.0,360.0,720.0,480.0,780.0,240.0,300.0,540.0,480.0,180.0,480.0,360.0,480.0,240.0,660.0,480.0,540.0,300.0,720.0,540.0,240.0,660.0,600.0
6.8,458.0,360.0,600.0,360.0,360.0,420.0,660.0,360.0,240.0,240.0,660.0,480.0,720.0,180.0,300.0,540.0,540.0,300.0,480.0,480.0,480.0,240.0,720.0,480.0,480.0,300.0,720.0,540.0,240.0,660.0,600.0
6.8100000000000005,456.0,360.0,600.0,420.0,420.0,420.0,720.0,420.0,240.0,300.0,600.0,480.0,720.0,180.0,300.0,480.0,480.0,300.0,480.0,420.0,420.0,240.0,660.0,480.0,540.0,300.0,720.0,540.0,240.0,660.0,540.0
6.82,456.0,420.0,540.0,480.0,420.0,420.0,780.0,360.0,240.0,300.0,660.0,420.0,720.0,180.0,300.0,540.0,540.0,360.0,480.0,420.0,420.0,240.0,660.0,360.0,540.0,240.0,720.0,480.0,240.0,660.0,540.0
6.83,462.0,480.0,540.0,480.0,360.0,420.0,780.0,360.0,240.0,300.0,540.0,420.0,720.0,180.0,300.0,540.0,660.0,360.0,480.0,420.0,480.0,360.0,660.0,360.0,600.0,240.0,660.0,480.0,240.0,660.0,540.0
6.84,470.0,480.0,660.0,480.0,300.0,420.0,840.0,360.0,300.0,240.0,480.0,480.0,720.0,180.0,300.0,540.0,660.0,360.0,480.0,420.0,600.0,420.0,600.0,420.0,600.0,240.0,600.0,360.0,300.0,660.0,600.0
6.8500000000000005,494.0,480.0,660.0,480.0,300.0,420.0,840.0,360.0,300.0,300.0,540.0,600.0,780.0,300.0,300.0,540.0,660.0,540.0,480.0,420.0,600.0,420.0,600.0,420.0,660.0,240.0,660.0,420.0,240.0,660.0,600.0
6.86,498.0,480.0,660.0,540.0,300.0,480.0,780.0,360.0,360.0,300.0,600.0,600.0,660.0,300.0,300.0,480.0,660.0,600.0,480.0,480.0,600.0,420.0,600.0,420.0,660.0,240.0,660.0,420.0,240.0,720.0,540.0
6.87,494.0,480.0,660.0,540.0,300.0,480.0,780.0,360.0,360.0,300.0,660.0,540.0,720.0,240.0,300.0,480.0,660.0,660.0,420.0,540.0,600.0,420.0,600.0,420.0,540.0,240.0,600.0,420.0,180.0,720.0,600.0
6.88,506.0,540.0,660.0,540.0,360.0,480.0,780.0,360.0,360.0,240.0,660.0,480.0,720.0,240.0,300.0,480.0,600.0,660.0,480.0,720.0,600.0,480.0,480.0,480.0,600.0,360.0,600.0,360.0,240.0,720.0,600.0
6.890000000000001,498.0,480.0,660.0,480.0,360.0,480.0,780.0,300.0,360.0,300.0,660.0,480.0,720.0,240.0,480.0,480.0,540.0,660.0,420.0,720.0,600.0,480.0,480.0,480.0,540.0,300.0,540.0,420.0,300.0,600.0,600.0
6.9,502.0,480.0,600.0,480.0,300.0,480.0,720.0,360.0,420.0,300.0,720.0,480.0,720.0,240.0,480.0,480.0,600.0,660.0,420.0,660.0,600.0,480.0,480.0,480.0,540.0,360.0,480.0,600.0,300.0,540.0,600.0
6.91,512.0,420.0,660.0,540.0,300.0,540.0,720.0,420.0,420.0,360.0,780.0,480.0,720.0,180.0,480.0,420.0,600.0,600.0,420.0,720.0,600.0,480.0,480.0,480.0,540.0,420.0,480.0,600.0,300.0,600.0,600.0
6.92,520.0,360.0,720.0,420.0,300.0,480.0,720.0,420.0,420.0,360.0,720.0,480.0,780.0,180.0,480.0,420.0,600.0,660.0,420.0,720.0,660.0,540.0,480.0,540.0,540.0,420.0,540.0,660.0,300.0,600.0,660.0
6.93,524.0,360.0,780.0,480.0,300.0,420.0,660.0,420.0,420.0,300.0,720.0,480.0,720.0,180.0,480.0,420.0,660.0,660.0,420.0,720.0,720.0,540.0,480.0,480.0,480.0,420.0,660.0,660.0,360.0,600.0,720.0
6.94,538.0,480.0,780.0,480.0,240.0,420.0,720.0,420.0,420.0,300.0,840.0,480.0,720.0,180.0,420.0,540.0,720.0,660.0,420.0,720.0,780.0,540.0,480.0,480.0,480.0,420.0,720.0,660.0,420.0,540.0,660.0
6.95,544.0,420.0,720.0,540.0,240.0,420.0,660.0,480.0,420.0,300.0,840.0,600.0,900.0,180.0,480.0,540.0,780.0,660.0,420.0,720.0,720.0,540.0,420.0,420.0,480.0,480.0,720.0,660.0,480.0,540.0,540.0
6.96,562.0,480.0,720.0,540.0,420.0,540.0,660.0,480.0,420.0,300.0,780.0,600.0,960.0,180.0,480.0,480.0,780.0,660.0,420.0,720.0,720.0,600.0,360.0,420.0,480.0,480.0,720.0,720.0,480.0,600.0,660.0
6.97,570.0,480.0,720.0,540.0,480.0,540.0,660.0,480.0,420.0,420.0,720.0,660.0,960.0,120.0,540.0,480.0,780.0,660.0,480.0,720.0,720.0,600.0,360.0,480.0,480.0,480.0,660.0,720.0,480.0,600.0,660.0
6.98,564.0,480.0,720.0,480.0,420.0,540.0,660.0,540.0,420.0,480.0,660.0,600.0,900.0,180.0,480.0,480.0,720.0,660.0,540.0,780.0,660.0,600.0,420.0,480.0,480.0,480.0,660.0,720.0,480.0,540.0,660.0
6.99,588.0,480.0,780.0,540.0,480.0,540.0,660.0,540.0,480.0,600.0,660.0,600.0,960.0,180.0,480.0,480.0,720.0,600.0,540.0,840.0,720.0,600.0,480.0,540.0,480.0,480.0,720.0,720.0,540.0,540.0,660.0
7.0,586.0,480.0,780.0,540.0,480.0,540.0,660.0,540.0,480.0,540.0,600.0,720.0,960.0,180.0,480.0,480.0,720.0,600.0,480.0,840.0,720.0,600.0,480.0,540.0,600.0,420.0,660.0,720.0,600.0,540.0,600.0
7.01,602.0,480.0,780.0,600.0,540.0,600.0,660.0,540.0,480.0,540.0,660.0,720.0,960.0,180.0,420.0,480.0,780.0,600.0,540.0,780.0,720.0,720.0,540.0,600.0,600.0,420.0,600.0,780.0,600.0,540.0,600.0
7.0200000000000005,598.0,480.0,780.0,720.0,540.0,600.0,600.0,540.0,540.0,540.0,660.0,720.0,840.0,180.0,360.0,480.0,720.0,600.0,540.0,840.0,720.0,720.0,600.0,540.0,540.0,480.0,660.0,780.0,600.0,540.0,480.0
7.03,610.0,420.0,840.0,720.0,600.0,540.0,600.0,540.0,540.0,600.0,660.0,720.0,900.0,240.0,360.0,540.0,720.0,600.0,480.0,840.0,720.0,720.0,660.0,540.0,480.0,480.0,660.0,840.0,660.0,540.0,540.0
7.04,616.0,360.0,780.0,780.0,600.0,540.0,600.0,540.0,540.0,600.0,720.0,720.0,900.0,240.0,360.0,540.0,780.0,600.0,540.0,840.0,660.0,720.0,660.0,600.0,480.0,540.0,660.0,840.0,660.0,540.0,540.0
7.05,612.0,360.0,660.0,840.0,660.0,600.0,540.0,540.0,480.0,660.0,720.0,720.0,900.0,240.0,300.0,540.0,660.0,600.0,540.0,840.0,720.0,660.0,660.0,660.0,420.0,540.0,660.0,900.0,660.0,540.0,540.0
7.0600000000000005,616.0,420.0,780.0,900.0,660.0,600.0,480.0,420.0,600.0,720.0,720.0,660.0,780.0,240.0,300.0,540.0,660.0,600.0,540.0,840.0,720.0,720.0,660.0,660.0,420.0,480.0,720.0,900.0,660.0,540.0,540.0
7.07,630.0,420.0,720.0,900.0,660.0,600.0,600.0,420.0,600.0,840.0,720.0,660.0,720.0,300.0,360.0,600.0,720.0,600.0,540.0,840.0,720.0,720.0,600.0,660.0,420.0,480.0,780.0,900.0,660.0,540.0,600.0
7.08,630.0,480.0,780.0,960.0,600.0,660.0,660.0,420.0,600.0,840.0,720.0,720.0,720.0,300.0,360.0,540.0,780.0,540.0,480.0,840.0,720.0,720.0,660.0,600.0,420.0,480.0,720.0,900.0,660.0,420.0,600.0
7.09,624.0,480.0,720.0,960.0,600.0,720.0,720.0,420.0,600.0,840.0,660.0,720.0,660.0,300.0,360.0,540.0,780.0,420.0,480.0,840.0,720.0,720.0,660.0,600.0,420.0,480.0,780.0,960.0,600.0,420.0,540.0
7.1000000000000005,622.0,480.0,780.0,960.0,600.0,660.0,720.0,420.0,480.0,840.0,660.0,720.0,660.0,300.0,300.0,660.0,660.0,480.0,540.0,780.0,780.0,720.0,660.0,540.0,360.0,540.0,780.0,960.0,720.0,420.0,480.0
7.11,620.0,480.0,780.0,840.0,600.0,660.0,780.0,480.0,600.0,780.0,660.0,720.0,660.0,360.0,300.0,600.0,660.0,420.0,480.0,780.0,840.0,720.0,600.0,540.0,360.0,660.0,780.0,960.0,660.0,360.0,480.0
7.12,620.0,480.0,660.0,960.0,600.0,780.0,780.0,420.0,600.0,840.0,660.0,780.0,660.0,420.0,360.0,600.0,660.0,420.0,540.0,660.0,840.0,720.0,540.0,480.0,360.0,660.0,840.0,900.0,540.0,360.0,480.0
7.13,632.0,420.0,600.0,1020.0,660.0,780.0,840.0,480.0,660.0,840.0,660.0,780.0,660.0,420.0,360.0,600.0,600.0,360.0,600.0,660.0,840.0,660.0,540.0,540.0,360.0,780.0,840.0,900.0,600.0,360.0,540.0
7.140000000000001,640.0,420.0,660.0,1080.0,720.0,780.0,840.0,480.0,660.0,900.0,720.0,780.0,780.0,420.0,360.0,540.0,720.0,360.0,540.0,600.0,780.0,540.0,540.0,480.0,420.0,780.0,840.0,900.0,600.0,420.0,540.0
7.15,634.0,420.0,600.0,1020.0,720.0,840.0,840.0,480.0,600.0,900.0,780.0,780.0,780.0,420.0,360.0,540.0,660.0,360.0,540.0,600.0,780.0,540.0,540.0,540.0,420.0,780.0,780.0,840.0,600.0,420.0,540.0
7.16,624.0,420.0,540.0,1020.0,600.0,780.0,840.0,480.0,660.0,960.0,780.0,660.0,720.0,420.0,360.0,540.0,660.0,300.0,540.0,660.0,720.0,540.0,480.0,540.0,540.0,780.0,840.0,780.0,600.0,420.0,540.0
7.17,632.0,420.0,600.0,960.0,540.0,780.0,840.0,480.0,660.0,960.0,720.0,600.0,720.0,420.0,360.0,600.0,660.0,300.0,540.0,720.0,780.0,600.0,480.0,540.0,540.0,900.0,840.0,780.0,600.0,420.0,600.0
7.18,630.0,360.0,540.0,900.0,540.0,780.0,780.0,480.0,660.0,960.0,720.0,600.0,780.0,480.0,360.0,540.0,660.0,300.0,540.0,720.0,840.0,540.0,540.0,540.0,600.0,840.0,840.0,780.0,600.0,480.0,600.0
7.19,660.0,360.0,600.0,900.0,480.0,780.0,840.0,480.0,660.0,960.0,720.0,600.0,780.0,540.0,360.0,540.0,660.0,300.0,660.0,720.0,840.0,600.0,540.0,660.0,600.0,840.0,900.0,840.0,660.0,600.0,780.0
7.2,658.0,300.0,480.0,900.0,540.0,720.0,900.0,480.0,720.0,900.0,720.0,660.0,780.0,600.0,360.0,480.0,540.0,360.0,780.0,780.0,720.0,600.0,600.0,720.0,600.0,780.0,900.0,840.0,660.0,600.0,720.0
7.21,660.0,300.0,480.0,840.0,540.0,720.0,840.0,540.0,780.0,900.0,720.0,660.0,780.0,660.0,420.0,540.0,540.0,360.0,780.0,780.0,720.0,540.0,600.0,660.0,540.0,840.0,960.0,780.0,720.0,540.0,720.0
7.22,664.0,300.0,480.0,840.0,540.0,720.0,960.0,540.0,780.0,900.0,660.0,660.0,780.0,660.0,480.0,540.0,480.0,360.0,720.0,780.0,720.0,540.0,600.0,660.0,480.0,840.0,1020.0,780.0,780.0,600.0,720.0
7.23,656.0,300.0,480.0,720.0,540.0,720.0,1020.0,600.0,660.0,840.0,540.0,660.0,780.0,600.0,480.0,600.0,480.0,360.0,780.0,780.0,660.0,600.0,600.0,660.0,420.0,900.0,1020.0,720.0,840.0,600.0,720.0
7.24,662.0,300.0,420.0,720.0,480.0,720.0,1020.0,660.0,660.0,840.0,540.0,660.0,720.0,600.0,540.0,720.0,480.0,420.0,780.0,720.0,720.0,540.0,660.0,720.0,420.0,960.0,1020.0,720.0,780.0,600.0,720.0
7.25,648.0,300.0,360.0,600.0,480.0,720.0,1020.0,720.0,660.0,840.0,540.0,780.0,720.0,660.0,600.0,720.0,480.0,480.0,780.0,660.0,600.0,420.0,660.0,600.0,360.0,960.0,900.0,660.0,780.0,660.0,720.0
7.26,648.0,360.0,360.0,660.0,420.0,780.0,1020.0,780.0,660.0,840.0,540.0,780.0,780.0,600.0,600.0,720.0,480.0,480.0,780.0,720.0,480.0,420.0,540.0,600.0,420.0,900.0,900.0,720.0,840.0,600.0,660.0
7.2700000000000005,656.0,360.0,480.0,600.0,480.0,780.0,960.0,720.0,540.0,840.0,600.0,780.0,780.0,600.0,660.0,840.0,480.0,480.0,780.0,720.0,480.0,540.0,540.0,600.0,480.0,900.0,960.0,660.0,840.0,600.0,600.0
7.28,650.0,360.0,480.0,540.0,420.0,660.0,960.0,720.0,540.0,780.0,540.0,780.0,660.0,540.0,660.0,780.0,600.0,540.0,720.0,720.0,540.0,600.0,660.0,480.0,540.0,960.0,1020.0,600.0,900.0,600.0,600.0
7.29,664.0,300.0,540.0,540.0,420.0,720.0,960.0,900.0,540.0,720.0,480.0,780.0,660.0,540.0,780.0,780.0,600.0,540.0,720.0,720.0,600.0,660.0,660.0,480.0,540.0,960.0,960.0,600.0,1020.0,660.0,540.0
7.3,660.0,240.0,540.0,540.0,420.0,660.0,960.0,900.0,600.0,720.0,420.0,720.0,660.0,540.0,840.0,720.0,600.0,540.0,660.0,660.0,600.0,660.0,720.0,420.0,600.0,1020.0,840.0,720.0,1020.0,720.0,540.0
7.3100000000000005,668.0,240.0,600.0,540.0,360.0,600.0,960.0,900.0,480.0,720.0,420.0,780.0,600.0,540.0,900.0,720.0,600.0,540.0,600.0,600.0,600.0,660.0,780.0,600.0,660.0,1020.0,900.0,840.0,900.0,780.0,600.0
7.32,670.0,180.0,600.0,600.0,360.0,600.0,960.0,960.0,480.0,720.0,420.0,780.0,660.0,540.0,960.0,780.0,540.0,480.0,600.0,480.0,660.0,720.0,840.0,540.0,660.0,960.0,900.0,900.0,840.0,780.0,600.0
7.33,658.0,180.0,600.0,720.0,420.0,540.0,840.0,960.0,480.0,720.0,540.0,720.0,660.0,480.0,900.0,720.0,540.0,480.0,540.0,480.0,660.0,600.0,840.0,540.0,600.0,900.0,780.0,960.0,900.0,840.0,600.0
7.34,660.0,120.0,600.0,660.0,420.0,540.0,720.0,900.0,480.0,660.0,480.0,600.0,600.0,540.0,900.0,720.0,540.0,480.0,540.0,540.0,840.0,600.0,840.0,600.0,660.0,900.0,780.0,960.0,900.0,960.0,720.0
7.3500000000000005,656.0,120.0,600.0,660.0,360.0,600.0,720.0,840.0,480.0,720.0,480.0,600.0,600.0,540.0,900.0,720.0,540.0,540.0,540.0,480.0,900.0,540.0,840.0,540.0,600.0,900.0,780.0,1020.0,900.0,960.0,660.0
7.36,676.0,180.0,600.0,660.0,360.0,540.0,720.0,840.0,480.0,900.0,480.0,600.0,540.0,600.0,840.0,660.0,600.0,540.0,600.0,540.0,960.0,540.0,900.0,540.0,720.0,900.0,780.0,960.0,1020.0,960.0,720.0
7.37,672.0,240.0,600.0,660.0,360.0,480.0,720.0,720.0,480.0,900.0,540.0,600.0,540.0,600.0,720.0,600.0,600.0,480.0,600.0,540.0,1020.0,600.0,900.0,540.0,720.0,900.0,840.0,960.0,960.0,960.0,780.0
7.38,678.0,300.0,480.0,660.0,300.0,480.0,660.0,720.0,480.0,840.0,540.0,660.0,480.0,600.0,720.0,600.0,600.0,480.0,600.0,600.0,1020.0,660.0,840.0,600.0,780.0,960.0,840.0,960.0,1080.0,960.0,840.0
7.390000000000001,682.0,300.0,360.0,780.0,360.0,480.0,660.0,780.0,480.0,900.0,540.0,720.0,540.0,660.0,720.0,540.0,660.0,420.0,600.0,540.0,1020.0,600.0,840.0,540.0,780.0,1020.0,780.0,960.0,1080.0,1020.0,780.0
7.4,682.0,360.0,360.0,780.0,420.0,480.0,660.0,780.0,480.0,900.0,600.0,720.0,540.0,660.0,720.0,540.0,660.0,420.0,480.0,480.0,1140.0,600.0,840.0,480.0,780.0,1020.0,780.0,840.0,1140.0,900.0,900.0
7.41,682.0,360.0,360.0,720.0,480.0,480.0,660.0,720.0,480.0,900.0,600.0,720.0,600.0,720.0,660.0,600.0,660.0,360.0,480.0,480.0,1140.0,600.0,840.0,540.0,900.0,960.0,780.0,840.0,1140.0,840.0,840.0
7.42,680.0,360.0,360.0,780.0,480.0,480.0,600.0,720.0,420.0,960.0,600.0,600.0,660.0,840.0,720.0,600.0,660.0,420.0,540.0,480.0,1080.0,600.0,840.0,600.0,900.0,840.0,720.0,780.0,1080.0,840.0,840.0
7.43,682.0,360.0,420.0,660.0,600.0,360.0,720.0,840.0,480.0,960.0,600.0,660.0,660.0,840.0,720.0,540.0,600.0,480.0,540.0,540.0,1080.0,720.0,780.0,600.0,900.0,840.0,660.0,720.0,1080.0,720.0,780.0
7.44,682.0,420.0,420.0,720.0,600.0,360.0,720.0,780.0,360.0,1020.0,540.0,600.0,660.0,900.0,720.0,540.0,600.0,540.0,540.0,540.0,1080.0,780.0,780.0,600.0,900.0,840.0,660.0,720.0,1020.0,720.0,780.0
7.45,688.0,480.0,420.0,780.0,600.0,420.0,720.0,780.0,420.0,1080.0,540.0,600.0,660.0,900.0,720.0,540.0,600.0,600.0,480.0,540.0,1080.0,720.0,720.0,600.0,960.0,780.0,600.0,720.0,1020.0,780.0,780.0
7.46,692.0,540.0,480.0,780.0,720.0,420.0,720.0,780.0,420.0,1080.0,540.0,600.0,660.0,960.0,660.0,540.0,660.0,600.0,540.0,480.0,960.0,720.0,720.0,600.0,960.0,720.0,600.0,720.0,1080.0,780.0,720.0
7.47,692.0,540.0,480.0,900.0,660.0,360.0,780.0,840.0,480.0,1020.0,540.0,540.0,660.0,960.0,600.0,540.0,600.0,600.0,480.0,480.0,960.0,780.0,660.0,600.0,1020.0,660.0,600.0,720.0,1140.0,840.0,720.0
7.48,696.0,540.0,540.0,960.0,660.0,360.0,840.0,840.0,480.0,1080.0,540.0,600.0,660.0,900.0,540.0,600.0,600.0,660.0,480.0,480.0,960.0,720.0,600.0,660.0,960.0,720.0,540.0,720.0,1080.0,840.0,720.0
7.49,698.0,600.0,540.0,900.0,600.0,420.0,660.0,840.0,540.0,900.0,540.0,780.0,720.0,1020.0,480.0,780.0,540.0,600.0,420.0,480.0,900.0,780.0,540.0,660.0,960.0,720.0,480.0,720.0,1020.0,960.0,840.0
7.5,708.0,600.0,480.0,900.0,600.0,480.0,600.0,840.0,660.0,960.0,540.0,720.0,720.0,960.0,480.0,720.0,540.0,660.0,360.0,480.0,1020.0,780.0,600.0,660.0,960.0,720.0,600.0,720.0,1020.0,960.0,900.0
7.51,724.0,660.0,480.0,960.0,600.0,540.0,540.0,840.0,660.0,1020.0,600.0,720.0,780.0,960.0,540.0,720.0,480.0,720.0,420.0,600.0,960.0,840.0,660.0,600.0,900.0,720.0,600.0,720.0,960.0,1020.0,900.0
7.5200000000000005,720.0,660.0,480.0,1080.0,660.0,660.0,540.0,600.0,840.0,1020.0,600.0,660.0,780.0,840.0,540.0,840.0,480.0,660.0,360.0,660.0,1020.0,780.0,600.0,660.0,900.0,660.0,540.0,720.0,840.0,1020.0,900.0
7.53,728.0,660.0,540.0,1080.0,660.0,720.0,720.0,660.0,840.0,1080.0,600.0,660.0,720.0,840.0,600.0,900.0,480.0,600.0,360.0,660.0,900.0,780.0,660.0,540.0,900.0,660.0,540.0,720.0,780.0,1080.0,900.0
7.54,758.0,660.0,540.0,1080.0,720.0,780.0,720.0,660.0,960.0,1140.0,720.0,660.0,720.0,780.0,600.0,900.0,480.0,720.0,420.0,720.0,900.0,840.0,660.0,540.0,900.0,720.0,540.0,780.0,840.0,1140.0,900.0
7.55,778.0,660.0,540.0,1140.0,780.0,780.0,720.0,660.0,960.0,1140.0,780.0,720.0,660.0,720.0,720.0,900.0,600.0,720.0,480.0,780.0,900.0,840.0,720.0,540.0,840.0,840.0,600.0,780.0,720.0,1260.0,840.0
7.5600000000000005,776.0,600.0,480.0,1080.0,780.0,720.0,720.0,660.0,960.0,1140.0,660.0,720.0,600.0,600.0,780.0,840.0,600.0,720.0,480.0,780.0,1020.0,1020.0,660.0,660.0,840.0,900.0,660.0,780.0,720.0,1260.0,840.0
7.57,776.0,540.0,480.0,1140.0,900.0,720.0,660.0,660.0,1020.0,1140.0,660.0,720.0,540.0,480.0,780.0,960.0,600.0,660.0,540.0,840.0,900.0,1140.0,600.0,660.0,840.0,900.0,720.0,720.0,780.0,1260.0,720.0
7.58,796.0,600.0,480.0,1200.0,900.0,720.0,720.0,840.0,960.0,1080.0,660.0,780.0,540.0,480.0,780.0,900.0,660.0,720.0,540.0,840.0,960.0,1200.0,600.0,600.0,840.0,900.0,780.0,840.0,780.0,1260.0,720.0
7.59,814.0,480.0,540.0,1200.0,900.0,720.0,660.0,840.0,960.0,1200.0,660.0,780.0,600.0,480.0,780.0,960.0,600.0,780.0,540.0,900.0,960.0,1200.0,720.0,600.0,1080.0,900.0,780.0,900.0,720.0,1320.0,660.0
7.6000000000000005,836.0,600.0,660.0,1200.0,960.0,720.0,660.0,900.0,960.0,1200.0,660.0,720.0,660.0,480.0,840.0,1020.0,600.0,660.0,480.0,1020.0,1020.0,1200.0,840.0,600.0,1080.0,900.0,780.0,900.0,840.0,1260.0,660.0
7.61,834.0,600.0,660.0,1260.0,960.0,780.0,600.0,1080.0,960.0,1140.0,540.0,720.0,660.0,480.0,840.0,900.0,660.0,660.0,540.0,960.0,1080.0,1200.0,900.0,600.0,1020.0,720.0,780.0,840.0,840.0,1320.0,720.0
7.62,842.0,600.0,600.0,1320.0,900.0,840.0,600.0,1200.0,900.0,1260.0,600.0,840.0,660.0,420.0,840.0,840.0,720.0,720.0,600.0,960.0,1140.0,1200.0,900.0,540.0,960.0,660.0,780.0,840.0,780.0,1260.0,780.0
7.63,864.0,600.0,660.0,1320.0,960.0,780.0,660.0,1260.0,1020.0,1260.0,600.0,900.0,600.0,420.0,780.0,900.0,780.0,780.0,660.0,960.0,1200.0,1200.0,960.0,600.0,1080.0,660.0,780.0,840.0,840.0,1200.0,660.0
7.640000000000001,884.0,600.0,660.0,1320.0,1080.0,840.0,660.0,1320.0,1080.0,1260.0,600.0,960.0,600.0,420.0,780.0,900.0,720.0,720.0,660.0,900.0,1320.0,1200.0,1020.0,540.0,1080.0,840.0,840.0,780.0,960.0,1080.0,780.0
7.65,908.0,660.0,720.0,1260.0,1080.0,840.0,780.0,1260.0,1080.0,1380.0,600.0,960.0,720.0,480.0,840.0,900.0,780.0,780.0,660.0,960.0,1320.0,1200.0,1020.0,600.0,1260.0,720.0,780.0,780.0,1080.0,960.0,780.0
7.66,904.0,660.0,840.0,1260.0,1140.0,840.0,780.0,1200.0,1020.0,1320.0,480.0,960.0,780.0,480.0,900.0,840.0,720.0,780.0,660.0,960.0,1260.0,1200.0,960.0,540.0,1260.0,960.0,780.0,780.0,1080.0,900.0,780.0
7.67,912.0,720.0,840.0,1260.0,1200.0,840.0,780.0,1140.0,1020.0,1260.0,480.0,960.0,840.0,480.0,1020.0,840.0,720.0,840.0,720.0,1080.0,1200.0,1080.0,1020.0,540.0,1260.0,1020.0,720.0,720.0,1140.0,840.0,780.0
7.68,904.0,720.0,780.0,1140.0,1200.0,900.0,780.0,1020.0,900.0,1200.0,540.0,1080.0,840.0,480.0,1020.0,780.0,720.0,840.0,720.0,1140.0,1140.0,1020.0,960.0,660.0,1200.0,1080.0,720.0,720.0,1140.0,780.0,900.0
7.69,916.0,720.0,720.0,1200.0,1200.0,840.0,900.0,1080.0,960.0,1200.0,540.0,960.0,840.0,600.0,1020.0,780.0,840.0,840.0,900.0,1200.0,1020.0,1020.0,840.0,720.0,1260.0,1020.0,660.0,720.0,1140.0,780.0,960.0
7.7,928.0,660.0,720.0,1320.0,1260.0,900.0,1020.0,1140.0,960.0,1200.0,420.0,900.0,900.0,480.0,960.0,840.0,780.0,960.0,900.0,1260.0,1020.0,960.0,900.0,720.0,1380.0,1020.0,660.0,720.0,1080.0,780.0,1020.0
7.71,960.0,720.0,720.0,1380.0,1320.0,840.0,1020.0,1200.0,960.0,1200.0,480.0,960.0,840.0,480.0,1020.0,960.0,840.0,960.0,900.0,1320.0,1020.0,960.0,960.0,660.0,1500.0,1080.0,720.0,720.0,1140.0,900.0,1020.0
7.72,982.0,780.0,780.0,1320.0,1200.0,840.0,960.0,1200.0,900.0,1140.0,480.0,960.0,900.0,600.0,1020.0,960.0,900.0,960.0,900.0,1380.0,1140.0,960.0,1020.0,720.0,1500.0,1200.0,720.0,780.0,1200.0,1020.0,1020.0
7.73,982.0,780.0,840.0,1380.0,1140.0,780.0,900.0,1320.0,900.0,1200.0,420.0,960.0,960.0,540.0,1020.0,900.0,960.0,960.0,900.0,1380.0,1200.0,960.0,1020.0,720.0,1500.0,1200.0,720.0,720.0,1140.0,1020.0,1020.0
7.74,990.0,780.0,900.0,1380.0,1200.0,780.0,900.0,1260.0,960.0,1140.0,420.0,1020.0,1020.0,600.0,960.0,840.0,1020.0,840.0,900.0,1560.0,1200.0,900.0,1020.0,720.0,1440.0,1200.0,720.0,720.0,1200.0,1020.0,1080.0
7.75,1030.0,780.0,1020.0,1440.0,1080.0,780.0,960.0,1320.0,900.0,1200.0,420.0,1080.0,1140.0,600.0,960.0,960.0,1020.0,840.0,1020.0,1560.0,1200.0,1020.0,1140.0,720.0,1260.0,1200.0,780.0,720.0,1320.0,1140.0,1320.0
7.76,1028.0,1020.0,960.0,1320.0,1140.0,780.0,840.0,1320.0,1020.0,1140.0,420.0,1080.0,1080.0,540.0,900.0,960.0,1080.0,960.0,1020.0,1500.0,1200.0,1020.0,1140.0,720.0,1200.0,1140.0,780.0,840.0,1260.0,1140.0,1320.0
7.7700000000000005,1030.0,900.0,960.0,1320.0,1140.0,780.0,660.0,1200.0,1020.0,1200.0,480.0,1200.0,1080.0,540.0,1020.0,900.0,1080.0,1020.0,1020.0,1620.0,1140.0,1080.0,1140.0,660.0,1200.0,1140.0,780.0,840.0,1380.0,1080.0,1320.0
7.78,1034.0,900.0,1080.0,1200.0,1080.0,720.0,720.0,1200.0,900.0,1200.0,540.0,1140.0,1020.0,660.0,960.0,900.0,1080.0,1140.0,960.0,1620.0,1080.0,1260.0,1260.0,660.0,1200.0,1140.0,780.0,780.0,1320.0,1140.0,1380.0
7.79,1034.0,900.0,1080.0,1080.0,1080.0,660.0,720.0,1140.0,1020.0,1200.0,600.0,1080.0,960.0,660.0,1020.0,900.0,1080.0,1200.0,1080.0,1560.0,1080.0,1260.0,1260.0,660.0,1260.0,1080.0,780.0,780.0,1260.0,1140.0,1440.0
7.8,1036.0,900.0,1140.0,1020.0,1080.0,660.0,660.0,1200.0,960.0,1140.0,660.0,1020.0,960.0,600.0,1140.0,840.0,1080.0,1200.0,1140.0,1560.0,1080.0,1320.0,1260.0,660.0,1200.0,1200.0,780.0,840.0,1320.0,1140.0,1320.0
7.8100000000000005,1028.0,840.0,1200.0,1080.0,1080.0,600.0,720.0,1200.0,900.0,1020.0,660.0,1020.0,900.0,600.0,1140.0,720.0,1020.0,1140.0,1080.0,1620.0,1020.0,1320.0,1260.0,780.0,1260.0,1200.0,660.0,900.0,1440.0,1200.0,1260.0
7.82,1036.0,840.0,1080.0,1200.0,1140.0,660.0,660.0,1320.0,900.0,1080.0,600.0,1080.0,840.0,600.0,1200.0,780.0,960.0,1080.0,1260.0,1680.0,900.0,1260.0,1200.0,840.0,1260.0,1200.0,720.0,1020.0,1260.0,1200.0,1260.0
7.83,1050.0,900.0,1080.0,1140.0,1020.0,600.0,720.0,1380.0,900.0,1140.0,600.0,1020.0,780.0,720.0,1260.0,900.0,1140.0,1080.0,1380.0,1500.0,840.0,1380.0,1320.0,840.0,1140.0,1260.0,720.0,960.0,1260.0,1260.0,1260.0
7.84,1052.0,900.0,1020.0,1140.0,960.0,600.0,720.0,1380.0,900.0,1080.0,600.0,960.0,720.0,720.0,1200.0,960.0,1200.0,1080.0,1440.0,1560.0,780.0,1500.0,1260.0,840.0,1200.0,1260.0,780.0,900.0,1260.0,1380.0,1260.0
7.8500000000000005,1042.0,960.0,1020.0,1140.0,1020.0,540.0,720.0,1440.0,960.0,1200.0,600.0,960.0,720.0,720.0,1140.0,840.0,1200.0,1080.0,1320.0,1560.0,780.0,1500.0,1260.0,840.0,1380.0,1080.0,780.0,900.0,1260.0,1200.0,1140.0
7.86,1048.0,1020.0,1080.0,1080.0,960.0,480.0,780.0,1440.0,900.0,1200.0,720.0,960.0,780.0,720.0,1320.0,960.0,1260.0,1020.0,1200.0,1560.0,780.0,1500.0,1260.0,720.0,1380.0,1140.0,780.0,840.0,1260.0,1260.0,1080.0
7.87,1050.0,1020.0,1080.0,1020.0,1020.0,540.0,780.0,1320.0,900.0,1200.0,720.0,1020.0,840.0,720.0,1260.0,960.0,1140.0,1020.0,1080.0,1620.0,780.0,1500.0,1260.0,720.0,1440.0,1260.0,780.0,840.0,1260.0,1200.0,1200.0
7.88,1034.0,1020.0,1080.0,960.0,900.0,600.0,780.0,1260.0,840.0,1200.0,780.0,960.0,840.0,720.0,1260.0,900.0,1140.0,960.0,1200.0,1680.0,720.0,1380.0,1200.0,720.0,1440.0,1320.0,720.0,780.0,1260.0,1200.0,1200.0
7.890000000000001,1030.0,1080.0,1200.0,960.0,840.0,660.0,780.0,1260.0,900.0,1140.0,780.0,960.0,780.0,780.0,1260.0,960.0,1080.0,960.0,1140.0,1620.0,720.0,1320.0,1140.0,720.0,1320.0,1320.0,840.0,720.0,1260.0,1200.0,1200.0
7.9,1062.0,1080.0,1200.0,1020.0,960.0,660.0,840.0,1260.0,960.0,1140.0,840.0,840.0,780.0,840.0,1200.0,960.0,1140.0,840.0,1320.0,1620.0,840.0,1440.0,1260.0,720.0,1380.0,1380.0,840.0,720.0,1380.0,1200.0,1200.0
7.91,1064.0,1080.0,1260.0,1020.0,960.0,660.0,960.0,1200.0,960.0,1140.0,900.0,960.0,780.0,840.0,1140.0,960.0,1200.0,660.0,1380.0,1680.0,840.0,1560.0,1260.0,660.0,1260.0,1380.0,840.0,660.0,1380.0,1200.0,1140.0
7.92,1054.0,1140.0,1260.0,1020.0,960.0,600.0,1080.0,1260.0,840.0,1080.0,900.0,840.0,840.0,900.0,1200.0,900.0,1140.0,660.0,1380.0,1560.0,840.0,1440.0,1260.0,600.0,1200.0,1380.0,960.0,660.0,1380.0,1260.0,1080.0
7.930000000000001,1052.0,1140.0,1260.0,1020.0,1020.0,660.0,1080.0,1320.0,840.0,1020.0,900.0,780.0,840.0,840.0,1260.0,900.0,1140.0,600.0,1380.0,1440.0,780.0,1440.0,1440.0,600.0,1200.0,1380.0,960.0,660.0,1440.0,1140.0,1080.0
7.94,1054.0,1080.0,1380.0,1020.0,960.0,720.0,1080.0,1440.0,780.0,1020.0,1020.0,780.0,720.0,840.0,1260.0,960.0,1200.0,600.0,1380.0,1380.0,780.0,1320.0,1560.0,600.0,1260.0,1200.0,960.0,600.0,1440.0,1020.0,1260.0
7.95,1042.0,1080.0,1380.0,960.0,1020.0,720.0,1080.0,1440.0,780.0,960.0,1080.0,780.0,600.0,900.0,1260.0,1020.0,1320.0,600.0,1200.0,1320.0,660.0,1260.0,1500.0,660.0,1260.0,1200.0,1080.0,600.0,1440.0,960.0,1140.0
7.96,1026.0,1080.0,1380.0,960.0,1020.0,720.0,1020.0,1440.0,780.0,960.0,1020.0,780.0,600.0,900.0,1260.0,960.0,1260.0,540.0,960.0,1380.0,780.0,1260.0,1500.0,780.0,1260.0,1200.0,1080.0,600.0,1440.0,960.0,900.0
7.97,1044.0,1080.0,1320.0,960.0,840.0,660.0,1140.0,1500.0,780.0,1140.0,1080.0,720.0,480.0,960.0,1260.0,960.0,1260.0,720.0,1020.0,1500.0,720.0,1320.0,1440.0,780.0,1320.0,1200.0,1020.0,720.0,1500.0,960.0,960.0
7.98,1052.0,1020.0,1200.0,960.0,900.0,720.0,1140.0,1500.0,840.0,1260.0,960.0,720.0,420.0,960.0,1380.0,1020.0,1260.0,720.0,1020.0,1500.0,720.0,1260.0,1320.0,900.0,1200.0,1260.0,1080.0,660.0,1500.0,1080.0,1080.0
7.99,1044.0,1020.0,1140.0,900.0,900.0,780.0,1140.0,1440.0,840.0,1260.0,900.0,660.0,480.0,960.0,1440.0,1080.0,1200.0,840.0,900.0,1320.0,720.0,1320.0,1320.0,960.0,1200.0,1200.0,1080.0,660.0,1560.0,1140.0,960.0
8.0,1058.0,1020.0,1080.0,900.0,1020.0,900.0,1140.0,1440.0,960.0,1320.0,960.0,660.0,420.0,960.0,1440.0,1200.0,1200.0,960.0,900.0,1260.0,780.0,1260.0,1260.0,960.0,1200.0,1320.0,1080.0,600.0,1500.0,1140.0,900.0
8.01,1072.0,960.0,1080.0,720.0,1020.0,780.0,1140.0,1440.0,900.0,1260.0,1140.0,780.0,420.0,960.0,1380.0,1380.0,1260.0,1080.0,900.0,1320.0,780.0,1320.0,1260.0,900.0,1320.0,1380.0,960.0,600.0,1500.0,1200.0,1020.0
8.02,1078.0,960.0,1260.0,720.0,1020.0,840.0,1200.0,1440.0,900.0,1320.0,1140.0,720.0,360.0,960.0,1380.0,1380.0,1200.0,1080.0,900.0,1320.0,780.0,1320.0,1200.0,840.0,1320.0,1320.0,960.0,720.0,1500.0,1260.0,1020.0
8.03,1098.0,1020.0,1260.0,780.0,1080.0,900.0,1380.0,1380.0,960.0,1260.0,1200.0,720.0,420.0,960.0,1440.0,1440.0,1200.0,1080.0,840.0,1260.0,840.0,1200.0,1140.0,840.0,1320.0,1260.0,1020.0,780.0,1620.0,1200.0,1140.0
8.040000000000001,1104.0,1080.0,1200.0,780.0,1080.0,900.0,1380.0,1380.0,1020.0,1200.0,1200.0,720.0,480.0,960.0,1440.0,1500.0,1140.0,1080.0,780.0,1260.0,720.0,1200.0,1200.0,840.0,1260.0,1320.0,1080.0,840.0,1620.0,1200.0,1260.0
8.05,1098.0,1020.0,1260.0,780.0,1020.0,900.0,1440.0,1260.0,1020.0,1140.0,1260.0,720.0,420.0,1020.0,1380.0,1500.0,1080.0,1080.0,780.0,1140.0,720.0,1080.0,1200.0,900.0,1260.0,1320.0,1020.0,960.0,1620.0,1200.0,1440.0
8.06,1094.0,1020.0,1260.0,720.0,1020.0,1020.0,1560.0,1320.0,1080.0,1080.0,1200.0,720.0,420.0,900.0,1440.0,1440.0,1020.0,1140.0,780.0,1140.0,780.0,1020.0,1140.0,840.0,1320.0,1380.0,1020.0,960.0,1560.0,1140.0,1380.0
8.07,1064.0,960.0,1260.0,660.0,1020.0,1020.0,1560.0,1380.0,1020.0,1140.0,1020.0,720.0,420.0,960.0,1320.0,1380.0,1020.0,1140.0,780.0,1200.0,600.0,900.0,1080.0,720.0,1320.0,1380.0,1020.0,900.0,1560.0,1080.0,1380.0
8.08,1074.0,960.0,1200.0,780.0,960.0,960.0,1560.0,1320.0,960.0,1200.0,1020.0,780.0,420.0,1020.0,1440.0,1380.0,960.0,1200.0,840.0,1140.0,600.0,840.0,1080.0,720.0,1440.0,1320.0,1020.0,960.0,1680.0,1080.0,1380.0
8.09,1068.0,900.0,1200.0,840.0,900.0,960.0,1500.0,1260.0,840.0,1080.0,1080.0,840.0,480.0,1020.0,1560.0,1380.0,900.0,1200.0,780.0,1260.0,660.0,900.0,1020.0,720.0,1500.0,1260.0,1020.0,900.0,1680.0,1080.0,1320.0
8.1,1056.0,840.0,1200.0,900.0,900.0,1140.0,1440.0,1200.0,780.0,1080.0,1020.0,780.0,540.0,960.0,1620.0,1440.0,900.0,1140.0,660.0,1320.0,660.0,840.0,960.0,780.0,1500.0,1260.0,1020.0,840.0,1620.0,1020.0,1320.0
8.11,1048.0,900.0,1140.0,960.0,960.0,1260.0,1440.0,1020.0,660.0,1020.0,1020.0,720.0,540.0,900.0,1500.0,1500.0,1020.0,960.0,660.0,1320.0,660.0,900.0,900.0,900.0,1500.0,1320.0,900.0,840.0,1680.0,1020.0,1320.0
8.120000000000001,1062.0,900.0,1140.0,900.0,1080.0,1200.0,1500.0,1020.0,600.0,1020.0,1020.0,840.0,540.0,900.0,1380.0,1500.0,1020.0,960.0,720.0,1380.0,660.0,900.0,900.0,900.0,1560.0,1380.0,960.0,780.0,1740.0,1020.0,1440.0
8.13,1068.0,840.0,1140.0,900.0,1020.0,1200.0,1620.0,1080.0,720.0,960.0,1020.0,960.0,480.0,900.0,1440.0,1560.0,1020.0,900.0,840.0,1380.0,600.0,900.0,840.0,780.0,1500.0,1440.0,960.0,780.0,1920.0,960.0,1380.0
8.14,1084.0,840.0,1140.0,960.0,1020.0,1140.0,1680.0,1080.0,720.0,1020.0,960.0,1080.0,540.0,960.0,1440.0,1440.0,1020.0,960.0,900.0,1380.0,600.0,840.0,900.0,780.0,1620.0,1560.0,960.0,720.0,1860.0,960.0,1440.0
8.15,1098.0,900.0,1080.0,1080.0,960.0,1140.0,1680.0,1260.0,840.0,960.0,900.0,1080.0,540.0,960.0,1500.0,1500.0,1140.0,960.0,960.0,1380.0,600.0,840.0,960.0,720.0,1560.0,1560.0,900.0,660.0,1800.0,1020.0,1500.0
8.16,1106.0,960.0,960.0,1140.0,960.0,1140.0,1680.0,1200.0,840.0,960.0,960.0,1020.0,540.0,1020.0,1380.0,1620.0,1140.0,1020.0,960.0,1380.0,660.0,840.0,1080.0,780.0,1560.0,1620.0,840.0,540.0,1740.0,1080.0,1560.0
8.17,1120.0,1080.0,960.0,1140.0,1020.0,1260.0,1680.0,1200.0,960.0,960.0,960.0,1020.0,540.0,1020.0,1380.0,1680.0,1080.0,960.0,960.0,1440.0,660.0,780.0,960.0,720.0,1680.0,1680.0,780.0,600.0,1800.0,1080.0,1560.0
8.18,1122.0,960.0,960.0,1140.0,960.0,1260.0,1620.0,1080.0,960.0,1080.0,960.0,1200.0,540.0,1080.0,1440.0,1620.0,1020.0,960.0,960.0,1560.0,600.0,780.0,1020.0,780.0,1620.0,1740.0,780.0,600.0,1680.0,1200.0,1500.0
8.19,1150.0,960.0,1020.0,1200.0,900.0,1260.0,1620.0,1080.0,1080.0,1080.0,1020.0,1380.0,540.0,1020.0,1440.0,1800.0,1080.0,1020.0,1020.0,1620.0,600.0,840.0,1080.0,840.0,1560.0,1740.0,840.0,540.0,1620.0,1140.0,1560.0
8.2,1178.0,1020.0,1080.0,1080.0,1020.0,1320.0,1680.0,1260.0,1080.0,1140.0,1140.0,1260.0,480.0,1080.0,1440.0,1800.0,1080.0,960.0,1080.0,1560.0,540.0,900.0,1080.0,1020.0,1620.0,1920.0,840.0,540.0,1620.0,1080.0,1620.0
8.21,1166.0,1080.0,1140.0,960.0,1020.0,1320.0,1620.0,1320.0,1080.0,1200.0,1140.0,1260.0,480.0,1140.0,1440.0,1680.0,1080.0,1020.0,1080.0,1560.0,480.0,780.0,1140.0,1020.0,1560.0,1800.0,840.0,540.0,1500.0,1020.0,1680.0
8.22,1192.0,1200.0,1200.0,900.0,1020.0,1260.0,1560.0,1380.0,1020.0,1440.0,1140.0,1380.0,540.0,1140.0,1380.0,1680.0,1140.0,1080.0,1080.0,1620.0,600.0,780.0,1080.0,960.0,1740.0,1800.0,840.0,540.0,1440.0,1020.0,1800.0
8.23,1196.0,1200.0,1200.0,960.0,960.0,1440.0,1440.0,1500.0,1020.0,1500.0,1140.0,1500.0,540.0,1140.0,1380.0,1740.0,1140.0,1020.0,1080.0,1560.0,600.0,780.0,1140.0,960.0,1560.0,1860.0,720.0,540.0,1320.0,1080.0,1860.0
8.24,1214.0,1200.0,1260.0,960.0,960.0,1500.0,1320.0,1560.0,1200.0,1560.0,1140.0,1560.0,660.0,1200.0,1200.0,1740.0,1200.0,960.0,1020.0,1440.0,600.0,720.0,1140.0,960.0,1620.0,1920.0,720.0,660.0,1440.0,1140.0,1860.0
8.25,1218.0,1200.0,1200.0,1020.0,960.0,1440.0,1320.0,1560.0,1200.0,1500.0,1140.0,1560.0,780.0,1200.0,1140.0,1680.0,1260.0,900.0,1020.0,1500.0,720.0,720.0,1140.0,1020.0,1620.0,1920.0,780.0,720.0,1380.0,1080.0,1860.0
8.26,1216.0,1140.0,1260.0,1020.0,840.0,1440.0,1320.0,1440.0,1200.0,1500.0,1140.0,1560.0,840.0,1200.0,1320.0,1620.0,1260.0,900.0,900.0,1440.0,720.0,780.0,1200.0,1020.0,1620.0,1920.0,780.0,720.0,1440.0,1020.0,1920.0
8.27,1206.0,960.0,1200.0,1080.0,840.0,1560.0,1320.0,1500.0,1260.0,1440.0,1080.0,1560.0,960.0,1140.0,1200.0,1560.0,1260.0,840.0,900.0,1500.0,780.0,840.0,1080.0,1080.0,1500.0,1920.0,720.0,720.0,1500.0,960.0,1920.0
8.28,1214.0,900.0,1320.0,1260.0,840.0,1620.0,1320.0,1500.0,1140.0,1440.0,1080.0,1560.0,1020.0,1200.0,1200.0,1500.0,1200.0,900.0,840.0,1440.0,780.0,840.0,1080.0,1080.0,1440.0,1800.0,780.0,780.0,1620.0,960.0,1980.0
8.290000000000001,1228.0,960.0,1260.0,1260.0,780.0,1560.0,1380.0,1620.0,1200.0,1200.0,1140.0,1560.0,1020.0,1320.0,1200.0,1680.0,1200.0,900.0,900.0,1380.0,840.0,840.0,1140.0,1140.0,1440.0,1740.0,780.0,780.0,1620.0,1020.0,1980.0
8.3,1226.0,1080.0,1260.0,1260.0,720.0,1560.0,1140.0,1620.0,1260.0,1260.0,1140.0,1620.0,1140.0,1380.0,1200.0,1620.0,1200.0,960.0,840.0,1200.0,840.0,900.0,1140.0,1200.0,1380.0,1620.0,600.0,1020.0,1740.0,960.0,1920.0
8.31,1218.0,1080.0,1260.0,1260.0,720.0,1440.0,1320.0,1620.0,1080.0,1260.0,1080.0,1560.0,1140.0,1380.0,1440.0,1440.0,1020.0,960.0,840.0,1200.0,840.0,960.0,1200.0,1200.0,1380.0,1500.0,480.0,1140.0,1740.0,1080.0,1920.0
8.32,1250.0,1200.0,1260.0,1380.0,720.0,1440.0,1260.0,1620.0,1080.0,1500.0,1080.0,1560.0,1260.0,1440.0,1680.0,1380.0,1080.0,1020.0,840.0,1260.0,960.0,960.0,1140.0,1140.0,1380.0,1380.0,480.0,1140.0,1740.0,1080.0,2040.0
8.33,1282.0,1260.0,1380.0,1500.0,780.0,1440.0,1320.0,1620.0,1140.0,1560.0,1080.0,1500.0,1320.0,1380.0,1680.0,1440.0,1080.0,1020.0,840.0,1380.0,960.0,960.0,1080.0,1200.0,1440.0,1500.0,540.0,1140.0,1800.0,1080.0,2040.0
8.34,1288.0,1620.0,1260.0,1500.0,900.0,1380.0,1380.0,1680.0,1140.0,1560.0,1080.0,1440.0,1380.0,1440.0,1620.0,1380.0,1080.0,1020.0,840.0,1320.0,900.0,900.0,1140.0,1260.0,1440.0,1380.0,600.0,1140.0,1800.0,1140.0,1920.0
8.35,1282.0,1680.0,1380.0,1560.0,840.0,1380.0,1500.0,1560.0,1140.0,1620.0,1080.0,1320.0,1380.0,1440.0,1680.0,1320.0,1080.0,960.0,840.0,1380.0,840.0,900.0,1200.0,1200.0,1380.0,1500.0,540.0,1200.0,1680.0,1080.0,1800.0
8.36,1278.0,1560.0,1380.0,1500.0,960.0,1440.0,1440.0,1560.0,1140.0,1860.0,1080.0,1200.0,1440.0,1380.0,1560.0,1260.0,1080.0,1020.0,840.0,1380.0,960.0,840.0,1260.0,1200.0,1320.0,1380.0,600.0,1200.0,1620.0,1140.0,1740.0
8.370000000000001,1300.0,1620.0,1500.0,1440.0,960.0,1500.0,1440.0,1560.0,1200.0,1920.0,1080.0,1140.0,1560.0,1500.0,1620.0,1260.0,1080.0,1200.0,960.0,1320.0,960.0,840.0,1320.0,1200.0,1260.0,1320.0,480.0,1200.0,1620.0,1080.0,1860.0
8.38,1316.0,1800.0,1440.0,1380.0,960.0,1620.0,1380.0,1560.0,1200.0,1980.0,960.0,1260.0,1620.0,1500.0,1680.0,1320.0,1080.0,1260.0,1020.0,1440.0,1020.0,780.0,1260.0,1260.0,1200.0,1260.0,480.0,1320.0,1500.0,1020.0,1920.0
8.39,1336.0,1920.0,1440.0,1320.0,1020.0,1500.0,1380.0,1560.0,1140.0,1980.0,960.0,1200.0,1560.0,1680.0,1680.0,1320.0,1080.0,1320.0,1080.0,1500.0,960.0,780.0,1440.0,1260.0,1140.0,1200.0,540.0,1380.0,1680.0,1140.0,1920.0
8.4,1352.0,2040.0,1500.0,1320.0,1020.0,1560.0,1320.0,1620.0,1140.0,2040.0,1080.0,1140.0,1560.0,1800.0,1680.0,1320.0,1080.0,1320.0,1200.0,1560.0,1020.0,660.0,1380.0,1260.0,1080.0,1140.0,600.0,1260.0,1680.0,1140.0,2040.0
8.41,1336.0,2040.0,1380.0,1260.0,1080.0,1560.0,1440.0,1620.0,1020.0,1920.0,1140.0,1020.0,1500.0,1800.0,1680.0,1320.0,1080.0,1260.0,1200.0,1500.0,1080.0,660.0,1320.0,1320.0,1080.0,1140.0,600.0,1320.0,1560.0,1140.0,2040.0
8.42,1342.0,1980.0,1320.0,1260.0,1140.0,1560.0,1440.0,1620.0,960.0,1920.0,1140.0,1080.0,1500.0,1800.0,1740.0,1320.0,1020.0,1380.0,1200.0,1500.0,1140.0,600.0,1320.0,1260.0,1260.0,1200.0,660.0,1320.0,1560.0,1200.0,1860.0
8.43,1348.0,1980.0,1260.0,1320.0,1200.0,1560.0,1440.0,1680.0,960.0,2040.0,1140.0,1080.0,1440.0,1680.0,1740.0,1140.0,1080.0,1380.0,1140.0,1500.0,1200.0,660.0,1380.0,1260.0,1320.0,1200.0,720.0,1320.0,1560.0,1260.0,1800.0
8.44,1342.0,2100.0,1380.0,1320.0,1140.0,1620.0,1440.0,1800.0,960.0,2040.0,1140.0,960.0,1320.0,1680.0,1620.0,1020.0,1140.0,1380.0,1320.0,1440.0,1200.0,600.0,1380.0,1320.0,1380.0,1260.0,660.0,1200.0,1500.0,1140.0,1800.0
8.45,1350.0,2040.0,1380.0,1440.0,1140.0,1500.0,1440.0,1740.0,960.0,1920.0,1140.0,960.0,1380.0,1560.0,1740.0,960.0,1140.0,1560.0,1320.0,1440.0,1140.0,660.0,1440.0,1260.0,1440.0,1200.0,720.0,1320.0,1560.0,1200.0,1800.0
8.46,1362.0,2040.0,1320.0,1440.0,1140.0,1560.0,1620.0,1680.0,1080.0,1740.0,1140.0,960.0,1440.0,1680.0,1620.0,1020.0,1200.0,1500.0,1320.0,1440.0,1020.0,660.0,1380.0,1200.0,1560.0,1260.0,780.0,1200.0,1620.0,1260.0,1980.0
8.47,1360.0,2100.0,1320.0,1440.0,1080.0,1680.0,1500.0,1680.0,1140.0,1560.0,1080.0,1020.0,1320.0,1860.0,1560.0,1020.0,1260.0,1500.0,1200.0,1500.0,1140.0,660.0,1320.0,1140.0,1620.0,1260.0,840.0,1200.0,1620.0,1200.0,1980.0
8.48,1356.0,1920.0,1320.0,1440.0,1020.0,1620.0,1500.0,1680.0,1080.0,1560.0,1140.0,960.0,1320.0,1800.0,1620.0,1080.0,1260.0,1440.0,1200.0,1560.0,1080.0,660.0,1260.0,1320.0,1620.0,1320.0,840.0,1260.0,1500.0,1260.0,2040.0
8.49,1356.0,1920.0,1380.0,1320.0,1080.0,1500.0,1440.0,1620.0,1080.0,1620.0,1140.0,960.0,1260.0,1800.0,1740.0,1140.0,1260.0,1560.0,1260.0,1560.0,900.0,660.0,1200.0,1200.0,1620.0,1320.0,720.0,1380.0,1740.0,1260.0,2040.0
8.5,1362.0,1860.0,1380.0,1440.0,1080.0,1440.0,1500.0,1500.0,1140.0,1620.0,1020.0,1080.0,1320.0,1680.0,1680.0,1140.0,1320.0,1500.0,1320.0,1560.0,1080.0,720.0,1140.0,1140.0,1680.0,1320.0,840.0,1440.0,1680.0,1260.0,1980.0
8.51,1396.0,1800.0,1440.0,1440.0,1080.0,1440.0,1560.0,1620.0,1320.0,1620.0,960.0,1260.0,1320.0,1680.0,1680.0,1140.0,1320.0,1440.0,1380.0,1560.0,1200.0,900.0,1260.0,1260.0,1740.0,1260.0,900.0,1440.0,1680.0,1440.0,1740.0
8.52,1382.0,1740.0,1440.0,1500.0,1080.0,1440.0,1500.0,1440.0,1320.0,1560.0,960.0,1260.0,1320.0,1560.0,1680.0,1200.0,1320.0,1440.0,1380.0,1500.0,1200.0,960.0,1200.0,1320.0,1680.0,1380.0,1020.0,1320.0,1620.0,1440.0,1680.0
8.53,1384.0,1680.0,1380.0,1380.0,1140.0,1380.0,1500.0,1380.0,1320.0,1620.0,960.0,1380.0,1260.0,1560.0,1620.0,1380.0,1380.0,1440.0,1440.0,1560.0,1380.0,960.0,1200.0,1380.0,1440.0,1320.0,1200.0,1380.0,1440.0,1380.0,1680.0
8.540000000000001,1378.0,1680.0,1320.0,1380.0,1200.0,1320.0,1500.0,1200.0,1380.0,1680.0,960.0,1380.0,1260.0,1620.0,1440.0,1320.0,1380.0,1440.0,1380.0,1500.0,1500.0,960.0,1200.0,1440.0,1440.0,1320.0,1320.0,1440.0,1440.0,1320.0,1620.0
8.55,1392.0,1680.0,1380.0,1380.0,1200.0,1200.0,1500.0,1260.0,1380.0,1800.0,960.0,1380.0,1260.0,1620.0,1740.0,1380.0,1320.0,1500.0,1320.0,1500.0,1500.0,960.0,1200.0,1440.0,1560.0,1260.0,1260.0,1500.0,1440.0,1260.0,1620.0
8.56,1402.0,1560.0,1380.0,1440.0,1200.0,1260.0,1500.0,1260.0,1380.0,1800.0,1080.0,1380.0,1260.0,1620.0,1740.0,1440.0,1320.0,1560.0,1440.0,1440.0,1500.0,1020.0,1260.0,1440.0,1260.0,1200.0,1380.0,1440.0,1560.0,1380.0,1560.0
8.57,1418.0,1500.0,1500.0,1440.0,1260.0,1260.0,1500.0,1140.0,1380.0,1800.0,1140.0,1380.0,1320.0,1860.0,1680.0,1620.0,1140.0,1560.0,1440.0,1320.0,1620.0,900.0,1320.0,1440.0,1320.0,1140.0,1500.0,1500.0,1680.0,1380.0,1500.0
8.58,1428.0,1500.0,1560.0,1500.0,1320.0,1260.0,1560.0,1260.0,1380.0,1860.0,1140.0,1380.0,1320.0,1860.0,1740.0,1620.0,1080.0,1440.0,1500.0,1260.0,1560.0,900.0,1260.0,1440.0,1440.0,1140.0,1560.0,1500.0,1680.0,1380.0,1440.0
8.59,1420.0,1560.0,1560.0,1380.0,1320.0,1320.0,1560.0,1260.0,1380.0,1860.0,1200.0,1320.0,1260.0,1680.0,1740.0,1680.0,1140.0,1500.0,1440.0,1260.0,1560.0,1140.0,1200.0,1440.0,1320.0,1020.0,1620.0,1500.0,1620.0,1320.0,1440.0
8.6,1432.0,1500.0,1560.0,1320.0,1380.0,1320.0,1500.0,1380.0,1440.0,1740.0,1200.0,1320.0,1260.0,1860.0,1680.0,1560.0,1140.0,1620.0,1440.0,1320.0,1620.0,1200.0,1200.0,1380.0,1440.0,1020.0,1680.0,1320.0,1740.0,1320.0,1500.0
8.61,1452.0,1440.0,1680.0,1500.0,1380.0,1320.0,1440.0,1380.0,1500.0,1740.0,1140.0,1440.0,1380.0,2040.0,1560.0,1560.0,1080.0,1680.0,1380.0,1380.0,1620.0,1200.0,1020.0,1380.0,1560.0,1080.0,1800.0,1380.0,1740.0,1380.0,1380.0
8.620000000000001,1432.0,1380.0,1680.0,1500.0,1380.0,1320.0,1320.0,1320.0,1560.0,1680.0,1140.0,1440.0,1320.0,2040.0,1500.0,1500.0,960.0,1620.0,1320.0,1380.0,1620.0,1200.0,1020.0,1200.0,1680.0,1080.0,1860.0,1380.0,1680.0,1500.0,1380.0
8.63,1442.0,1380.0,1620.0,1800.0,1380.0,1260.0,1140.0,1380.0,1800.0,1680.0,1200.0,1380.0,1260.0,1980.0,1560.0,1560.0,840.0,1680.0,1260.0,1380.0,1620.0,1260.0,1080.0,1320.0,1620.0,1140.0,1920.0,1380.0,1680.0,1380.0,1320.0
8.64,1454.0,1380.0,1560.0,1800.0,1320.0,1320.0,1140.0,1380.0,1800.0,1560.0,1200.0,1380.0,1260.0,1980.0,1620.0,1440.0,840.0,1800.0,1320.0,1320.0,1500.0,1260.0,1200.0,1380.0,1740.0,1200.0,1800.0,1500.0,1920.0,1380.0,1320.0
8.65,1464.0,1320.0,1560.0,1980.0,1380.0,1260.0,1080.0,1440.0,1800.0,1380.0,1260.0,1440.0,1500.0,1860.0,1620.0,1320.0,840.0,1740.0,1260.0,1260.0,1560.0,1320.0,1260.0,1320.0,1920.0,1200.0,1800.0,1500.0,1920.0,1500.0,1320.0
8.66,1482.0,1320.0,1620.0,1920.0,1320.0,1200.0,1080.0,1380.0,1920.0,1380.0,1200.0,1560.0,1560.0,1860.0,1620.0,1380.0,780.0,1800.0,1320.0,1440.0,1560.0,1380.0,1320.0,1380.0,1980.0,1200.0,1740.0,1440.0,2040.0,1500.0,1260.0
8.67,1528.0,1320.0,1560.0,1860.0,1440.0,1260.0,1080.0,1440.0,2040.0,1380.0,1320.0,1620.0,1680.0,1920.0,1740.0,1380.0,840.0,1800.0,1380.0,1440.0,1860.0,1380.0,1320.0,1560.0,1860.0,1200.0,1860.0,1380.0,2040.0,1560.0,1320.0
8.68,1548.0,1440.0,1440.0,1800.0,1680.0,1320.0,1140.0,1680.0,1980.0,1380.0,1380.0,1500.0,1680.0,1980.0,1740.0,1200.0,840.0,1740.0,1380.0,1440.0,1980.0,1380.0,1380.0,1500.0,1800.0,1380.0,1980.0,1380.0,2040.0,1560.0,1320.0
8.69,1568.0,1500.0,1560.0,1740.0,1560.0,1500.0,1260.0,1740.0,2040.0,1320.0,1380.0,1680.0,1680.0,2040.0,1860.0,1140.0,900.0,1740.0,1440.0,1380.0,1920.0,1320.0,1200.0,1500.0,1980.0,1380.0,2100.0,1440.0,1860.0,1560.0,1320.0
8.700000000000001,1592.0,1500.0,1500.0,1800.0,1620.0,1560.0,1200.0,1740.0,2040.0,1260.0,1380.0,1800.0,1680.0,1860.0,1920.0,1260.0,840.0,1920.0,1440.0,1440.0,1920.0,1440.0,1260.0,1440.0,2040.0,1440.0,2160.0,1380.0,1920.0,1680.0,1320.0
8.71,1620.0,1500.0,1440.0,1740.0,1620.0,1620.0,1140.0,1740.0,2160.0,1320.0,1440.0,1740.0,1800.0,1680.0,2040.0,1320.0,780.0,1920.0,1620.0,1500.0,2100.0,1500.0,1320.0,1380.0,2100.0,1740.0,2100.0,1320.0,1860.0,1620.0,1440.0
8.72,1584.0,1440.0,1440.0,1620.0,1560.0,1620.0,1200.0,1800.0,2100.0,1140.0,1440.0,1620.0,1860.0,1740.0,1920.0,1320.0,780.0,1800.0,1500.0,1440.0,2160.0,1500.0,1320.0,1440.0,2100.0,1740.0,2100.0,1260.0,1740.0,1500.0,1320.0
8.73,1596.0,1380.0,1560.0,1560.0,1500.0,1620.0,1260.0,1800.0,2100.0,1200.0,1440.0,1680.0,1860.0,1800.0,1800.0,1500.0,840.0,1800.0,1560.0,1380.0,2280.0,1500.0,1320.0,1380.0,2100.0,1740.0,2160.0,1260.0,1860.0,1320.0,1320.0
8.74,1600.0,1440.0,1560.0,1500.0,1620.0,1620.0,1320.0,1800.0,2100.0,1140.0,1440.0,1620.0,1860.0,1920.0,1860.0,1560.0,780.0,1800.0,1560.0,1380.0,2340.0,1500.0,1320.0,1260.0,2100.0,1680.0,2160.0,1320.0,1920.0,1380.0,1140.0
8.75,1612.0,1500.0,1740.0,1380.0,1620.0,1560.0,1320.0,1800.0,2100.0,960.0,1380.0,1620.0,1920.0,1920.0,1800.0,1380.0,900.0,1920.0,1560.0,1440.0,2400.0,1620.0,1320.0,1320.0,2100.0,1800.0,2280.0,1260.0,1920.0,1440.0,1080.0
8.76,1600.0,1380.0,1740.0,1320.0,1560.0,1440.0,1320.0,1860.0,2220.0,1020.0,1260.0,1620.0,1980.0,1920.0,1860.0,1320.0,900.0,1860.0,1620.0,1500.0,2460.0,1560.0,1380.0,1260.0,2040.0,1740.0,2220.0,1320.0,1800.0,1440.0,1080.0
8.77,1622.0,1320.0,1800.0,1500.0,1440.0,1500.0,1380.0,1860.0,2280.0,1020.0,1380.0,1740.0,2040.0,1920.0,1860.0,1320.0,900.0,1800.0,1680.0,1500.0,2460.0,1500.0,1620.0,1260.0,1920.0,1740.0,2220.0,1200.0,1920.0,1500.0,1080.0
8.78,1626.0,1380.0,1920.0,1500.0,1380.0,1500.0,1380.0,1860.0,2280.0,1140.0,1380.0,1860.0,1980.0,1860.0,1920.0,1260.0,1020.0,1800.0,1680.0,1380.0,2220.0,1500.0,1560.0,1380.0,1860.0,1680.0,2220.0,1380.0,1920.0,1500.0,1080.0
8.790000000000001,1646.0,1200.0,2040.0,1620.0,1380.0,1500.0,1260.0,1920.0,2160.0,1320.0,1380.0,1680.0,1980.0,1920.0,1980.0,1380.0,1020.0,1860.0,1680.0,1620.0,2220.0,1500.0,1560.0,1380.0,1740.0,1740.0,2280.0,1440.0,1980.0,1560.0,1080.0
8.8,1648.0,1140.0,2100.0,1560.0,1380.0,1500.0,1200.0,1920.0,2220.0,1380.0,1620.0,1680.0,1920.0,1920.0,1860.0,1380.0,960.0,1980.0,1560.0,1500.0,2280.0,1500.0,1500.0,1440.0,1920.0,1680.0,2100.0,1560.0,1920.0,1620.0,1140.0
8.81,1652.0,1080.0,2040.0,1560.0,1320.0,1440.0,1260.0,2040.0,2220.0,1440.0,1620.0,1680.0,1980.0,1920.0,1980.0,1320.0,1020.0,2100.0,1440.0,1500.0,2160.0,1500.0,1500.0,1440.0,1860.0,1740.0,2040.0,1560.0,1920.0,1620.0,1260.0
8.82,1656.0,1080.0,2040.0,1560.0,1380.0,1620.0,1440.0,1980.0,2340.0,1560.0,1680.0,1740.0,1980.0,1980.0,1860.0,1320.0,1020.0,2040.0,1440.0,1320.0,2160.0,1560.0,1380.0,1440.0,1800.0,1800.0,2040.0,1560.0,1800.0,1620.0,1140.0
8.83,1662.0,1140.0,1920.0,1680.0,1380.0,1560.0,1440.0,1920.0,2400.0,1560.0,1560.0,1680.0,1980.0,1980.0,1920.0,1320.0,1080.0,2040.0,1560.0,1260.0,2220.0,1620.0,1320.0,1500.0,1860.0,1740.0,2100.0,1440.0,1740.0,1740.0,1200.0
8.84,1648.0,1020.0,1980.0,1680.0,1260.0,1500.0,1380.0,1860.0,2340.0,1560.0,1560.0,1680.0,1980.0,1980.0,1980.0,1440.0,1140.0,1980.0,1500.0,1440.0,2280.0,1380.0,1380.0,1500.0,1920.0,1800.0,1980.0,1380.0,1800.0,1560.0,1200.0
8.85,1638.0,1020.0,1920.0,1860.0,1260.0,1560.0,1500.0,2040.0,2220.0,1500.0,1500.0,1680.0,1980.0,1800.0,1800.0,1380.0,1080.0,1980.0,1500.0,1500.0,2400.0,1260.0,1440.0,1500.0,1980.0,1680.0,2040.0,1440.0,1680.0,1560.0,1080.0
8.86,1624.0,900.0,1800.0,1740.0,1200.0,1620.0,1620.0,2040.0,2100.0,1620.0,1560.0,1740.0,1860.0,1740.0,1740.0,1320.0,1080.0,1980.0,1380.0,1500.0,2280.0,1320.0,1380.0,1620.0,1920.0,1740.0,2220.0,1320.0,1620.0,1620.0,1140.0
8.870000000000001,1638.0,900.0,1740.0,1740.0,1320.0,1620.0,1620.0,1980.0,2160.0,1680.0,1560.0,1680.0,1800.0,1740.0,1680.0,1320.0,1140.0,1980.0,1500.0,1560.0,2340.0,1260.0,1500.0,1680.0,1920.0,1740.0,2160.0,1440.0,1500.0,1680.0,1200.0
8.88,1666.0,840.0,1800.0,1800.0,1380.0,1740.0,1680.0,1980.0,2100.0,1740.0,1620.0,1740.0,1860.0,1740.0,1620.0,1260.0,1320.0,1920.0,1560.0,1500.0,2220.0,1320.0,1500.0,1740.0,2040.0,1860.0,2160.0,1500.0,1440.0,1680.0,1320.0
8.89,1660.0,900.0,1860.0,1800.0,1440.0,1740.0,1740.0,1860.0,1980.0,1740.0,1680.0,1680.0,1860.0,1620.0,1500.0,1260.0,1260.0,1920.0,1440.0,1440.0,2160.0,1500.0,1560.0,1740.0,2160.0,1920.0,2160.0,1380.0,1380.0,1680.0,1440.0
8.9,1674.0,900.0,1800.0,1860.0,1380.0,1740.0,1740.0,1800.0,1980.0,1800.0,1500.0,1560.0,1740.0,1680.0,1680.0,1380.0,1320.0,1920.0,1440.0,1500.0,2220.0,1680.0,1560.0,1620.0,2160.0,1980.0,2280.0,1440.0,1440.0,1680.0,1440.0
8.91,1678.0,960.0,1920.0,1980.0,1500.0,1800.0,1680.0,1740.0,1980.0,1680.0,1560.0,1500.0,1500.0,1560.0,1680.0,1260.0,1320.0,1860.0,1440.0,1560.0,2280.0,1620.0,1620.0,1680.0,2040.0,2040.0,2280.0,1740.0,1380.0,1800.0,1380.0
8.92,1710.0,1020.0,1920.0,1980.0,1500.0,1800.0,1680.0,1800.0,2040.0,1680.0,1680.0,1440.0,1560.0,1680.0,1680.0,1260.0,1320.0,1740.0,1620.0,1560.0,2340.0,1620.0,1680.0,1560.0,2040.0,1980.0,2460.0,1860.0,1320.0,1920.0,1560.0
8.93,1720.0,960.0,1920.0,1980.0,1440.0,1800.0,1620.0,1680.0,2100.0,1740.0,1680.0,1440.0,1620.0,1740.0,1620.0,1260.0,1320.0,1800.0,1560.0,1500.0,2400.0,1800.0,1680.0,1560.0,1980.0,1980.0,2520.0,1860.0,1560.0,1980.0,1500.0
8.94,1722.0,960.0,2040.0,1920.0,1440.0,1980.0,1620.0,1560.0,2100.0,1740.0,1680.0,1380.0,1620.0,1740.0,1620.0,1200.0,1380.0,1800.0,1680.0,1620.0,2220.0,1680.0,1560.0,1560.0,1980.0,1980.0,2580.0,1920.0,1440.0,2100.0,1560.0
8.950000000000001,1736.0,1080.0,1980.0,1800.0,1620.0,1920.0,1800.0,1620.0,1980.0,1860.0,1680.0,1260.0,1620.0,1800.0,1620.0,1200.0,1380.0,1740.0,1560.0,1560.0,2100.0,1800.0,1620.0,1740.0,1920.0,2160.0,2700.0,1920.0,1320.0,2040.0,1680.0
8.96,1738.0,1140.0,1860.0,1800.0,1680.0,1920.0,1980.0,1740.0,1980.0,1800.0,1620.0,1260.0,1680.0,1800.0,1500.0,1260.0,1260.0,1620.0,1680.0,1620.0,2100.0,1800.0,1740.0,1740.0,1920.0,2100.0,2580.0,1920.0,1380.0,1980.0,1680.0
8.97,1722.0,1200.0,1860.0,1740.0,1500.0,1920.0,1980.0,1860.0,2040.0,1860.0,1500.0,1320.0,1680.0,1740.0,1440.0,1140.0,1200.0,1740.0,1500.0,1560.0,2160.0,1800.0,1740.0,1800.0,1800.0,2100.0,2520.0,1800.0,1320.0,2100.0,1740.0
8.98,1728.0,1260.0,1680.0,1740.0,1440.0,1920.0,2040.0,1860.0,1980.0,1920.0,1500.0,1200.0,1800.0,1680.0,1440.0,1320.0,1320.0,1920.0,1500.0,1560.0,2040.0,1740.0,1800.0,1920.0,1740.0,2100.0,2520.0,1860.0,1260.0,2040.0,1740.0
8.99,1730.0,1440.0,1680.0,1740.0,1440.0,1920.0,1920.0,1980.0,1860.0,2100.0,1620.0,1320.0,1920.0,1740.0,1500.0,1320.0,1320.0,1920.0,1560.0,1620.0,1920.0,1560.0,1740.0,1860.0,1560.0,2100.0,2400.0,1860.0,1200.0,1980.0,1800.0
9.0,1736.0,1500.0,1680.0,1800.0,1440.0,1920.0,1860.0,1980.0,1920.0,2220.0,1500.0,1320.0,1920.0,1740.0,1560.0,1320.0,1320.0,1920.0,1620.0,1500.0,2040.0,1680.0,1740.0,1800.0,1560.0,1980.0,2220.0,1980.0,1080.0,2040.0,1920.0
9.01,1730.0,1440.0,1740.0,1800.0,1320.0,1920.0,1920.0,1920.0,1920.0,2160.0,1440.0,1260.0,1920.0,1740.0,1500.0,1320.0,1320.0,2040.0,1680.0,1560.0,2100.0,1680.0,1620.0,1800.0,1500.0,1980.0,2160.0,1980.0,1140.0,2160.0,1860.0
9.02,1714.0,1380.0,1860.0,1560.0,1320.0,1980.0,1980.0,1980.0,1740.0,2160.0,1440.0,1320.0,1740.0,1560.0,1500.0,1320.0,1320.0,1980.0,1620.0,1500.0,1980.0,1740.0,1680.0,1740.0,1680.0,1800.0,2040.0,2040.0,1260.0,2280.0,1920.0
9.03,1714.0,1560.0,1740.0,1500.0,1320.0,1980.0,1980.0,1980.0,1680.0,2100.0,1380.0,1260.0,1800.0,1500.0,1500.0,1320.0,1440.0,1920.0,1620.0,1560.0,2040.0,1620.0,1680.0,1740.0,1740.0,1800.0,2100.0,2100.0,1320.0,2340.0,1800.0
9.040000000000001,1704.0,1500.0,1680.0,1440.0,1380.0,1980.0,1860.0,2040.0,1740.0,2160.0,1380.0,1320.0,1800.0,1440.0,1560.0,1260.0,1680.0,1980.0,1620.0,1440.0,2100.0,1620.0,1740.0,1680.0,1620.0,1860.0,1980.0,2100.0,1200.0,2280.0,1680.0
9.05,1738.0,1500.0,1740.0,1440.0,1440.0,2100.0,1860.0,2040.0,1740.0,2220.0,1680.0,1320.0,1800.0,1440.0,1620.0,1320.0,1620.0,1980.0,1740.0,1500.0,2040.0,1680.0,1740.0,1500.0,1620.0,1860.0,1920.0,2220.0,1260.0,2400.0,1800.0
9.06,1730.0,1440.0,1740.0,1440.0,1380.0,1920.0,1740.0,1980.0,1740.0,2220.0,1920.0,1320.0,1800.0,1560.0,1620.0,1320.0,1680.0,1920.0,1680.0,1560.0,2040.0,1560.0,1860.0,1380.0,1620.0,1920.0,1920.0,2280.0,1260.0,2340.0,1740.0
9.07,1734.0,1500.0,1800.0,1440.0,1500.0,2040.0,1680.0,2100.0,1800.0,2280.0,1860.0,1080.0,1860.0,1560.0,1500.0,1380.0,1680.0,1920.0,1680.0,1620.0,2040.0,1560.0,1800.0,1320.0,1500.0,1860.0,1860.0,2220.0,1380.0,2280.0,1920.0
9.08,1750.0,1620.0,1800.0,1380.0,1500.0,2160.0,1680.0,2100.0,1680.0,2340.0,2040.0,1080.0,1800.0,1560.0,1680.0,1560.0,1860.0,1920.0,1620.0,1740.0,1920.0,1500.0,1920.0,1320.0,1500.0,1860.0,1800.0,2100.0,1380.0,2160.0,1920.0
9.09,1782.0,1680.0,1860.0,1320.0,1620.0,2160.0,1620.0,2160.0,1680.0,2460.0,2100.0,1140.0,1860.0,1560.0,1740.0,1680.0,1800.0,1980.0,1620.0,1800.0,1800.0,1440.0,1920.0,1380.0,1620.0,2040.0,1740.0,2220.0,1500.0,2100.0,1860.0
9.1,1796.0,1740.0,1860.0,1380.0,1620.0,2220.0,1620.0,2220.0,1740.0,2580.0,2220.0,1380.0,1680.0,1500.0,1620.0,1740.0,1680.0,1980.0,1620.0,1860.0,1860.0,1500.0,1980.0,1380.0,1620.0,2220.0,1620.0,2100.0,1440.0,1980.0,1920.0
9.11,1816.0,1740.0,1800.0,1440.0,1560.0,2280.0,1620.0,2100.0,1680.0,2520.0,2160.0,1560.0,1920.0,1560.0,1740.0,1740.0,1800.0,1980.0,1800.0,1860.0,1860.0,1560.0,2040.0,1500.0,1680.0,2220.0,1560.0,1980.0,1380.0,1980.0,1860.0
9.120000000000001,1846.0,1800.0,1980.0,1440.0,1500.0,2160.0,1560.0,2160.0,1620.0,2460.0,2160.0,1500.0,2100.0,1560.0,1740.0,1860.0,1920.0,1980.0,1800.0,2040.0,1980.0,1680.0,2100.0,1500.0,1680.0,2280.0,1620.0,2040.0,1500.0,1860.0,1800.0
9.13,1866.0,1620.0,1980.0,1560.0,1440.0,2040.0,1560.0,2280.0,1740.0,2520.0,2280.0,1440.0,2040.0,1560.0,1740.0,1920.0,2040.0,2040.0,1800.0,2220.0,2040.0,1740.0,2160.0,1560.0,1680.0,2220.0,1620.0,1980.0,1380.0,1920.0,1860.0
9.14,1876.0,1560.0,1980.0,1560.0,1440.0,2100.0,1560.0,2340.0,1800.0,2520.0,2220.0,1500.0,1860.0,1560.0,1800.0,1860.0,2040.0,1980.0,1860.0,2160.0,2040.0,1920.0,2040.0,1560.0,1740.0,2100.0,1740.0,2100.0,1440.0,1980.0,1920.0
9.15,1890.0,1560.0,2040.0,1560.0,1680.0,2100.0,1500.0,2220.0,1860.0,2400.0,2340.0,1620.0,1980.0,1620.0,1920.0,1860.0,2040.0,1800.0,1740.0,2220.0,2040.0,1980.0,2040.0,1440.0,1740.0,1980.0,1620.0,2220.0,1500.0,2160.0,1920.0
9.16,1908.0,1560.0,2160.0,1620.0,1620.0,2220.0,1560.0,2280.0,1860.0,2340.0,2280.0,1620.0,1980.0,1620.0,1980.0,1800.0,2160.0,1740.0,1740.0,2160.0,1980.0,1980.0,2160.0,1620.0,1800.0,1980.0,1620.0,2280.0,1500.0,2100.0,1920.0
9.17,1912.0,1620.0,2220.0,1620.0,1680.0,2280.0,1680.0,2100.0,2040.0,2400.0,2160.0,1620.0,1920.0,1500.0,1980.0,1800.0,2100.0,1800.0,1860.0,2220.0,1920.0,1860.0,2040.0,1620.0,1740.0,1980.0,1740.0,2220.0,1440.0,2160.0,2040.0
9.18,1924.0,1560.0,2220.0,1680.0,1620.0,2160.0,1500.0,1980.0,2040.0,2460.0,1980.0,1680.0,1920.0,1560.0,2100.0,1920.0,2160.0,1980.0,1920.0,2280.0,1860.0,2040.0,2040.0,1680.0,1800.0,1920.0,1740.0,2280.0,1440.0,2040.0,2160.0
9.19,1914.0,1560.0,2280.0,1680.0,1620.0,2160.0,1440.0,1980.0,2160.0,2520.0,1860.0,1800.0,1860.0,1560.0,2160.0,1920.0,2160.0,1920.0,1920.0,2280.0,1920.0,1800.0,1920.0,1620.0,1740.0,1980.0,1680.0,2220.0,1500.0,2100.0,2100.0
9.200000000000001,1940.0,1560.0,2280.0,1740.0,1560.0,2160.0,1440.0,1920.0,2100.0,2640.0,1980.0,1800.0,1800.0,1620.0,2160.0,2040.0,2100.0,1920.0,1860.0,2340.0,1860.0,1860.0,2040.0,1680.0,1560.0,2160.0,1680.0,2340.0,1560.0,2220.0,2220.0
9.21,1944.0,1680.0,2160.0,1680.0,1620.0,2220.0,1320.0,1740.0,2040.0,2700.0,1980.0,1860.0,1740.0,1800.0,2040.0,2100.0,2100.0,1860.0,1800.0,2220.0,1800.0,1860.0,1860.0,1680.0,1740.0,2160.0,1740.0,2460.0,1740.0,2280.0,2340.0
9.22,1958.0,1740.0,2160.0,1860.0,1680.0,1980.0,1320.0,1800.0,2040.0,2460.0,1980.0,2100.0,1740.0,1920.0,1920.0,2100.0,2100.0,1920.0,1920.0,2280.0,1860.0,1800.0,1920.0,1680.0,1740.0,2220.0,1860.0,2400.0,1800.0,2220.0,2220.0
9.23,1970.0,1860.0,2220.0,1980.0,1740.0,1980.0,1140.0,1920.0,2040.0,2400.0,1980.0,2340.0,1740.0,1920.0,1920.0,2100.0,2220.0,1920.0,1800.0,2280.0,1860.0,1860.0,1980.0,1680.0,1740.0,2160.0,1860.0,2280.0,1920.0,2160.0,2100.0
9.24,1958.0,1800.0,2160.0,1920.0,1740.0,1980.0,1260.0,1860.0,2040.0,2400.0,1980.0,2400.0,1740.0,1860.0,1800.0,1980.0,2100.0,2100.0,1980.0,2040.0,1740.0,1920.0,2040.0,1740.0,1740.0,2220.0,1860.0,2220.0,1920.0,2100.0,2100.0
9.25,1950.0,1860.0,2100.0,1800.0,1860.0,2040.0,1320.0,1920.0,2160.0,2280.0,1860.0,2520.0,1620.0,1920.0,1860.0,1920.0,2160.0,2160.0,1800.0,2040.0,1680.0,1800.0,1860.0,1740.0,1800.0,2220.0,1980.0,2160.0,1920.0,2040.0,2100.0
9.26,1932.0,1860.0,1980.0,1740.0,1860.0,2040.0,1200.0,1800.0,2220.0,2400.0,1860.0,2400.0,1860.0,1980.0,1800.0,1740.0,2100.0,2160.0,1920.0,1980.0,1680.0,1800.0,1920.0,1620.0,1800.0,2160.0,2040.0,2220.0,1800.0,1980.0,2040.0
9.27,1940.0,1740.0,2040.0,1740.0,1920.0,2160.0,1260.0,1740.0,2220.0,2340.0,2040.0,2340.0,1800.0,1920.0,1860.0,1740.0,1860.0,2100.0,1860.0,2040.0,1560.0,1920.0,1980.0,1800.0,1800.0,2160.0,2100.0,2100.0,1860.0,2160.0,2040.0
9.28,1930.0,1680.0,1980.0,1680.0,2100.0,2100.0,1200.0,1680.0,2160.0,2460.0,2040.0,2400.0,1800.0,1860.0,1920.0,1740.0,1920.0,2100.0,1860.0,1980.0,1560.0,1980.0,1920.0,1800.0,1860.0,2100.0,2040.0,2040.0,1740.0,2220.0,1980.0
9.290000000000001,1978.0,1680.0,2100.0,1740.0,2100.0,2160.0,1320.0,1620.0,2220.0,2640.0,2100.0,2280.0,1800.0,1860.0,1860.0,1920.0,2040.0,2040.0,1740.0,1980.0,1740.0,2040.0,1920.0,1800.0,2040.0,2100.0,2040.0,2040.0,1980.0,2280.0,2160.0
9.3,1974.0,1680.0,2160.0,1860.0,2220.0,2160.0,1380.0,1680.0,2160.0,2640.0,2220.0,2100.0,1680.0,1740.0,1980.0,1860.0,1980.0,2040.0,1740.0,1980.0,1560.0,2100.0,1860.0,1740.0,2220.0,2160.0,2100.0,1740.0,1980.0,2400.0,2100.0
9.31,1972.0,1620.0,2280.0,1860.0,2160.0,2160.0,1320.0,1620.0,1980.0,2820.0,2280.0,2100.0,1620.0,1620.0,1920.0,2040.0,1860.0,2280.0,1740.0,2040.0,1560.0,2040.0,1800.0,1620.0,2220.0,2340.0,2040.0,1800.0,1980.0,2340.0,2100.0
9.32,1998.0,1740.0,2160.0,1800.0,2340.0,2280.0,1380.0,1740.0,1980.0,2760.0,2280.0,2160.0,1740.0,1620.0,1860.0,2220.0,1800.0,2280.0,1620.0,1920.0,1740.0,1980.0,1800.0,1680.0,2280.0,2220.0,2100.0,1920.0,2100.0,2340.0,2100.0
9.33,2006.0,1740.0,2280.0,1860.0,2400.0,2340.0,1320.0,1740.0,1980.0,2820.0,2220.0,2160.0,1800.0,1560.0,1860.0,2160.0,1680.0,2280.0,1560.0,1740.0,1740.0,2100.0,1860.0,1740.0,2280.0,2280.0,2160.0,1980.0,2160.0,2280.0,2100.0
9.34,2010.0,1740.0,2220.0,1920.0,2460.0,2280.0,1320.0,1740.0,1920.0,2820.0,2160.0,2100.0,1740.0,1800.0,1740.0,2160.0,1620.0,2220.0,1560.0,1740.0,1740.0,2040.0,1920.0,1740.0,2280.0,2280.0,2160.0,2040.0,2160.0,2400.0,2280.0
9.35,2036.0,1680.0,2340.0,1800.0,2580.0,2280.0,1380.0,1860.0,1920.0,2700.0,2220.0,2040.0,1740.0,2040.0,1740.0,2040.0,1740.0,2100.0,1560.0,1740.0,1740.0,2040.0,1920.0,1740.0,2220.0,2520.0,2220.0,2280.0,2220.0,2520.0,2160.0
9.36,2044.0,1620.0,2340.0,1800.0,2640.0,2400.0,1440.0,1860.0,1740.0,2640.0,2280.0,2100.0,1740.0,2100.0,1620.0,1920.0,1860.0,2220.0,1560.0,1920.0,1860.0,2040.0,1920.0,1740.0,2100.0,2460.0,2220.0,2220.0,2160.0,2520.0,2280.0
9.370000000000001,2050.0,1500.0,2460.0,1680.0,2580.0,2340.0,1560.0,1800.0,1800.0,2580.0,2280.0,2100.0,1740.0,2160.0,1680.0,1980.0,2100.0,2220.0,1620.0,1920.0,1800.0,1980.0,1920.0,1740.0,2040.0,2640.0,2220.0,2160.0,2160.0,2460.0,2280.0
9.38,2040.0,1500.0,2280.0,1680.0,2640.0,2400.0,1560.0,1800.0,1860.0,2520.0,2340.0,2100.0,1860.0,2220.0,1620.0,2040.0,2100.0,2160.0,1800.0,1860.0,1800.0,1920.0,1860.0,1740.0,2040.0,2580.0,2160.0,2040.0,2040.0,2340.0,2340.0
9.39,2048.0,1560.0,2280.0,1560.0,2580.0,2340.0,1680.0,1800.0,1860.0,2460.0,2220.0,2100.0,1860.0,2160.0,1560.0,2220.0,2040.0,2100.0,1800.0,1860.0,1680.0,2040.0,1980.0,1800.0,1980.0,2820.0,2040.0,2220.0,2160.0,2340.0,2340.0
9.4,2008.0,1620.0,2160.0,1500.0,2460.0,2400.0,1740.0,1740.0,1800.0,2340.0,2160.0,1800.0,1860.0,2160.0,1500.0,2160.0,1980.0,2100.0,1860.0,1920.0,1680.0,1980.0,1920.0,1680.0,1860.0,2820.0,1920.0,2220.0,2160.0,2340.0,2400.0
9.41,2006.0,1620.0,2160.0,1560.0,2520.0,2460.0,1740.0,1800.0,1740.0,2220.0,2160.0,1800.0,1800.0,2160.0,1620.0,2220.0,1980.0,2040.0,1860.0,1980.0,1680.0,2040.0,1920.0,1740.0,1620.0,2760.0,1860.0,2220.0,2160.0,2400.0,2340.0
9.42,2018.0,1500.0,2400.0,1380.0,2520.0,2520.0,1800.0,1680.0,1680.0,2100.0,2280.0,1800.0,1680.0,2160.0,1740.0,2220.0,1920.0,1980.0,1920.0,1860.0,1740.0,2040.0,1920.0,1860.0,1620.0,2700.0,1800.0,2340.0,2160.0,2700.0,2520.0
9.43,2018.0,1500.0,2220.0,1380.0,2520.0,2520.0,1860.0,1800.0,1680.0,2040.0,2520.0,1800.0,1560.0,2100.0,1680.0,2280.0,1860.0,1920.0,1800.0,1980.0,1680.0,2160.0,1860.0,1980.0,1620.0,2580.0,1860.0,2340.0,2160.0,2760.0,2520.0
9.44,2004.0,1440.0,2160.0,1260.0,2760.0,2460.0,1860.0,1680.0,1680.0,1920.0,2460.0,1920.0,1380.0,2040.0,1680.0,2160.0,1860.0,1860.0,1740.0,2040.0,1680.0,2220.0,1860.0,1920.0,1920.0,2580.0,1860.0,2460.0,2160.0,2640.0,2460.0
9.450000000000001,2016.0,1560.0,2160.0,1260.0,2520.0,2580.0,1800.0,1680.0,1800.0,1800.0,2400.0,2040.0,1500.0,2040.0,1680.0,2160.0,1980.0,1800.0,1740.0,2160.0,1680.0,2340.0,1860.0,1920.0,1860.0,2700.0,1920.0,2400.0,2040.0,2640.0,2460.0
9.46,2012.0,1620.0,2280.0,1140.0,2520.0,2640.0,1800.0,1620.0,1680.0,1500.0,2520.0,2040.0,1560.0,2100.0,1680.0,2220.0,1980.0,1800.0,1620.0,2220.0,1740.0,2220.0,1740.0,1980.0,1920.0,2700.0,1920.0,2460.0,2160.0,2640.0,2340.0
9.47,2022.0,1680.0,2340.0,1260.0,2640.0,2580.0,1920.0,1740.0,1680.0,1620.0,2460.0,2100.0,1620.0,2220.0,1800.0,2220.0,2040.0,1740.0,1620.0,2100.0,1740.0,2280.0,1740.0,1920.0,1860.0,2640.0,1860.0,2400.0,2100.0,2580.0,2160.0
9.48,2024.0,1680.0,2040.0,1260.0,2580.0,2520.0,1860.0,1860.0,1740.0,1620.0,2460.0,2100.0,1500.0,2220.0,1740.0,2280.0,2040.0,1860.0,1620.0,2160.0,1740.0,2340.0,1800.0,1980.0,1860.0,2640.0,1800.0,2520.0,2100.0,2640.0,2160.0
9.49,2010.0,1620.0,1980.0,1200.0,2520.0,2580.0,1920.0,1800.0,1620.0,1620.0,2340.0,2040.0,1440.0,2280.0,1740.0,2220.0,2040.0,1860.0,1860.0,2280.0,1860.0,2340.0,1680.0,1980.0,1860.0,2640.0,1800.0,2400.0,2100.0,2580.0,2100.0
9.5,2032.0,1680.0,2040.0,1080.0,2460.0,2520.0,2100.0,1740.0,1500.0,1560.0,2280.0,2100.0,1620.0,2160.0,1740.0,2460.0,2100.0,2100.0,1980.0,2220.0,1920.0,2400.0,1740.0,1920.0,1920.0,2580.0,1800.0,2400.0,1980.0,2640.0,2220.0
9.51,2030.0,1560.0,2040.0,1140.0,2520.0,2340.0,2280.0,1680.0,1500.0,1620.0,2220.0,1980.0,1620.0,2160.0,1860.0,2340.0,1980.0,1980.0,1980.0,2160.0,1860.0,2340.0,1740.0,2160.0,1920.0,2640.0,1980.0,2400.0,2160.0,2580.0,2160.0
9.52,2030.0,1680.0,2040.0,1140.0,2700.0,2280.0,2280.0,1680.0,1500.0,1560.0,2100.0,1980.0,1560.0,2100.0,1860.0,2220.0,2160.0,1920.0,2040.0,2040.0,1680.0,2280.0,1860.0,2220.0,1920.0,2640.0,1920.0,2520.0,2220.0,2520.0,2280.0
9.53,2034.0,1740.0,2100.0,1260.0,2820.0,2220.0,2400.0,1740.0,1440.0,1320.0,2160.0,1980.0,1620.0,1980.0,1920.0,2280.0,2100.0,1980.0,2040.0,2040.0,1740.0,2280.0,1860.0,2040.0,1920.0,2580.0,1920.0,2460.0,2220.0,2580.0,2280.0
9.540000000000001,2012.0,1680.0,2160.0,1440.0,2700.0,2340.0,2340.0,1680.0,1320.0,1260.0,2280.0,2040.0,1680.0,1920.0,1680.0,2220.0,2160.0,1920.0,2040.0,2040.0,1620.0,2280.0,1860.0,2100.0,1860.0,2580.0,1860.0,2340.0,2280.0,2400.0,2280.0
9.55,2048.0,1800.0,1920.0,1380.0,2760.0,2400.0,2340.0,1860.0,1320.0,1380.0,2460.0,2100.0,1620.0,1920.0,1680.0,2340.0,2220.0,1920.0,2160.0,2160.0,1740.0,2160.0,1920.0,2160.0,1980.0,2580.0,1740.0,2400.0,2340.0,2340.0,2340.0
9.56,2056.0,1860.0,1980.0,1380.0,2640.0,2220.0,2220.0,1920.0,1260.0,1320.0,2400.0,2040.0,1620.0,1800.0,1800.0,2280.0,2040.0,1860.0,2160.0,2220.0,1920.0,2160.0,2100.0,2160.0,2100.0,2640.0,1800.0,2520.0,2460.0,2280.0,2520.0
9.57,2064.0,1980.0,1860.0,1380.0,2640.0,2220.0,2340.0,1920.0,1200.0,1500.0,2340.0,2040.0,1620.0,1980.0,1860.0,2220.0,1980.0,1800.0,2340.0,2280.0,1740.0,2160.0,2040.0,2280.0,2040.0,2640.0,1860.0,2580.0,2340.0,2280.0,2460.0
9.58,2072.0,1860.0,1860.0,1620.0,2640.0,2100.0,2460.0,1980.0,1200.0,1560.0,2340.0,1980.0,1560.0,1860.0,2040.0,2100.0,1920.0,1800.0,2400.0,2340.0,1860.0,2040.0,2220.0,2220.0,2100.0,2640.0,1800.0,2640.0,2220.0,2280.0,2520.0
9.59,2094.0,1860.0,1680.0,1800.0,2580.0,2220.0,2460.0,1920.0,1140.0,1620.0,2220.0,2160.0,1620.0,1860.0,1920.0,2220.0,1980.0,1920.0,2460.0,2400.0,1860.0,2160.0,2340.0,2160.0,1980.0,2760.0,1800.0,2820.0,2100.0,2340.0,2460.0
9.6,2114.0,1920.0,1680.0,1920.0,2340.0,2340.0,2400.0,1980.0,1140.0,1620.0,2220.0,2400.0,1680.0,1980.0,1980.0,2280.0,1980.0,1980.0,2340.0,2460.0,1680.0,2280.0,2340.0,1980.0,2040.0,2760.0,1800.0,2820.0,2220.0,2340.0,2520.0
9.61,2144.0,1980.0,1800.0,1980.0,2100.0,2460.0,2400.0,1920.0,1140.0,1620.0,2220.0,2340.0,1860.0,1980.0,1920.0,2160.0,2040.0,2160.0,2400.0,2340.0,1920.0,2340.0,2460.0,2040.0,1980.0,2640.0,1800.0,3180.0,2280.0,2280.0,2580.0
9.620000000000001,2162.0,1920.0,1740.0,1920.0,2220.0,2460.0,2460.0,1980.0,1260.0,1620.0,2220.0,2400.0,1740.0,2100.0,1860.0,2220.0,2100.0,2340.0,2520.0,2280.0,1980.0,2340.0,2460.0,2040.0,2040.0,2580.0,1680.0,3300.0,2160.0,2280.0,2640.0
9.63,2160.0,1980.0,1860.0,1920.0,2220.0,2580.0,2520.0,1860.0,1260.0,1560.0,2340.0,2460.0,1740.0,2280.0,2040.0,2040.0,1980.0,2340.0,2280.0,2340.0,1980.0,2400.0,2520.0,1980.0,2040.0,2460.0,1740.0,3120.0,2220.0,2100.0,2640.0
9.64,2190.0,2040.0,1800.0,1920.0,2220.0,2640.0,2460.0,1980.0,1260.0,1620.0,2340.0,2460.0,1680.0,2280.0,2220.0,1980.0,2100.0,2460.0,2280.0,2340.0,2100.0,2340.0,2640.0,2040.0,2220.0,2400.0,1740.0,3300.0,2220.0,2160.0,2460.0
9.65,2188.0,2100.0,1860.0,2040.0,2100.0,2520.0,2400.0,2040.0,1200.0,1560.0,2280.0,2280.0,1680.0,2220.0,2220.0,1920.0,2100.0,2520.0,2280.0,2520.0,2160.0,2280.0,2640.0,1920.0,2220.0,2580.0,1740.0,3180.0,2400.0,2160.0,2520.0
9.66,2202.0,2100.0,1740.0,2040.0,2040.0,2460.0,2340.0,2040.0,1320.0,1620.0,2220.0,2280.0,1680.0,2340.0,2280.0,2100.0,1980.0,2700.0,2100.0,2400.0,2220.0,2220.0,2700.0,1920.0,2280.0,2700.0,1800.0,3240.0,2400.0,2220.0,2580.0
9.67,2190.0,2040.0,1740.0,1980.0,1980.0,2460.0,2280.0,2220.0,1260.0,1500.0,2280.0,2160.0,1620.0,2220.0,2340.0,2100.0,2040.0,2580.0,2280.0,2460.0,2220.0,2160.0,2580.0,1740.0,2340.0,2640.0,1740.0,3300.0,2400.0,2280.0,2760.0
9.68,2204.0,2100.0,1740.0,1800.0,1980.0,2460.0,2460.0,2520.0,1320.0,1620.0,2280.0,2220.0,1740.0,2280.0,2400.0,2100.0,1980.0,2640.0,2280.0,2280.0,2280.0,2160.0,2640.0,1800.0,2340.0,2460.0,1560.0,3180.0,2460.0,2340.0,2700.0
9.69,2190.0,2040.0,1860.0,1680.0,1860.0,2460.0,2460.0,2580.0,1380.0,1560.0,2280.0,2040.0,1680.0,2280.0,2520.0,2160.0,2100.0,2520.0,2280.0,2220.0,2160.0,2100.0,2700.0,1740.0,2400.0,2340.0,1740.0,3240.0,2400.0,2220.0,2700.0
9.700000000000001,2220.0,2280.0,1920.0,1680.0,1860.0,2460.0,2520.0,2640.0,1380.0,1440.0,2280.0,1980.0,1800.0,2400.0,2640.0,2100.0,1980.0,2580.0,2520.0,2280.0,2040.0,2100.0,2760.0,2040.0,2460.0,2340.0,1740.0,3240.0,2340.0,2220.0,2580.0
9.71,2218.0,2340.0,1980.0,1800.0,1920.0,2520.0,2520.0,2760.0,1560.0,1380.0,2220.0,1980.0,1740.0,2400.0,2580.0,2220.0,1980.0,2580.0,2340.0,2280.0,1920.0,1980.0,2700.0,2100.0,2280.0,2280.0,1740.0,3180.0,2580.0,2100.0,2580.0
9.72,2218.0,2220.0,1800.0,1920.0,1860.0,2580.0,2460.0,2880.0,1620.0,1440.0,2220.0,1800.0,1800.0,2520.0,2520.0,2100.0,1980.0,2520.0,2400.0,2220.0,2100.0,1980.0,2580.0,2160.0,2340.0,2280.0,1860.0,3240.0,2520.0,1920.0,2700.0
9.73,2208.0,2340.0,1980.0,1860.0,1800.0,2520.0,2220.0,2700.0,1440.0,1500.0,2220.0,1740.0,1740.0,2460.0,2580.0,2220.0,1980.0,2580.0,2460.0,2400.0,1980.0,1920.0,2580.0,2160.0,2400.0,2520.0,1920.0,3060.0,2580.0,1920.0,2460.0
9.74,2236.0,2340.0,1980.0,1980.0,1740.0,2580.0,2220.0,2820.0,1560.0,1560.0,2340.0,1800.0,1860.0,2520.0,2640.0,2400.0,1920.0,2520.0,2460.0,2460.0,1980.0,1860.0,2400.0,2220.0,2400.0,2520.0,1920.0,3180.0,2640.0,1740.0,2520.0
9.75,2268.0,2580.0,2220.0,1920.0,1680.0,2520.0,2280.0,2760.0,1680.0,1620.0,2460.0,1920.0,1680.0,2700.0,2640.0,2400.0,1920.0,2640.0,2460.0,2520.0,1920.0,1920.0,2280.0,2100.0,2580.0,2520.0,1980.0,3180.0,2760.0,1620.0,2580.0
9.76,2262.0,2520.0,2460.0,1920.0,1560.0,2460.0,2220.0,2580.0,1620.0,1620.0,2580.0,1920.0,1680.0,2700.0,2580.0,2520.0,1920.0,2580.0,2460.0,2580.0,2040.0,1800.0,2340.0,2100.0,2640.0,2400.0,2040.0,3240.0,2700.0,1560.0,2520.0
9.77,2304.0,2520.0,2460.0,1980.0,1560.0,2580.0,2220.0,2640.0,1500.0,1560.0,2700.0,1980.0,1500.0,2700.0,2640.0,2520.0,2160.0,2520.0,2580.0,2760.0,2040.0,1860.0,2280.0,2160.0,2820.0,2580.0,2220.0,3120.0,2760.0,1740.0,2460.0
9.78,2296.0,2460.0,2400.0,1920.0,1680.0,2640.0,2160.0,2580.0,1560.0,1560.0,2640.0,1920.0,1560.0,2640.0,2640.0,2460.0,2220.0,2640.0,2520.0,2640.0,2040.0,1860.0,2280.0,2280.0,2760.0,2700.0,2340.0,3060.0,2700.0,1560.0,2460.0
9.790000000000001,2318.0,2520.0,2460.0,1920.0,1800.0,2460.0,2040.0,2520.0,1620.0,1620.0,2700.0,1980.0,1620.0,2700.0,2640.0,2520.0,2340.0,2700.0,2400.0,2700.0,2220.0,1860.0,2280.0,2340.0,2700.0,2760.0,2280.0,2940.0,2760.0,1620.0,2520.0
9.8,2312.0,2640.0,2460.0,1920.0,1920.0,2400.0,1980.0,2700.0,1800.0,1680.0,2460.0,1980.0,1620.0,2640.0,2460.0,2520.0,2340.0,2580.0,2400.0,2700.0,2280.0,1860.0,2220.0,2220.0,2640.0,2760.0,2220.0,3060.0,2700.0,1620.0,2580.0
9.81,2302.0,2580.0,2460.0,1920.0,1980.0,2280.0,2040.0,2580.0,1860.0,1680.0,2400.0,1980.0,1680.0,2700.0,2520.0,2460.0,2220.0,2580.0,2400.0,2520.0,2340.0,1920.0,2340.0,2220.0,2280.0,2760.0,2340.0,3060.0,2640.0,1740.0,2580.0
9.82,2294.0,2760.0,2460.0,2040.0,2100.0,2220.0,2040.0,2640.0,1800.0,1560.0,2340.0,1920.0,1620.0,2640.0,2460.0,2520.0,2220.0,2640.0,2400.0,2580.0,2400.0,1920.0,2460.0,2220.0,2280.0,2580.0,2340.0,3000.0,2460.0,1800.0,2400.0
9.83,2290.0,2700.0,2460.0,2040.0,2100.0,2400.0,1920.0,2760.0,1860.0,1740.0,2460.0,1920.0,1620.0,2640.0,2400.0,2460.0,2160.0,2580.0,2340.0,2460.0,2340.0,1860.0,2340.0,2340.0,2280.0,2640.0,2340.0,2940.0,2520.0,1800.0,2280.0
9.84,2258.0,2520.0,2280.0,1800.0,2220.0,2280.0,1980.0,2700.0,1920.0,1680.0,2400.0,2040.0,1620.0,2640.0,2400.0,2460.0,2160.0,2520.0,2400.0,2460.0,2160.0,1920.0,2460.0,2220.0,2160.0,2640.0,2340.0,2760.0,2400.0,1860.0,2340.0
9.85,2300.0,2580.0,2220.0,1740.0,2340.0,2280.0,1980.0,2820.0,1980.0,1740.0,2460.0,2160.0,1620.0,2700.0,2340.0,2760.0,2340.0,2400.0,2280.0,2580.0,2100.0,1920.0,2520.0,2040.0,2100.0,2580.0,2400.0,2940.0,2580.0,2160.0,2340.0
9.86,2282.0,2640.0,2280.0,1740.0,2100.0,2160.0,1920.0,2760.0,1980.0,1740.0,2520.0,2220.0,1620.0,2700.0,2280.0,2760.0,2340.0,2460.0,2280.0,2520.0,1860.0,1920.0,2520.0,1980.0,2040.0,2640.0,2640.0,2700.0,2640.0,2280.0,2220.0
9.870000000000001,2278.0,2880.0,2040.0,1740.0,2100.0,2340.0,1800.0,2880.0,1980.0,1800.0,2460.0,2220.0,1800.0,2760.0,2340.0,2700.0,2340.0,2280.0,2220.0,2520.0,2040.0,1980.0,2460.0,1920.0,2100.0,2580.0,2640.0,2580.0,2520.0,2340.0,1980.0
9.88,2272.0,2760.0,1980.0,1740.0,2100.0,2160.0,1920.0,3000.0,2040.0,1680.0,2400.0,2400.0,1980.0,2520.0,2340.0,2640.0,2340.0,2220.0,2160.0,2400.0,1980.0,2040.0,2580.0,1980.0,1980.0,2700.0,2700.0,2640.0,2340.0,2340.0,2100.0
9.89,2280.0,2880.0,1920.0,1800.0,2040.0,2160.0,1980.0,3060.0,2100.0,1800.0,2460.0,2400.0,1920.0,2520.0,2220.0,2640.0,2520.0,2100.0,2160.0,2280.0,1860.0,1800.0,2700.0,2100.0,1980.0,2820.0,2760.0,2700.0,2400.0,2460.0,1860.0
9.9,2298.0,3000.0,2040.0,1860.0,2040.0,2340.0,1980.0,2940.0,1980.0,1860.0,2640.0,2280.0,2040.0,2520.0,2160.0,2700.0,2460.0,2100.0,2040.0,2160.0,1860.0,2100.0,2640.0,2100.0,2220.0,2760.0,2820.0,2520.0,2400.0,2400.0,1980.0
9.91,2300.0,3180.0,2040.0,1860.0,2220.0,2220.0,2100.0,2880.0,1980.0,1920.0,2580.0,2280.0,1980.0,2520.0,2160.0,2820.0,2520.0,2040.0,2160.0,2340.0,1800.0,2100.0,2520.0,1920.0,2280.0,2700.0,2760.0,2460.0,2280.0,2340.0,2040.0
9.92,2280.0,3240.0,2100.0,1740.0,2280.0,2220.0,2100.0,2820.0,2040.0,1860.0,2580.0,2280.0,1980.0,2400.0,2220.0,2820.0,2580.0,2460.0,2160.0,2280.0,1740.0,2100.0,2460.0,1860.0,2040.0,2640.0,2580.0,2400.0,2220.0,2160.0,2040.0
9.93,2272.0,3060.0,2220.0,1620.0,2280.0,2160.0,2220.0,2880.0,1980.0,1860.0,2760.0,2280.0,2040.0,2460.0,2280.0,2820.0,2580.0,2460.0,2100.0,2280.0,1620.0,2040.0,2520.0,1800.0,1980.0,2520.0,2580.0,2400.0,2100.0,2160.0,2100.0
9.94,2270.0,2940.0,2400.0,1680.0,2160.0,2280.0,2220.0,2820.0,2040.0,1980.0,2760.0,2160.0,2100.0,2580.0,2100.0,3000.0,2700.0,2220.0,2220.0,2340.0,1620.0,2100.0,2220.0,1680.0,2040.0,2460.0,2460.0,2340.0,2160.0,2160.0,2160.0
9.950000000000001,2242.0,2940.0,2400.0,1680.0,2160.0,2280.0,2340.0,2760.0,1980.0,1860.0,2820.0,2220.0,1980.0,2580.0,1920.0,3000.0,2640.0,2100.0,2040.0,2400.0,1620.0,2220.0,2160.0,1740.0,2040.0,2280.0,2460.0,2220.0,2160.0,2100.0,2160.0
9.96,2254.0,2940.0,2400.0,1740.0,2220.0,2220.0,2220.0,2580.0,1980.0,1740.0,2760.0,2220.0,1980.0,2400.0,2040.0,3180.0,2880.0,2220.0,2040.0,2340.0,1860.0,2100.0,2220.0,1860.0,2040.0,2340.0,2520.0,2280.0,2100.0,2040.0,2160.0
9.97,2262.0,3000.0,2400.0,1740.0,2220.0,2100.0,2220.0,2640.0,1920.0,1800.0,2700.0,2160.0,2040.0,2760.0,1860.0,3060.0,2940.0,2220.0,2220.0,2400.0,1800.0,2100.0,2220.0,1920.0,1980.0,2280.0,2460.0,2280.0,2160.0,2040.0,2220.0
9.98,2246.0,2820.0,2520.0,1740.0,2220.0,2040.0,2220.0,2700.0,1740.0,1740.0,2640.0,2160.0,2040.0,2760.0,1680.0,3180.0,3000.0,2160.0,2160.0,2460.0,1920.0,1920.0,2340.0,2100.0,1920.0,2220.0,2400.0,2340.0,2040.0,1980.0,2220.0
9.99,2250.0,2880.0,2580.0,1740.0,2160.0,1980.0,2280.0,2880.0,1800.0,1740.0,2640.0,2040.0,2100.0,2760.0,1560.0,3120.0,3060.0,2160.0,2280.0,2520.0,1800.0,1980.0,2340.0,2100.0,1980.0,2160.0,2580.0,2400.0,1860.0,1800.0,2220.0
10.0,2254.0,2940.0,2640.0,1920.0,2160.0,2160.0,2220.0,2880.0,1800.0,1680.0,2640.0,1920.0,2160.0,2640.0,1560.0,3360.0,3000.0,2100.0,2340.0,2580.0,1740.0,1920.0,2460.0,2100.0,1980.0,1980.0,2580.0,2340.0,1860.0,1860.0,2100.0
10.01,2240.0,2580.0,2700.0,1980.0,2160.0,2280.0,2400.0,2940.0,1980.0,1620.0,2520.0,2160.0,2100.0,2520.0,1740.0,3180.0,2880.0,2040.0,2400.0,2400.0,1620.0,1920.0,2460.0,2160.0,2040.0,1800.0,2700.0,2340.0,1800.0,1740.0,2040.0
10.02,2262.0,2520.0,2700.0,1920.0,2280.0,2460.0,2520.0,2940.0,1980.0,1800.0,2640.0,2220.0,2220.0,2580.0,1800.0,3060.0,2760.0,2040.0,2400.0,2280.0,1620.0,1920.0,2460.0,2220.0,2040.0,1860.0,2640.0,2340.0,1800.0,1800.0,2040.0
10.03,2248.0,2400.0,2700.0,2040.0,2220.0,2520.0,2400.0,3000.0,2100.0,1860.0,2640.0,2160.0,2100.0,2640.0,1680.0,2940.0,2460.0,2160.0,2400.0,2220.0,1680.0,2100.0,2520.0,2280.0,2040.0,1860.0,2520.0,2400.0,1680.0,1800.0,1920.0
10.040000000000001,2248.0,2400.0,2460.0,2100.0,2160.0,2520.0,2460.0,3060.0,2160.0,1740.0,2520.0,2220.0,1980.0,2580.0,1740.0,2880.0,2580.0,2040.0,2400.0,2220.0,1680.0,2160.0,2400.0,2400.0,2100.0,1740.0,2640.0,2460.0,1860.0,1860.0,1920.0
10.05,2246.0,2280.0,2280.0,2100.0,2100.0,2640.0,2340.0,2940.0,2040.0,1860.0,2580.0,2160.0,1740.0,2640.0,1920.0,2880.0,2700.0,2040.0,2340.0,2340.0,1740.0,2220.0,2580.0,2400.0,1980.0,1620.0,2640.0,2460.0,1860.0,1920.0,2040.0
10.06,2304.0,2340.0,2340.0,2160.0,2100.0,2820.0,2340.0,2760.0,2100.0,1920.0,2640.0,2160.0,1740.0,2700.0,2100.0,2820.0,2760.0,2100.0,2280.0,2340.0,1800.0,2460.0,2820.0,2580.0,1920.0,1800.0,2940.0,2460.0,1860.0,1920.0,2040.0
10.07,2316.0,2340.0,2340.0,2100.0,2040.0,2760.0,2280.0,2940.0,2100.0,1860.0,2640.0,2280.0,1740.0,2760.0,2100.0,2760.0,2880.0,1980.0,2280.0,2220.0,1860.0,2460.0,2880.0,2760.0,1920.0,1740.0,3060.0,2460.0,1800.0,1920.0,2220.0
10.08,2330.0,2400.0,2340.0,2100.0,1980.0,2640.0,2280.0,2880.0,2160.0,1860.0,2580.0,2340.0,1800.0,2820.0,1980.0,2880.0,2880.0,1920.0,2340.0,2220.0,1980.0,2580.0,2940.0,2760.0,1860.0,1800.0,3120.0,2400.0,1860.0,1980.0,2220.0
10.09,2378.0,2460.0,2220.0,2100.0,2160.0,2760.0,2280.0,2820.0,2100.0,1920.0,2640.0,2280.0,1860.0,2880.0,1980.0,2820.0,2940.0,2040.0,2280.0,2280.0,2100.0,2700.0,3060.0,3060.0,1860.0,1860.0,3300.0,2520.0,1920.0,1920.0,2220.0
10.1,2366.0,2520.0,2040.0,2220.0,2220.0,2640.0,2280.0,2760.0,1920.0,1800.0,2580.0,2400.0,1680.0,3000.0,1920.0,2820.0,2820.0,1920.0,2400.0,2340.0,2220.0,2700.0,2940.0,3060.0,1920.0,1920.0,3300.0,2700.0,1980.0,1800.0,2160.0
10.11,2392.0,2520.0,2160.0,2160.0,2220.0,2520.0,2340.0,2820.0,1920.0,1800.0,2640.0,2580.0,1680.0,3120.0,2100.0,2820.0,2760.0,1860.0,2400.0,2280.0,2340.0,2820.0,2700.0,3180.0,2040.0,1920.0,3240.0,2760.0,1980.0,1800.0,2280.0
10.120000000000001,2428.0,2580.0,2160.0,2280.0,2220.0,2580.0,2280.0,2700.0,1860.0,1920.0,2640.0,2760.0,1860.0,3060.0,2160.0,2940.0,2580.0,1800.0,2460.0,2280.0,2340.0,2940.0,2700.0,3480.0,2160.0,1800.0,3360.0,2880.0,1920.0,1920.0,2220.0
10.13,2406.0,2700.0,2220.0,2220.0,2220.0,2460.0,2100.0,2580.0,1920.0,1920.0,2640.0,2640.0,1800.0,3240.0,2160.0,2820.0,2640.0,1860.0,2400.0,2340.0,2340.0,3120.0,2640.0,3420.0,2160.0,1800.0,3240.0,2760.0,1980.0,1740.0,2100.0
10.14,2370.0,2580.0,2460.0,2280.0,2220.0,2400.0,2100.0,2340.0,1800.0,1860.0,2460.0,2580.0,1560.0,3180.0,2160.0,2880.0,2580.0,1860.0,2400.0,2280.0,2340.0,3120.0,2700.0,3360.0,1920.0,1740.0,3240.0,2760.0,1920.0,1860.0,2160.0
10.15,2354.0,2520.0,2400.0,2400.0,2100.0,2400.0,2100.0,2400.0,1800.0,1860.0,2460.0,2580.0,1560.0,3120.0,2040.0,2640.0,2460.0,2100.0,2460.0,2280.0,2340.0,3240.0,2760.0,3300.0,1980.0,1620.0,3180.0,2700.0,1800.0,1860.0,2160.0
10.16,2336.0,2640.0,2340.0,2400.0,2220.0,2280.0,2040.0,2340.0,1800.0,1920.0,2640.0,2400.0,1500.0,3180.0,2160.0,2640.0,2280.0,2160.0,2400.0,2160.0,2280.0,3120.0,2700.0,3120.0,2040.0,1560.0,3120.0,2700.0,1860.0,1920.0,2160.0
10.17,2352.0,2640.0,2400.0,2340.0,2220.0,2220.0,2040.0,2280.0,1860.0,2100.0,2520.0,2460.0,1560.0,3240.0,2100.0,2640.0,2340.0,2220.0,2340.0,2160.0,2400.0,3120.0,2700.0,3120.0,2100.0,1560.0,3000.0,2700.0,1980.0,1980.0,2220.0
10.18,2326.0,2460.0,2400.0,2280.0,2160.0,2160.0,1980.0,2220.0,2100.0,1980.0,2520.0,2400.0,1620.0,3000.0,2220.0,2640.0,2220.0,2460.0,2460.0,2160.0,2460.0,3060.0,2820.0,2940.0,2040.0,1500.0,2940.0,2520.0,1920.0,1920.0,2220.0
10.19,2322.0,2400.0,2400.0,2400.0,2220.0,2340.0,1980.0,2220.0,1980.0,2100.0,2460.0,2580.0,1680.0,3000.0,2400.0,2460.0,2220.0,2460.0,2400.0,2400.0,2220.0,2760.0,2820.0,2940.0,2040.0,1560.0,2820.0,2580.0,1800.0,1860.0,2160.0
10.200000000000001,2316.0,2400.0,2280.0,2520.0,2220.0,2220.0,2160.0,2220.0,2040.0,2280.0,2340.0,2700.0,1680.0,2940.0,2460.0,2580.0,2100.0,2580.0,2220.0,2220.0,2220.0,2760.0,2700.0,2760.0,1980.0,1440.0,2880.0,2640.0,1860.0,1800.0,2280.0
10.21,2316.0,2460.0,2280.0,2460.0,2280.0,2220.0,2040.0,2100.0,2040.0,2460.0,2340.0,2700.0,1560.0,3000.0,2520.0,2700.0,2220.0,2400.0,2160.0,2340.0,2220.0,2820.0,2700.0,2820.0,2040.0,1380.0,2640.0,2640.0,2040.0,1680.0,2220.0
10.22,2300.0,2280.0,2400.0,2520.0,2400.0,2100.0,2280.0,1980.0,2100.0,2520.0,2340.0,2580.0,1560.0,3120.0,2460.0,2700.0,2220.0,2280.0,2040.0,2340.0,2160.0,2820.0,2520.0,2760.0,2040.0,1380.0,2700.0,2520.0,1860.0,1800.0,2220.0
10.23,2300.0,2220.0,2340.0,2640.0,2520.0,2100.0,2400.0,1860.0,2160.0,2640.0,2160.0,2640.0,1500.0,3060.0,2460.0,2640.0,2160.0,2400.0,2160.0,2220.0,2160.0,2640.0,2400.0,2700.0,2220.0,1500.0,2640.0,2460.0,1860.0,1860.0,2280.0
10.24,2282.0,2100.0,2340.0,2520.0,2400.0,2220.0,2340.0,1860.0,2100.0,2640.0,1980.0,2580.0,1620.0,3060.0,2460.0,2640.0,2040.0,2400.0,2220.0,2280.0,2340.0,2520.0,2400.0,2520.0,2100.0,1440.0,2460.0,2580.0,2040.0,1860.0,2400.0
10.25,2308.0,2160.0,2220.0,2700.0,2400.0,2220.0,2460.0,1920.0,2280.0,2700.0,2040.0,2700.0,1680.0,3120.0,2520.0,2520.0,1980.0,2460.0,2280.0,2220.0,2280.0,2580.0,2280.0,2520.0,2160.0,1500.0,2400.0,2640.0,1980.0,1800.0,2520.0
10.26,2318.0,2160.0,2460.0,2880.0,2460.0,2100.0,2400.0,1860.0,2340.0,2760.0,2040.0,2580.0,1680.0,3180.0,2640.0,2580.0,2040.0,2220.0,2340.0,2340.0,2280.0,2520.0,2340.0,2520.0,2100.0,1560.0,2340.0,2460.0,2040.0,1860.0,2460.0
10.27,2322.0,2220.0,2520.0,3060.0,2520.0,2100.0,2220.0,2040.0,2400.0,2760.0,2100.0,2700.0,1680.0,3120.0,2640.0,2640.0,2100.0,2160.0,2340.0,2580.0,2220.0,2220.0,2460.0,2460.0,2040.0,1440.0,2400.0,2460.0,2100.0,1680.0,2280.0
10.28,2336.0,2160.0,2640.0,3180.0,2400.0,2220.0,2280.0,1980.0,2400.0,2700.0,2100.0,2760.0,1740.0,3120.0,2640.0,2640.0,2100.0,2100.0,2460.0,2580.0,2100.0,2160.0,2520.0,2460.0,2100.0,1380.0,2400.0,2580.0,2220.0,1680.0,2280.0
10.290000000000001,2378.0,2220.0,2820.0,3360.0,2280.0,2220.0,2280.0,2160.0,2520.0,2760.0,2280.0,3000.0,1860.0,3120.0,2760.0,2640.0,2040.0,1980.0,2520.0,2700.0,2040.0,2040.0,2580.0,2520.0,2040.0,1440.0,2460.0,2400.0,2220.0,1800.0,2280.0
10.3,2384.0,2160.0,2760.0,3420.0,2400.0,2160.0,2160.0,2160.0,2520.0,2640.0,2400.0,3060.0,2160.0,3120.0,2640.0,2580.0,2040.0,1920.0,2580.0,2700.0,1920.0,2100.0,2520.0,2340.0,2220.0,1500.0,2580.0,2400.0,2340.0,1800.0,2220.0
10.31,2402.0,2100.0,2820.0,3420.0,2400.0,1980.0,2100.0,2280.0,2580.0,2580.0,2400.0,3180.0,2160.0,3120.0,2520.0,2580.0,2100.0,1980.0,2580.0,2640.0,2040.0,2160.0,2460.0,2400.0,2280.0,1620.0,2640.0,2700.0,2280.0,1800.0,2160.0
10.32,2394.0,2100.0,2760.0,3180.0,2400.0,1980.0,2100.0,2220.0,2700.0,2580.0,2520.0,3180.0,2160.0,3120.0,2520.0,2640.0,2100.0,2040.0,2580.0,2640.0,1920.0,2220.0,2520.0,2400.0,2160.0,1500.0,2640.0,2640.0,2280.0,1800.0,2220.0
10.33,2392.0,2100.0,2700.0,2880.0,2400.0,1860.0,2340.0,2280.0,2820.0,2700.0,2460.0,3000.0,2280.0,3060.0,2520.0,2580.0,2100.0,1980.0,2760.0,2520.0,1980.0,2220.0,2580.0,2340.0,2100.0,1500.0,2580.0,2700.0,2280.0,1800.0,2340.0
10.34,2400.0,1920.0,2700.0,2820.0,2520.0,1620.0,2280.0,2280.0,2820.0,2700.0,2520.0,3000.0,2340.0,3060.0,2640.0,2580.0,2100.0,2160.0,2940.0,2760.0,2160.0,2280.0,2340.0,2280.0,2040.0,1500.0,2460.0,2700.0,2160.0,2040.0,2280.0
10.35,2430.0,2100.0,2700.0,2700.0,2520.0,1740.0,2280.0,2400.0,2940.0,2700.0,2400.0,3120.0,2280.0,3120.0,2760.0,2700.0,2040.0,2160.0,2880.0,2640.0,2160.0,2460.0,2400.0,2580.0,2040.0,1560.0,2400.0,2760.0,2100.0,2040.0,2220.0
10.36,2462.0,2280.0,2580.0,2760.0,2460.0,1980.0,2220.0,2460.0,2940.0,2700.0,2400.0,3120.0,2280.0,3060.0,3000.0,2760.0,2220.0,2160.0,2760.0,2640.0,2160.0,2460.0,2580.0,2640.0,1920.0,1560.0,2340.0,2700.0,2280.0,2220.0,2220.0
10.370000000000001,2458.0,2280.0,2460.0,2580.0,2460.0,2040.0,2280.0,2700.0,2820.0,2640.0,2460.0,3120.0,2400.0,2940.0,3060.0,2820.0,2040.0,2220.0,2700.0,2700.0,2100.0,2340.0,2640.0,2520.0,2040.0,1560.0,2280.0,2760.0,2280.0,2220.0,2280.0
10.38,2456.0,2400.0,2400.0,2580.0,2400.0,2040.0,2220.0,2700.0,2760.0,2760.0,2400.0,2880.0,2280.0,2820.0,3120.0,2760.0,2160.0,2280.0,2700.0,2700.0,2220.0,2520.0,2520.0,2400.0,2040.0,1800.0,2340.0,2760.0,2220.0,2220.0,2280.0
10.39,2474.0,2520.0,2460.0,2520.0,2520.0,2040.0,2220.0,2760.0,2820.0,2760.0,2460.0,2820.0,2520.0,2640.0,3060.0,2760.0,2280.0,2340.0,2760.0,2520.0,2160.0,2520.0,2520.0,2460.0,2160.0,1800.0,2280.0,2820.0,2280.0,2340.0,2100.0
10.4,2472.0,2580.0,2400.0,2580.0,2580.0,2160.0,2280.0,2820.0,2640.0,2640.0,2460.0,2940.0,2520.0,2640.0,3060.0,2760.0,2160.0,2220.0,2640.0,2580.0,2280.0,2640.0,2460.0,2280.0,2220.0,1920.0,2340.0,2700.0,2220.0,2280.0,2160.0
10.41,2490.0,2580.0,2400.0,2520.0,2640.0,2220.0,2400.0,3000.0,2640.0,2820.0,2520.0,3000.0,2580.0,2580.0,3180.0,2700.0,2220.0,2280.0,2580.0,2580.0,2100.0,2580.0,2460.0,2280.0,2340.0,1920.0,2340.0,2640.0,2100.0,2280.0,2220.0
10.42,2490.0,2520.0,2400.0,2580.0,2520.0,2400.0,2400.0,3060.0,2520.0,2880.0,2400.0,3060.0,2520.0,2460.0,3120.0,2700.0,2640.0,2040.0,2460.0,2760.0,2220.0,2520.0,2460.0,2400.0,2460.0,1860.0,2280.0,2640.0,2040.0,2220.0,2160.0
10.43,2486.0,2640.0,2460.0,2520.0,2460.0,2220.0,2340.0,3060.0,2400.0,3120.0,2400.0,3120.0,2460.0,2460.0,3060.0,2580.0,2700.0,2040.0,2460.0,2880.0,2340.0,2340.0,2340.0,2460.0,2460.0,1860.0,2460.0,2520.0,1980.0,2100.0,2340.0
10.44,2476.0,2580.0,2340.0,2400.0,2460.0,2280.0,2400.0,3180.0,2400.0,3060.0,2580.0,3060.0,2340.0,2280.0,2760.0,2520.0,2640.0,2280.0,2280.0,2880.0,2220.0,2340.0,2400.0,2520.0,2460.0,1800.0,2340.0,2640.0,2160.0,2280.0,2400.0
10.450000000000001,2456.0,2580.0,2160.0,2220.0,2700.0,2460.0,2400.0,3120.0,2220.0,3060.0,2460.0,2940.0,2460.0,2340.0,2880.0,2580.0,2640.0,2220.0,2280.0,3060.0,2220.0,2220.0,2400.0,2460.0,2280.0,1800.0,2280.0,2520.0,2100.0,2280.0,2340.0
10.46,2482.0,2700.0,2400.0,2280.0,2520.0,2520.0,2160.0,3300.0,2160.0,3060.0,2580.0,2940.0,2520.0,2340.0,3120.0,2700.0,2580.0,2100.0,2340.0,3000.0,2220.0,2340.0,2340.0,2400.0,2280.0,1920.0,2280.0,2460.0,2160.0,2280.0,2460.0
10.47,2488.0,2700.0,2400.0,2280.0,2580.0,2460.0,2100.0,3240.0,2160.0,2940.0,2640.0,3000.0,2460.0,2400.0,3120.0,2640.0,2520.0,2160.0,2400.0,2940.0,2400.0,2280.0,2280.0,2460.0,2400.0,1920.0,2280.0,2520.0,2160.0,2340.0,2460.0
10.48,2480.0,2700.0,2520.0,2220.0,2580.0,2520.0,2160.0,3180.0,2220.0,2820.0,2760.0,2760.0,2400.0,2280.0,3180.0,2340.0,2460.0,2220.0,2340.0,2880.0,2520.0,2280.0,2280.0,2640.0,2520.0,2040.0,1920.0,2640.0,2160.0,2280.0,2580.0
10.49,2442.0,2700.0,2520.0,2280.0,2460.0,2460.0,2340.0,3120.0,2040.0,2700.0,2820.0,2580.0,2520.0,2280.0,3120.0,2280.0,2340.0,2160.0,2100.0,2880.0,2520.0,2280.0,2280.0,2640.0,2520.0,1980.0,1920.0,2640.0,2160.0,2160.0,2460.0
10.5,2438.0,2760.0,2580.0,2340.0,2400.0,2400.0,2280.0,3120.0,1860.0,2940.0,2940.0,2520.0,2580.0,2160.0,3060.0,2100.0,2220.0,2040.0,2160.0,2940.0,2460.0,2460.0,2280.0,2820.0,2580.0,1980.0,2040.0,2640.0,1980.0,2280.0,2220.0
10.51,2426.0,2640.0,2640.0,2520.0,2520.0,2460.0,2340.0,3060.0,1920.0,2880.0,3060.0,2280.0,2460.0,1920.0,3000.0,2160.0,2220.0,2100.0,1920.0,3060.0,2520.0,2520.0,2220.0,2820.0,2220.0,1980.0,2280.0,2700.0,1800.0,2220.0,2340.0
10.52,2406.0,2700.0,2580.0,2580.0,2460.0,2400.0,2280.0,3120.0,1920.0,2460.0,3060.0,2220.0,2400.0,1920.0,3000.0,2160.0,2280.0,2100.0,1920.0,3120.0,2580.0,2700.0,2280.0,2700.0,2220.0,1860.0,2160.0,2700.0,1800.0,2100.0,2400.0
10.53,2440.0,2580.0,2760.0,2700.0,2460.0,2460.0,2280.0,3240.0,1860.0,2400.0,3180.0,2220.0,2340.0,1980.0,3060.0,2220.0,2460.0,2100.0,1920.0,3060.0,2700.0,2700.0,2160.0,2820.0,2220.0,1860.0,2100.0,2760.0,1980.0,2220.0,2400.0
10.540000000000001,2454.0,2700.0,2760.0,2580.0,2460.0,2700.0,2220.0,3120.0,1920.0,2340.0,3180.0,2220.0,2340.0,1920.0,2940.0,2280.0,2640.0,2100.0,1920.0,3120.0,2820.0,2700.0,2220.0,2760.0,2280.0,1980.0,2040.0,2820.0,2100.0,2160.0,2280.0
10.55,2464.0,2820.0,2760.0,2580.0,2580.0,2640.0,2220.0,2940.0,1920.0,2280.0,3180.0,2220.0,2400.0,1920.0,3000.0,2280.0,2640.0,2220.0,1800.0,3300.0,2760.0,2820.0,2100.0,2760.0,2220.0,1980.0,2040.0,2640.0,2280.0,2220.0,2400.0
10.56,2452.0,2880.0,2700.0,2580.0,2520.0,2940.0,2220.0,3000.0,1740.0,2340.0,2940.0,2100.0,2460.0,1920.0,2880.0,2340.0,2640.0,2220.0,1800.0,3000.0,2880.0,2820.0,2160.0,2700.0,2160.0,1920.0,2100.0,2700.0,2220.0,2280.0,2400.0
10.57,2462.0,2940.0,2580.0,2580.0,2580.0,2820.0,2520.0,3000.0,1800.0,2220.0,2940.0,2040.0,2400.0,1920.0,3000.0,2400.0,2640.0,2340.0,1740.0,2940.0,2820.0,2880.0,2160.0,2640.0,2160.0,1980.0,2040.0,2580.0,2340.0,2400.0,2460.0
10.58,2456.0,2760.0,2640.0,2700.0,2460.0,2940.0,2520.0,3000.0,1860.0,2400.0,2880.0,1920.0,2400.0,1740.0,3000.0,2460.0,2640.0,2460.0,1800.0,2940.0,2760.0,2940.0,2040.0,2580.0,2160.0,1920.0,1980.0,2640.0,2340.0,2400.0,2400.0
10.59,2440.0,2820.0,2640.0,2760.0,2460.0,2700.0,2640.0,2820.0,1860.0,2400.0,2760.0,1920.0,2460.0,1800.0,2820.0,2520.0,2580.0,2460.0,1980.0,2880.0,2700.0,2940.0,2040.0,2520.0,2100.0,1800.0,1980.0,2580.0,2460.0,2340.0,2460.0
10.6,2408.0,2580.0,2340.0,2700.0,2640.0,2700.0,2580.0,2640.0,1920.0,2520.0,2760.0,1860.0,2580.0,1860.0,2820.0,2580.0,2580.0,2460.0,1920.0,2820.0,2460.0,3120.0,2040.0,2460.0,2040.0,1740.0,2040.0,2400.0,2340.0,2340.0,2400.0
10.61,2412.0,2640.0,2340.0,2520.0,2880.0,2820.0,2580.0,2580.0,1800.0,2520.0,2640.0,1860.0,2760.0,1860.0,2760.0,2640.0,2520.0,2640.0,1920.0,2760.0,2520.0,3240.0,1980.0,2400.0,1920.0,1800.0,2040.0,2460.0,2340.0,2340.0,2280.0
10.620000000000001,2428.0,2760.0,2280.0,2520.0,2880.0,2820.0,2640.0,2580.0,1800.0,2520.0,2640.0,1800.0,2700.0,1980.0,2700.0,2580.0,2820.0,2760.0,1920.0,2700.0,2520.0,3240.0,1740.0,2400.0,1980.0,1800.0,2160.0,2580.0,2340.0,2400.0,2280.0
10.63,2420.0,2880.0,2340.0,2460.0,2820.0,2760.0,2640.0,2640.0,1980.0,2520.0,2520.0,1860.0,2760.0,1920.0,2760.0,2640.0,2700.0,2700.0,1920.0,2760.0,2340.0,3180.0,1740.0,2400.0,1860.0,1800.0,2160.0,2700.0,2340.0,2340.0,2160.0
10.64,2430.0,2820.0,2220.0,2460.0,2820.0,2760.0,2640.0,2520.0,2040.0,2460.0,2580.0,1860.0,2760.0,1980.0,2700.0,2580.0,2700.0,2580.0,1980.0,2880.0,2400.0,3180.0,1860.0,2580.0,1800.0,1980.0,2220.0,2580.0,2400.0,2400.0,2160.0
10.65,2436.0,2820.0,2400.0,2460.0,2880.0,2640.0,2520.0,2580.0,2160.0,2580.0,2520.0,1860.0,2760.0,1980.0,2580.0,2520.0,2640.0,2700.0,2040.0,3000.0,2160.0,3300.0,2040.0,2700.0,1860.0,1920.0,2220.0,2400.0,2460.0,2340.0,2040.0
10.66,2418.0,2760.0,2340.0,2340.0,2880.0,2700.0,2400.0,2520.0,2220.0,2580.0,2400.0,1860.0,2640.0,1980.0,2520.0,2520.0,2640.0,2640.0,2040.0,2820.0,1980.0,3300.0,2160.0,2760.0,2040.0,1920.0,2280.0,2400.0,2520.0,2340.0,2040.0
10.67,2434.0,2760.0,2160.0,2340.0,2820.0,2700.0,2460.0,2340.0,2220.0,2580.0,2400.0,1860.0,2700.0,2040.0,2580.0,2760.0,2580.0,2880.0,2040.0,2820.0,1920.0,3360.0,2280.0,3000.0,2100.0,1800.0,2220.0,2520.0,2400.0,2280.0,2100.0
10.68,2426.0,2760.0,2160.0,2400.0,2580.0,2640.0,2700.0,2280.0,2280.0,2580.0,2280.0,1860.0,2640.0,2100.0,2580.0,2700.0,2760.0,2640.0,2040.0,2820.0,1980.0,3480.0,2280.0,3120.0,2040.0,1980.0,2100.0,2280.0,2400.0,2400.0,1920.0
10.69,2432.0,2640.0,2220.0,2460.0,2580.0,2640.0,2700.0,2160.0,2340.0,2520.0,2220.0,1860.0,2580.0,2220.0,2400.0,2700.0,2760.0,2700.0,1920.0,2940.0,2040.0,3420.0,2280.0,3300.0,2100.0,2040.0,2160.0,2220.0,2460.0,2460.0,1920.0
10.700000000000001,2430.0,2640.0,2280.0,2340.0,2700.0,2700.0,2760.0,2160.0,2100.0,2400.0,2220.0,1800.0,2700.0,2280.0,2340.0,2760.0,2820.0,2640.0,1980.0,2880.0,2160.0,3240.0,2280.0,3360.0,2040.0,2040.0,2220.0,2160.0,2520.0,2460.0,1920.0
10.71,2416.0,2640.0,2460.0,2400.0,2580.0,2700.0,2640.0,2040.0,2160.0,2340.0,2160.0,1800.0,2640.0,2400.0,2280.0,2520.0,2640.0,2820.0,2040.0,2880.0,2160.0,3180.0,2460.0,3240.0,1980.0,1980.0,2280.0,2160.0,2520.0,2400.0,1980.0
10.72,2426.0,2640.0,2520.0,2400.0,2520.0,2880.0,2640.0,2040.0,2100.0,2280.0,2100.0,1800.0,2520.0,2580.0,2220.0,2520.0,2820.0,2640.0,2160.0,2760.0,2100.0,3120.0,2580.0,3240.0,1980.0,1920.0,2220.0,2100.0,2700.0,2580.0,2100.0
10.73,2428.0,2700.0,2520.0,2520.0,2520.0,2700.0,2580.0,1980.0,2100.0,2340.0,2220.0,1920.0,2460.0,2520.0,2160.0,2520.0,2700.0,2640.0,2220.0,2880.0,2040.0,3060.0,2400.0,3180.0,2100.0,2040.0,2100.0,2160.0,2580.0,2760.0,2220.0
10.74,2432.0,2520.0,2640.0,2520.0,2520.0,2640.0,2400.0,1980.0,2100.0,2340.0,2160.0,1920.0,2580.0,2580.0,2340.0,2580.0,2700.0,2640.0,2160.0,2820.0,1860.0,3120.0,2520.0,3060.0,2160.0,2100.0,2160.0,2160.0,2580.0,2700.0,2400.0
10.75,2410.0,2460.0,2700.0,2400.0,2640.0,2640.0,2280.0,1860.0,2160.0,2340.0,2220.0,1980.0,2640.0,2580.0,2340.0,2520.0,2640.0,2520.0,2220.0,2760.0,1800.0,3060.0,2580.0,3060.0,2100.0,2040.0,2100.0,2040.0,2460.0,2760.0,2400.0
10.76,2404.0,2400.0,2760.0,2400.0,2580.0,2580.0,2460.0,1800.0,2280.0,2280.0,2160.0,1980.0,2580.0,2580.0,2340.0,2460.0,2520.0,2520.0,2400.0,2760.0,1860.0,3120.0,2520.0,3120.0,2220.0,2100.0,2040.0,1920.0,2280.0,2760.0,2340.0
10.77,2422.0,2400.0,2700.0,2400.0,2580.0,2640.0,2580.0,1740.0,2160.0,2280.0,2040.0,2040.0,2580.0,2700.0,2220.0,2640.0,2580.0,2580.0,2580.0,2640.0,1980.0,3060.0,2520.0,3180.0,2280.0,2100.0,2160.0,1800.0,2340.0,2760.0,2400.0
10.78,2412.0,2280.0,2640.0,2160.0,2340.0,2640.0,2640.0,1680.0,2160.0,2280.0,2040.0,1980.0,2280.0,2820.0,2160.0,2760.0,2700.0,2640.0,2640.0,2640.0,2100.0,3060.0,2760.0,3240.0,2340.0,2100.0,1980.0,1800.0,2400.0,2640.0,2460.0
10.790000000000001,2374.0,2160.0,2700.0,2280.0,2340.0,2640.0,2640.0,1680.0,2160.0,2280.0,1920.0,1860.0,2220.0,2400.0,2220.0,2820.0,2580.0,2640.0,2520.0,2640.0,2100.0,3060.0,2640.0,3360.0,2100.0,2220.0,1980.0,1620.0,2400.0,2640.0,2400.0
10.8,2380.0,2220.0,2640.0,2280.0,2280.0,2580.0,2820.0,1560.0,2100.0,2340.0,1920.0,1680.0,2280.0,2340.0,2160.0,2700.0,2640.0,2700.0,2640.0,2580.0,2220.0,3000.0,2880.0,3480.0,2100.0,2220.0,1980.0,1620.0,2340.0,2640.0,2460.0
10.81,2368.0,2400.0,2700.0,2160.0,2520.0,2460.0,2820.0,1500.0,2160.0,2520.0,1980.0,1860.0,2280.0,2340.0,2220.0,2640.0,2520.0,2520.0,2520.0,2580.0,2160.0,2820.0,2640.0,3480.0,2160.0,2160.0,1800.0,1680.0,2400.0,2520.0,2520.0
10.82,2358.0,2460.0,2640.0,1980.0,2520.0,2460.0,3060.0,1560.0,1980.0,2760.0,1860.0,2040.0,2100.0,2340.0,2220.0,2580.0,2460.0,2520.0,2460.0,2520.0,2160.0,2640.0,2640.0,3540.0,2160.0,2100.0,1800.0,1680.0,2520.0,2520.0,2460.0
10.83,2406.0,2580.0,2520.0,1980.0,2520.0,2580.0,3000.0,1680.0,2040.0,2760.0,1860.0,2220.0,2040.0,2280.0,2220.0,2760.0,2580.0,2760.0,2580.0,2460.0,2220.0,2880.0,2700.0,3660.0,2160.0,2220.0,1620.0,1740.0,2400.0,2640.0,2520.0
10.84,2374.0,2580.0,2580.0,2160.0,2580.0,2400.0,2820.0,1680.0,2160.0,2580.0,1740.0,2280.0,2040.0,2100.0,2220.0,2700.0,2700.0,2820.0,2520.0,2280.0,2100.0,3120.0,2700.0,3720.0,2160.0,2100.0,1620.0,1680.0,2400.0,2400.0,2280.0
10.85,2410.0,2520.0,2580.0,2220.0,2700.0,2400.0,3000.0,1740.0,2100.0,2520.0,1920.0,2340.0,2040.0,1920.0,2340.0,2580.0,2760.0,3000.0,2580.0,2220.0,2220.0,3240.0,2700.0,3720.0,2340.0,2280.0,1500.0,1620.0,2520.0,2460.0,2220.0
10.86,2454.0,2520.0,2280.0,2160.0,2820.0,2340.0,3000.0,1860.0,2280.0,2520.0,2040.0,2640.0,2040.0,2040.0,2280.0,2760.0,2820.0,3060.0,2400.0,2220.0,2280.0,3240.0,2760.0,3840.0,2460.0,2400.0,1620.0,1620.0,2520.0,2520.0,2280.0
10.870000000000001,2472.0,2520.0,2340.0,2160.0,2760.0,2220.0,3120.0,2100.0,2400.0,2640.0,2160.0,2580.0,2040.0,1980.0,2460.0,2820.0,2880.0,3240.0,2520.0,2100.0,2280.0,3000.0,2760.0,3960.0,2340.0,2340.0,1560.0,1800.0,2640.0,2280.0,2160.0
10.88,2482.0,2520.0,2340.0,2040.0,2580.0,2400.0,3060.0,2100.0,2400.0,2940.0,2280.0,2520.0,2040.0,1920.0,2520.0,2760.0,2880.0,3240.0,2640.0,2100.0,2280.0,2940.0,2820.0,3900.0,2280.0,2400.0,1620.0,1800.0,2640.0,2280.0,2220.0
10.89,2514.0,2400.0,2400.0,2100.0,2580.0,2580.0,3000.0,1980.0,2520.0,3120.0,2280.0,2580.0,1860.0,1800.0,2640.0,3000.0,2880.0,3360.0,2700.0,2040.0,2280.0,2880.0,2820.0,3900.0,2400.0,2340.0,1620.0,1920.0,2820.0,2340.0,2280.0
10.9,2532.0,2400.0,2340.0,2100.0,2400.0,2640.0,3000.0,2100.0,2460.0,3120.0,2280.0,2520.0,1860.0,1800.0,2820.0,3120.0,2760.0,3360.0,2580.0,2160.0,2160.0,2820.0,2820.0,3840.0,2520.0,2520.0,1680.0,2160.0,2940.0,2400.0,2280.0
10.91,2534.0,2340.0,2160.0,2040.0,2520.0,2640.0,3000.0,2220.0,2520.0,3180.0,2280.0,2640.0,1740.0,1920.0,2820.0,3240.0,2940.0,3360.0,2520.0,2220.0,1980.0,2820.0,2820.0,3660.0,2520.0,2520.0,1500.0,2160.0,2940.0,2400.0,2400.0
10.92,2522.0,2280.0,2160.0,2100.0,2400.0,2640.0,2940.0,2220.0,2520.0,3060.0,2400.0,2820.0,1560.0,2040.0,2820.0,3180.0,2940.0,3420.0,2640.0,2280.0,2160.0,2700.0,2760.0,3540.0,2340.0,2520.0,1380.0,2160.0,2880.0,2580.0,2220.0
10.93,2494.0,2400.0,2160.0,2040.0,2100.0,2580.0,2940.0,2340.0,2460.0,2940.0,2340.0,2880.0,1560.0,2040.0,2880.0,3180.0,2820.0,3300.0,2520.0,2280.0,2100.0,2640.0,2760.0,3540.0,2280.0,2520.0,1440.0,2160.0,2820.0,2580.0,2220.0
10.94,2496.0,2460.0,2280.0,2100.0,2280.0,2700.0,2640.0,2400.0,2400.0,2940.0,2280.0,2820.0,1560.0,2040.0,2880.0,3240.0,2820.0,3240.0,2520.0,2220.0,2160.0,2700.0,2820.0,3480.0,2280.0,2580.0,1500.0,2100.0,2760.0,2640.0,2040.0
10.950000000000001,2472.0,2400.0,2160.0,2100.0,2160.0,2700.0,2520.0,2280.0,2400.0,2820.0,2160.0,2760.0,1800.0,2160.0,2760.0,3240.0,2940.0,3000.0,2400.0,2160.0,2220.0,2640.0,2880.0,3480.0,2280.0,2640.0,1500.0,2040.0,2700.0,2580.0,2280.0
10.96,2480.0,2160.0,2100.0,2100.0,2340.0,2640.0,2580.0,2280.0,2400.0,3000.0,2280.0,2820.0,1740.0,2100.0,2760.0,3240.0,2820.0,3000.0,2460.0,2220.0,2280.0,2580.0,3120.0,3480.0,2340.0,2640.0,1560.0,2040.0,2640.0,2460.0,2220.0
10.97,2444.0,2160.0,2100.0,2040.0,2220.0,2580.0,2520.0,2280.0,2520.0,3060.0,2340.0,2820.0,1860.0,2040.0,2700.0,3240.0,2580.0,2880.0,2280.0,2040.0,2340.0,2580.0,3060.0,3360.0,2340.0,2640.0,1620.0,2100.0,2580.0,2400.0,2040.0
10.98,2432.0,2220.0,2040.0,2160.0,2280.0,2580.0,2640.0,2340.0,2520.0,3240.0,2460.0,2820.0,1920.0,2040.0,2700.0,3120.0,2580.0,2760.0,2220.0,2040.0,2340.0,2460.0,3000.0,3240.0,2340.0,2520.0,1620.0,1920.0,2520.0,2280.0,2040.0
10.99,2438.0,2160.0,2040.0,2160.0,2280.0,2640.0,2520.0,2220.0,2340.0,3480.0,2460.0,2880.0,1920.0,2040.0,2820.0,3060.0,2760.0,2880.0,2400.0,1980.0,2400.0,2460.0,3060.0,3120.0,2340.0,2460.0,1680.0,1920.0,2460.0,2160.0,2040.0
11.0,2422.0,2280.0,2040.0,2040.0,2400.0,2760.0,2280.0,2340.0,2220.0,3300.0,2460.0,2880.0,1800.0,2100.0,2820.0,3060.0,2820.0,2880.0,2280.0,1860.0,2460.0,2400.0,3180.0,2940.0,2220.0,2400.0,1860.0,1800.0,2520.0,2160.0,2100.0
11.01,2428.0,2400.0,2040.0,2100.0,2400.0,2700.0,2280.0,2340.0,2160.0,3360.0,2340.0,3060.0,1800.0,2100.0,2760.0,2940.0,3000.0,2820.0,2340.0,2100.0,2400.0,2220.0,3120.0,2760.0,2280.0,2460.0,1800.0,1980.0,2340.0,2280.0,2160.0
11.02,2396.0,2400.0,2160.0,1980.0,2400.0,2520.0,2160.0,2400.0,2160.0,3300.0,2340.0,2880.0,1740.0,1860.0,2700.0,2820.0,3120.0,2880.0,2340.0,2100.0,2460.0,2160.0,3060.0,2700.0,2220.0,2460.0,1740.0,2040.0,2220.0,2400.0,2160.0
11.03,2402.0,2340.0,2160.0,1980.0,2280.0,2580.0,2100.0,2340.0,2220.0,3180.0,2340.0,2940.0,1860.0,1680.0,2880.0,2760.0,3180.0,2760.0,2460.0,2100.0,2580.0,1980.0,2940.0,2700.0,2280.0,2520.0,1860.0,1920.0,2340.0,2520.0,2280.0
11.040000000000001,2406.0,2220.0,2040.0,2040.0,2220.0,2640.0,2340.0,2340.0,2340.0,3240.0,2400.0,2940.0,1860.0,1800.0,2760.0,2700.0,3120.0,2820.0,2460.0,2220.0,2400.0,1860.0,2880.0,2640.0,2400.0,2520.0,1920.0,1920.0,2460.0,2520.0,2160.0
11.05,2394.0,2340.0,2100.0,2040.0,2280.0,2580.0,2280.0,2460.0,2400.0,3180.0,2580.0,2820.0,1800.0,1860.0,2640.0,2700.0,2880.0,2700.0,2400.0,2160.0,2280.0,1860.0,3000.0,2580.0,2280.0,2460.0,2040.0,2100.0,2340.0,2520.0,2160.0
11.06,2392.0,2340.0,2100.0,2100.0,2340.0,2580.0,2280.0,2400.0,2340.0,3060.0,2580.0,2700.0,1860.0,1980.0,2520.0,2820.0,2880.0,2640.0,2400.0,2220.0,2280.0,1680.0,2940.0,2280.0,2400.0,2460.0,2100.0,2160.0,2340.0,2520.0,2460.0
11.07,2398.0,2460.0,2160.0,1980.0,2400.0,2580.0,2220.0,2460.0,2340.0,3120.0,2460.0,2640.0,1920.0,1920.0,2520.0,2820.0,2880.0,2700.0,2520.0,2220.0,2280.0,1680.0,2880.0,2280.0,2460.0,2400.0,2040.0,2220.0,2400.0,2520.0,2460.0
11.08,2362.0,2640.0,2040.0,1920.0,2460.0,2460.0,2220.0,2520.0,2280.0,3120.0,2460.0,2460.0,1920.0,1920.0,2520.0,2760.0,2820.0,2400.0,2580.0,2100.0,2280.0,1740.0,2880.0,2340.0,2460.0,2220.0,1680.0,2400.0,2340.0,2580.0,2340.0
11.09,2382.0,2640.0,1920.0,2100.0,2580.0,2520.0,2340.0,2400.0,2340.0,3000.0,2460.0,2340.0,1860.0,1980.0,2580.0,2760.0,2760.0,2460.0,2580.0,2220.0,2340.0,1680.0,2760.0,2580.0,2640.0,2220.0,1680.0,2400.0,2580.0,2460.0,2280.0
11.1,2412.0,2700.0,1920.0,2160.0,2640.0,2400.0,2340.0,2340.0,2340.0,3060.0,2700.0,2520.0,1800.0,2100.0,2880.0,2640.0,2760.0,2400.0,2460.0,2220.0,2400.0,1860.0,3000.0,2460.0,2580.0,2040.0,1680.0,2580.0,2520.0,2640.0,2220.0
11.11,2388.0,2640.0,1860.0,2160.0,2700.0,2520.0,2460.0,2160.0,2160.0,3060.0,2700.0,2580.0,1860.0,2100.0,2820.0,2580.0,2760.0,2400.0,2340.0,2040.0,2340.0,1980.0,3000.0,2460.0,2400.0,1920.0,1560.0,2700.0,2520.0,2580.0,2280.0
11.120000000000001,2354.0,2520.0,1980.0,2100.0,2580.0,2520.0,2460.0,2100.0,2160.0,3000.0,2760.0,2400.0,1860.0,2160.0,2940.0,2460.0,2520.0,2280.0,2280.0,2040.0,2400.0,2100.0,3000.0,2400.0,2280.0,1980.0,1680.0,2520.0,2400.0,2580.0,2160.0
11.13,2314.0,2580.0,1920.0,2160.0,2460.0,2340.0,2460.0,2160.0,2160.0,2820.0,3000.0,2400.0,1860.0,2100.0,2700.0,2280.0,2520.0,2160.0,2220.0,1980.0,2340.0,1980.0,2880.0,2400.0,2280.0,1980.0,1800.0,2520.0,2280.0,2520.0,2160.0
11.14,2294.0,2460.0,1920.0,2160.0,2460.0,2400.0,2400.0,2160.0,2160.0,2760.0,3000.0,2460.0,2160.0,2160.0,2580.0,2280.0,2400.0,2100.0,2160.0,1920.0,2400.0,1920.0,2760.0,2400.0,2280.0,1920.0,1800.0,2460.0,2160.0,2520.0,2100.0
11.15,2300.0,2460.0,1980.0,2100.0,2580.0,2400.0,2340.0,2100.0,2040.0,2700.0,3000.0,2460.0,2040.0,2160.0,2580.0,2220.0,2460.0,2160.0,2160.0,1740.0,2580.0,2040.0,2580.0,2400.0,2220.0,1920.0,1860.0,2580.0,2220.0,2760.0,2160.0
11.16,2270.0,2580.0,1980.0,2040.0,2400.0,2400.0,2340.0,2040.0,1980.0,2580.0,2940.0,2460.0,1980.0,2280.0,2520.0,2160.0,2160.0,1980.0,2040.0,1620.0,2700.0,2340.0,2520.0,2400.0,2100.0,2040.0,1800.0,2460.0,2280.0,2820.0,2160.0
11.17,2310.0,2820.0,1980.0,2100.0,2400.0,2460.0,2460.0,2220.0,1980.0,2520.0,3000.0,2460.0,1980.0,2340.0,2520.0,2340.0,2100.0,1980.0,2040.0,1620.0,2880.0,2280.0,2700.0,2340.0,2280.0,2280.0,1800.0,2280.0,2280.0,2700.0,2160.0
11.18,2314.0,2820.0,1860.0,2220.0,2400.0,2400.0,2460.0,2040.0,2100.0,2460.0,3240.0,2400.0,2040.0,2280.0,2460.0,2400.0,2160.0,1920.0,2040.0,1680.0,2880.0,2400.0,2700.0,2340.0,2100.0,2280.0,1980.0,2340.0,2100.0,2700.0,2220.0
11.19,2314.0,2880.0,1800.0,2340.0,2400.0,2280.0,2400.0,1920.0,2340.0,2280.0,3300.0,2280.0,2040.0,2400.0,2400.0,2460.0,2100.0,1920.0,1920.0,1620.0,2880.0,2460.0,2640.0,2340.0,2220.0,2280.0,2100.0,2220.0,2040.0,2880.0,2280.0
11.200000000000001,2310.0,2940.0,1800.0,2160.0,2580.0,2340.0,2280.0,1920.0,2340.0,2160.0,3240.0,2520.0,2040.0,2580.0,2340.0,2520.0,2160.0,2160.0,1920.0,1620.0,2820.0,2340.0,2760.0,2220.0,2220.0,2280.0,2220.0,2160.0,1920.0,2640.0,2100.0
11.21,2334.0,3000.0,1740.0,2160.0,2820.0,2400.0,2340.0,1980.0,2520.0,2220.0,3240.0,2460.0,2280.0,2760.0,2160.0,2580.0,2160.0,2280.0,1860.0,1560.0,2820.0,2400.0,2700.0,2340.0,2040.0,2280.0,2220.0,2040.0,1920.0,2760.0,1980.0
11.22,2316.0,2880.0,1680.0,2220.0,2940.0,2220.0,2220.0,2160.0,2580.0,2100.0,3000.0,2520.0,2280.0,2760.0,2160.0,2520.0,2280.0,2280.0,1800.0,1680.0,2940.0,2220.0,2580.0,2400.0,1920.0,2160.0,2220.0,2160.0,1920.0,2760.0,1920.0
11.23,2314.0,2820.0,1740.0,2040.0,3000.0,2280.0,2400.0,2220.0,2640.0,2160.0,2940.0,2580.0,2340.0,2880.0,2100.0,2580.0,2340.0,2220.0,1680.0,1680.0,2880.0,2220.0,2460.0,2400.0,1740.0,2100.0,2220.0,2220.0,1860.0,2760.0,1920.0
11.24,2310.0,2700.0,1860.0,2100.0,2940.0,2220.0,2400.0,2220.0,2700.0,2040.0,3000.0,2400.0,2520.0,2880.0,2160.0,2460.0,2400.0,2040.0,1680.0,1680.0,3000.0,2160.0,2520.0,2400.0,1740.0,2100.0,2280.0,2280.0,1860.0,2700.0,1860.0
11.25,2302.0,2700.0,1860.0,2280.0,3060.0,2040.0,2520.0,2220.0,2760.0,1980.0,3000.0,2280.0,2520.0,2700.0,2160.0,2340.0,2340.0,2100.0,1620.0,1500.0,3000.0,2160.0,2460.0,2340.0,1740.0,2160.0,2280.0,2340.0,1920.0,2700.0,1980.0
11.26,2302.0,2700.0,1680.0,2160.0,3000.0,2040.0,2460.0,2280.0,2820.0,2040.0,3060.0,2340.0,2400.0,2700.0,2160.0,2400.0,2220.0,2040.0,1740.0,1560.0,2940.0,2220.0,2220.0,2340.0,1800.0,2040.0,2460.0,2460.0,1920.0,2820.0,2040.0
11.27,2278.0,2580.0,1620.0,2040.0,3060.0,1980.0,2460.0,2280.0,2760.0,2100.0,2940.0,2220.0,2400.0,2820.0,2280.0,2520.0,2100.0,2040.0,1800.0,1620.0,2820.0,2220.0,2220.0,2340.0,1740.0,2100.0,2520.0,2340.0,1860.0,2580.0,1980.0
11.28,2264.0,2460.0,1680.0,2040.0,3060.0,2100.0,2520.0,2160.0,2640.0,2280.0,2880.0,2220.0,2340.0,2760.0,2220.0,2520.0,2040.0,1920.0,1860.0,1560.0,2760.0,2340.0,2220.0,2400.0,1740.0,1980.0,2640.0,2460.0,1860.0,2520.0,1740.0
11.290000000000001,2254.0,2460.0,1740.0,1920.0,3060.0,2160.0,2460.0,2100.0,2580.0,2220.0,2700.0,2280.0,2400.0,2760.0,2220.0,2580.0,1920.0,1860.0,1980.0,1500.0,2700.0,2340.0,2160.0,2400.0,1740.0,1980.0,2520.0,2580.0,2040.0,2580.0,1680.0
11.3,2246.0,2520.0,1920.0,1680.0,3000.0,2160.0,2520.0,2220.0,2640.0,2100.0,2700.0,2220.0,2460.0,2700.0,2340.0,2580.0,1980.0,1980.0,1980.0,1380.0,2640.0,2280.0,2220.0,2400.0,1620.0,1980.0,2340.0,2460.0,2220.0,2460.0,1680.0
11.31,2222.0,2520.0,1920.0,1740.0,3060.0,2220.0,2400.0,2220.0,2520.0,1920.0,2580.0,2220.0,2100.0,2820.0,2400.0,2460.0,1980.0,2100.0,2100.0,1500.0,2640.0,2220.0,2100.0,2460.0,1680.0,1980.0,2280.0,2340.0,2100.0,2460.0,1620.0
11.32,2190.0,2520.0,1980.0,1740.0,2940.0,2160.0,2520.0,2160.0,2520.0,1860.0,2460.0,2100.0,1980.0,2820.0,2340.0,2460.0,1860.0,2100.0,2160.0,1500.0,2520.0,2280.0,1980.0,2340.0,1740.0,1980.0,2280.0,2280.0,2100.0,2340.0,1680.0
11.33,2190.0,2580.0,2160.0,1740.0,3000.0,2160.0,2460.0,1980.0,2580.0,1860.0,2520.0,2160.0,1980.0,2820.0,2220.0,2340.0,1860.0,1980.0,2220.0,1620.0,2580.0,2280.0,1980.0,2220.0,1740.0,2100.0,2400.0,2280.0,2100.0,2160.0,1620.0
11.34,2204.0,2640.0,2160.0,1740.0,3060.0,2160.0,2520.0,1800.0,2580.0,1920.0,2520.0,2160.0,2040.0,2760.0,2280.0,2400.0,1860.0,2040.0,2040.0,1620.0,2700.0,2160.0,2100.0,2220.0,1800.0,2280.0,2460.0,2220.0,2100.0,2160.0,1620.0
11.35,2218.0,2700.0,2280.0,1740.0,3120.0,2160.0,2400.0,1800.0,2580.0,1920.0,2580.0,2100.0,1980.0,2760.0,2280.0,2520.0,2100.0,1980.0,2160.0,1620.0,2640.0,2040.0,2220.0,2160.0,1680.0,2280.0,2400.0,2280.0,2220.0,2220.0,1620.0
11.36,2190.0,2820.0,2280.0,1560.0,3180.0,2160.0,2400.0,1680.0,2340.0,1920.0,2400.0,2100.0,2100.0,2640.0,2220.0,2400.0,2040.0,1980.0,2100.0,1500.0,2580.0,2100.0,2160.0,2160.0,1440.0,2280.0,2460.0,2220.0,2460.0,2220.0,1800.0
11.370000000000001,2216.0,2820.0,2280.0,1560.0,3000.0,2100.0,2520.0,1680.0,2520.0,1920.0,2460.0,2220.0,2040.0,2700.0,2340.0,2340.0,1860.0,2040.0,2100.0,1440.0,2640.0,2100.0,2400.0,1920.0,1560.0,2400.0,2520.0,2340.0,2640.0,2220.0,1800.0
11.38,2226.0,2940.0,2460.0,1620.0,3000.0,2220.0,2580.0,1740.0,2580.0,1860.0,2400.0,2220.0,1920.0,2640.0,2400.0,2280.0,1920.0,1980.0,2040.0,1380.0,2640.0,2160.0,2520.0,1920.0,1620.0,2400.0,2460.0,2340.0,2520.0,2280.0,1740.0
11.39,2228.0,2820.0,2460.0,1620.0,3120.0,2160.0,2580.0,1740.0,2760.0,1980.0,2460.0,2340.0,1800.0,2460.0,2640.0,2220.0,1980.0,1980.0,1980.0,1440.0,2640.0,2040.0,2640.0,1860.0,1560.0,2400.0,2400.0,2220.0,2520.0,2280.0,1740.0
11.4,2262.0,2760.0,2580.0,1740.0,3120.0,2280.0,2760.0,1740.0,2940.0,1980.0,2340.0,2340.0,1800.0,2460.0,2520.0,2220.0,1980.0,2220.0,2040.0,1620.0,2640.0,2040.0,2700.0,1920.0,1740.0,2280.0,2280.0,2160.0,2580.0,2280.0,1800.0
11.41,2260.0,2820.0,2640.0,1740.0,3240.0,2340.0,2760.0,1740.0,3000.0,1980.0,2280.0,2220.0,1860.0,2460.0,2520.0,2160.0,1980.0,2100.0,2160.0,1800.0,2640.0,2040.0,2580.0,1920.0,1740.0,2220.0,2160.0,2100.0,2580.0,2160.0,1860.0
11.42,2238.0,2640.0,2400.0,1860.0,3420.0,2280.0,2760.0,1800.0,2940.0,1860.0,2280.0,2280.0,1800.0,2160.0,2460.0,2160.0,1980.0,2040.0,2100.0,1740.0,2520.0,2100.0,2640.0,1980.0,1680.0,2280.0,2100.0,2100.0,2400.0,2220.0,2160.0
11.43,2240.0,2580.0,2220.0,1980.0,3480.0,2340.0,2880.0,1920.0,3120.0,1980.0,2100.0,2280.0,1740.0,2160.0,2400.0,2220.0,2100.0,2040.0,2160.0,1920.0,2460.0,1980.0,2460.0,1920.0,1560.0,2220.0,2100.0,2100.0,2460.0,2160.0,2160.0
11.44,2258.0,2580.0,2340.0,1980.0,3420.0,2520.0,2880.0,1980.0,3120.0,1980.0,1860.0,2160.0,1860.0,2280.0,2400.0,2220.0,2220.0,1980.0,2100.0,2040.0,2400.0,2040.0,2520.0,1980.0,1560.0,2220.0,2100.0,2100.0,2580.0,2100.0,2220.0
11.450000000000001,2270.0,2520.0,2460.0,2100.0,3360.0,2520.0,2820.0,1920.0,3060.0,1980.0,1800.0,2220.0,1980.0,2100.0,2460.0,2160.0,2220.0,1920.0,2100.0,2160.0,2520.0,1980.0,2760.0,2040.0,1680.0,2160.0,2100.0,2100.0,2580.0,2100.0,2220.0
11.46,2288.0,2580.0,2340.0,2220.0,3240.0,2520.0,3000.0,1980.0,2940.0,1920.0,1620.0,2220.0,2040.0,2100.0,2580.0,2100.0,2160.0,1860.0,2220.0,1980.0,2700.0,1980.0,2820.0,2040.0,1800.0,2160.0,2220.0,2160.0,2640.0,2160.0,2340.0
11.47,2302.0,2580.0,2280.0,2220.0,3300.0,2520.0,3060.0,1980.0,2940.0,1920.0,1800.0,2220.0,2040.0,2280.0,2520.0,1980.0,2100.0,1920.0,2340.0,2040.0,2640.0,1920.0,2880.0,1980.0,1860.0,2100.0,2340.0,1980.0,2640.0,2160.0,2520.0
11.48,2300.0,2400.0,1980.0,2340.0,3420.0,2580.0,3120.0,2160.0,2820.0,1920.0,1800.0,2100.0,2100.0,2340.0,2400.0,1920.0,2160.0,1980.0,2340.0,2160.0,2640.0,1920.0,3000.0,1800.0,1800.0,2220.0,2220.0,1920.0,2760.0,2160.0,2520.0
11.49,2324.0,2520.0,1980.0,2340.0,3420.0,2580.0,3300.0,2040.0,2820.0,2040.0,1800.0,2400.0,2160.0,2460.0,2400.0,1980.0,2040.0,1920.0,2220.0,2160.0,2700.0,2280.0,2940.0,1740.0,1860.0,2160.0,2160.0,1800.0,2760.0,2160.0,2580.0
11.5,2316.0,2400.0,2100.0,2520.0,3480.0,2520.0,3360.0,2040.0,2640.0,2160.0,1800.0,2280.0,1920.0,2520.0,2340.0,1980.0,2160.0,1980.0,2160.0,2160.0,2760.0,2340.0,2880.0,1560.0,1860.0,2220.0,2160.0,1620.0,2700.0,2220.0,2640.0
11.51,2338.0,2400.0,2040.0,2760.0,3420.0,2520.0,3240.0,1920.0,2520.0,2220.0,1860.0,2400.0,1980.0,2520.0,2520.0,2040.0,2160.0,2160.0,2160.0,2220.0,2940.0,2340.0,2820.0,1560.0,1860.0,2400.0,2160.0,1560.0,2760.0,2100.0,2580.0
11.52,2356.0,2640.0,2040.0,2760.0,3180.0,2640.0,3120.0,1860.0,2580.0,2220.0,1860.0,2400.0,1860.0,2580.0,2700.0,2100.0,2220.0,2220.0,2340.0,2160.0,2940.0,2340.0,2820.0,1560.0,1860.0,2340.0,2100.0,1680.0,2880.0,2100.0,2580.0
11.53,2364.0,2700.0,2040.0,2640.0,3060.0,2580.0,3180.0,1860.0,2340.0,2220.0,1980.0,2340.0,2040.0,2520.0,2700.0,2220.0,2280.0,2280.0,2340.0,2220.0,2820.0,2460.0,2880.0,1620.0,1860.0,2400.0,2100.0,1740.0,2880.0,2160.0,2460.0
11.540000000000001,2374.0,2760.0,2100.0,2640.0,3300.0,2700.0,2940.0,1920.0,2220.0,2220.0,1980.0,2460.0,1920.0,2520.0,2640.0,2220.0,2460.0,2280.0,2400.0,2160.0,2760.0,2640.0,2760.0,1500.0,1860.0,2280.0,2160.0,1860.0,2760.0,2220.0,2580.0
11.55,2344.0,2640.0,2220.0,2700.0,3060.0,2640.0,2940.0,1920.0,2220.0,2100.0,2040.0,2640.0,1980.0,2340.0,2580.0,2040.0,2460.0,2220.0,2400.0,2160.0,2700.0,2640.0,2760.0,1440.0,1860.0,2220.0,2280.0,1860.0,2700.0,2100.0,2460.0
11.56,2334.0,2460.0,2160.0,2760.0,3120.0,2820.0,2880.0,1980.0,2340.0,2040.0,2040.0,2700.0,1980.0,2220.0,2520.0,1980.0,2520.0,2100.0,2340.0,2160.0,2520.0,2760.0,2700.0,1500.0,1800.0,2160.0,2400.0,1860.0,2760.0,2160.0,2280.0
11.57,2324.0,2400.0,2220.0,2820.0,3120.0,2640.0,2880.0,1980.0,2340.0,2040.0,2040.0,2640.0,1980.0,2280.0,2520.0,1980.0,2580.0,2280.0,2460.0,2280.0,2520.0,2940.0,2400.0,1440.0,1800.0,2160.0,2340.0,1860.0,2520.0,2040.0,2220.0
11.58,2332.0,2400.0,2220.0,2820.0,3180.0,2520.0,2940.0,2040.0,2400.0,2040.0,1920.0,2700.0,2100.0,2340.0,2460.0,1980.0,2700.0,2340.0,2460.0,2280.0,2400.0,3060.0,2280.0,1500.0,1920.0,2280.0,2280.0,1740.0,2520.0,1920.0,2220.0
11.59,2358.0,2640.0,2400.0,2820.0,3060.0,2580.0,3000.0,1920.0,2520.0,1860.0,2040.0,2700.0,2100.0,2580.0,2580.0,1920.0,2760.0,2340.0,2460.0,2280.0,2400.0,3240.0,2280.0,1560.0,1980.0,2220.0,2280.0,1680.0,2460.0,1980.0,2100.0
11.6,2328.0,2580.0,2400.0,2700.0,3180.0,2400.0,3060.0,1980.0,2520.0,1980.0,2040.0,2820.0,2040.0,2580.0,2700.0,1800.0,2580.0,2280.0,2460.0,2220.0,2340.0,3000.0,2340.0,1560.0,1800.0,2040.0,2280.0,1860.0,2400.0,1860.0,2040.0
11.61,2316.0,2820.0,2340.0,2580.0,3240.0,2100.0,2940.0,2100.0,2460.0,1920.0,2040.0,2700.0,2100.0,2580.0,2700.0,1680.0,2580.0,2280.0,2460.0,2280.0,2160.0,3180.0,2220.0,1500.0,1740.0,2220.0,2340.0,1860.0,2400.0,1860.0,2100.0
11.620000000000001,2332.0,2700.0,2400.0,2640.0,3120.0,2160.0,2880.0,2160.0,2580.0,2040.0,1980.0,2820.0,2160.0,2580.0,2760.0,1800.0,2640.0,2160.0,2580.0,2280.0,2100.0,3120.0,2100.0,1500.0,1800.0,2280.0,2160.0,1860.0,2340.0,1980.0,2280.0
11.63,2320.0,2640.0,2400.0,2640.0,3180.0,1980.0,3000.0,2160.0,2640.0,1920.0,1980.0,2700.0,2220.0,2460.0,2700.0,1740.0,2700.0,2160.0,2580.0,2220.0,2100.0,3000.0,2160.0,1680.0,1740.0,2220.0,1980.0,1920.0,2280.0,2160.0,2340.0
11.64,2336.0,2640.0,2220.0,2460.0,3180.0,1980.0,3000.0,2040.0,2640.0,1860.0,1980.0,2820.0,2100.0,2520.0,2640.0,1920.0,2640.0,2340.0,2640.0,2220.0,2100.0,3240.0,2160.0,1680.0,1800.0,2160.0,1920.0,2160.0,2340.0,2220.0,2460.0
11.65,2306.0,2400.0,2340.0,2340.0,3180.0,1980.0,3000.0,2100.0,2640.0,1920.0,1800.0,2820.0,2100.0,2400.0,2400.0,1800.0,2580.0,2220.0,2820.0,2160.0,1920.0,3300.0,2100.0,1800.0,1920.0,2100.0,1800.0,2100.0,2280.0,2280.0,2580.0
11.66,2318.0,2460.0,2400.0,2520.0,3120.0,1980.0,2940.0,1920.0,2640.0,2040.0,1800.0,2820.0,2100.0,2460.0,2400.0,1920.0,2520.0,2340.0,2940.0,2220.0,1860.0,3300.0,2160.0,1740.0,1980.0,2280.0,1740.0,2100.0,2220.0,2340.0,2280.0
11.67,2304.0,2460.0,2400.0,2520.0,3120.0,1980.0,2880.0,2040.0,2520.0,1920.0,1920.0,2940.0,2040.0,2460.0,2460.0,1920.0,2460.0,2280.0,2700.0,2160.0,1860.0,3240.0,2220.0,1860.0,1980.0,2400.0,1680.0,2100.0,2040.0,2400.0,2160.0
11.68,2326.0,2580.0,2580.0,2460.0,3240.0,1980.0,2580.0,2220.0,2520.0,1920.0,1800.0,3000.0,1920.0,2460.0,2580.0,1800.0,2640.0,2280.0,2760.0,2160.0,1800.0,3180.0,2040.0,1980.0,2160.0,2520.0,1620.0,2100.0,2160.0,2520.0,2220.0
11.69,2322.0,2460.0,2400.0,2520.0,3240.0,1860.0,2640.0,2040.0,2520.0,1920.0,1860.0,3060.0,1920.0,2580.0,2700.0,1800.0,2700.0,2340.0,2700.0,2400.0,1740.0,3180.0,1920.0,1980.0,1980.0,2460.0,1740.0,2100.0,2280.0,2580.0,2040.0
11.700000000000001,2346.0,2460.0,2400.0,2640.0,3000.0,1860.0,2700.0,2040.0,2580.0,2040.0,1860.0,3060.0,1920.0,2700.0,2760.0,1920.0,2820.0,2460.0,2700.0,2340.0,1680.0,3120.0,1920.0,2040.0,1920.0,2520.0,1860.0,2100.0,2160.0,2700.0,2100.0
11.71,2344.0,2520.0,2400.0,2700.0,3000.0,1920.0,2640.0,2100.0,2640.0,2040.0,1920.0,3060.0,1740.0,2700.0,2640.0,1860.0,2700.0,2340.0,2820.0,2460.0,1680.0,3120.0,2100.0,2100.0,1920.0,2520.0,1860.0,1920.0,1980.0,2880.0,2040.0
11.72,2358.0,2280.0,2460.0,2640.0,3000.0,2100.0,2580.0,2220.0,2760.0,2460.0,1920.0,2940.0,1920.0,2760.0,2640.0,1860.0,2640.0,2340.0,2640.0,2340.0,1740.0,3180.0,2160.0,2160.0,1920.0,2400.0,1740.0,1980.0,1980.0,2880.0,2100.0
11.73,2354.0,2460.0,2460.0,2580.0,3000.0,2100.0,2520.0,2280.0,2460.0,2520.0,1980.0,3000.0,1860.0,2760.0,2580.0,1800.0,2700.0,2340.0,2400.0,2340.0,1800.0,3180.0,2280.0,2100.0,1920.0,2580.0,1800.0,1860.0,2100.0,2700.0,2160.0
11.74,2344.0,2460.0,2400.0,2520.0,3000.0,2100.0,2580.0,2280.0,2460.0,2400.0,2040.0,2940.0,1920.0,2640.0,2580.0,1800.0,2700.0,2160.0,2280.0,2400.0,1800.0,3120.0,2400.0,1980.0,1920.0,2640.0,1980.0,1860.0,2100.0,2760.0,2100.0
11.75,2304.0,2400.0,2460.0,2520.0,2880.0,1980.0,2460.0,2220.0,2280.0,2340.0,2040.0,3000.0,2040.0,2520.0,2520.0,1680.0,2700.0,2280.0,2220.0,2400.0,1920.0,2940.0,2280.0,2040.0,1920.0,2400.0,2100.0,1920.0,1980.0,2640.0,2040.0
11.76,2290.0,2400.0,2340.0,2520.0,2880.0,1980.0,2400.0,2040.0,2340.0,2400.0,1920.0,2820.0,1920.0,2580.0,2580.0,1860.0,2760.0,2220.0,2340.0,2280.0,1860.0,2940.0,2280.0,2040.0,1980.0,2400.0,2040.0,1920.0,1980.0,2580.0,2100.0
11.77,2270.0,2400.0,2280.0,2760.0,2880.0,1920.0,2340.0,1980.0,2400.0,2340.0,1920.0,2580.0,1860.0,2460.0,2460.0,1740.0,2700.0,2340.0,2220.0,2340.0,1800.0,2820.0,2400.0,2100.0,1920.0,2400.0,2220.0,1920.0,1920.0,2580.0,2100.0
11.78,2270.0,2580.0,2100.0,2640.0,3060.0,2160.0,2100.0,2040.0,2280.0,2280.0,2040.0,2580.0,2040.0,2700.0,2460.0,1740.0,2580.0,2400.0,2220.0,2280.0,1680.0,2820.0,2340.0,2040.0,1980.0,2340.0,2220.0,1740.0,1800.0,2700.0,2160.0
11.790000000000001,2262.0,2400.0,2100.0,2520.0,3060.0,2040.0,2040.0,2040.0,2220.0,2280.0,2100.0,2460.0,1980.0,2640.0,2520.0,1680.0,2580.0,2520.0,2340.0,2280.0,1800.0,2760.0,2640.0,2040.0,2040.0,2400.0,2280.0,1680.0,1740.0,2580.0,2100.0
11.8,2262.0,2580.0,1920.0,2520.0,3060.0,2100.0,2040.0,2100.0,2040.0,2160.0,2100.0,2640.0,1860.0,2700.0,2820.0,1740.0,2520.0,2520.0,2460.0,2220.0,1860.0,2700.0,2640.0,1980.0,2100.0,2220.0,2340.0,1500.0,1680.0,2760.0,1980.0
11.81,2258.0,2520.0,1860.0,2460.0,2940.0,2220.0,1920.0,2220.0,2160.0,2100.0,2040.0,2640.0,1860.0,2580.0,2940.0,1680.0,2340.0,2640.0,2400.0,2280.0,1740.0,2640.0,2640.0,2040.0,2100.0,2460.0,2460.0,1500.0,1680.0,2760.0,1920.0
11.82,2264.0,2400.0,1860.0,2400.0,3240.0,2100.0,1980.0,2400.0,2100.0,2040.0,1980.0,2580.0,1860.0,2700.0,3000.0,1680.0,2400.0,2760.0,2400.0,2340.0,1620.0,2700.0,2760.0,2040.0,1980.0,2460.0,2580.0,1440.0,1560.0,2640.0,1920.0
11.83,2256.0,2400.0,1860.0,2340.0,3300.0,2040.0,2040.0,2280.0,2040.0,1980.0,2100.0,2520.0,1920.0,2820.0,2940.0,1740.0,2400.0,2760.0,2400.0,2280.0,1620.0,2760.0,2580.0,2040.0,1980.0,2460.0,2520.0,1440.0,1560.0,2580.0,1980.0
11.84,2244.0,2340.0,1620.0,2220.0,3360.0,2100.0,2100.0,2280.0,2040.0,1920.0,2100.0,2460.0,1860.0,2880.0,2880.0,1920.0,2280.0,2760.0,2340.0,2220.0,1500.0,2760.0,2640.0,2160.0,1860.0,2460.0,2400.0,1500.0,1680.0,2640.0,2040.0
11.85,2244.0,2400.0,1440.0,2280.0,3480.0,2100.0,2280.0,2220.0,1920.0,1800.0,2100.0,2460.0,1800.0,3000.0,2880.0,1860.0,2220.0,2820.0,2280.0,2280.0,1440.0,2640.0,2640.0,2220.0,1920.0,2520.0,2400.0,1500.0,1740.0,2640.0,2040.0
11.86,2256.0,2340.0,1440.0,2280.0,3480.0,2100.0,2340.0,2280.0,2100.0,1740.0,2100.0,2520.0,1800.0,3000.0,2820.0,1860.0,2100.0,2700.0,2340.0,2340.0,1440.0,2640.0,2580.0,2040.0,2100.0,2820.0,2400.0,1440.0,1860.0,2700.0,1980.0
11.870000000000001,2218.0,2280.0,1260.0,2340.0,3360.0,2220.0,2280.0,2040.0,2100.0,1740.0,2100.0,2520.0,1740.0,2820.0,2760.0,1980.0,2160.0,2640.0,2220.0,2280.0,1380.0,2400.0,2520.0,2160.0,2040.0,2940.0,2400.0,1500.0,1860.0,2520.0,1980.0
11.88,2176.0,2220.0,1320.0,2220.0,3240.0,2280.0,2340.0,2160.0,1980.0,1680.0,2040.0,2460.0,1620.0,2760.0,2700.0,1920.0,1980.0,2580.0,2100.0,2280.0,1320.0,2280.0,2460.0,2160.0,2100.0,2820.0,2400.0,1500.0,1980.0,2520.0,1860.0
11.89,2148.0,2220.0,1440.0,2220.0,2940.0,2100.0,2400.0,2220.0,1860.0,1740.0,2160.0,2340.0,1500.0,2760.0,2700.0,1860.0,2160.0,2520.0,2040.0,2220.0,1320.0,2160.0,2520.0,2220.0,1980.0,2820.0,2400.0,1440.0,1980.0,2460.0,1740.0
11.9,2162.0,2220.0,1560.0,2100.0,2820.0,2340.0,2280.0,2220.0,1980.0,1740.0,2100.0,2460.0,1680.0,2760.0,2640.0,1860.0,2220.0,2460.0,2040.0,2220.0,1200.0,2280.0,2520.0,2220.0,1860.0,2700.0,2520.0,1560.0,1920.0,2580.0,1800.0
11.91,2156.0,2220.0,1620.0,2100.0,2760.0,2340.0,2280.0,2340.0,1980.0,1680.0,1920.0,2400.0,1800.0,2820.0,2520.0,1980.0,2340.0,2400.0,1920.0,2100.0,1140.0,2400.0,2400.0,2340.0,1920.0,2640.0,2460.0,1500.0,1920.0,2640.0,1800.0
11.92,2118.0,2100.0,1620.0,2160.0,2820.0,2280.0,2280.0,2160.0,1920.0,1500.0,1860.0,2280.0,1800.0,2760.0,2520.0,1980.0,2340.0,2220.0,1980.0,1980.0,1260.0,2340.0,2340.0,2280.0,1740.0,2520.0,2640.0,1320.0,1860.0,2760.0,1920.0
11.93,2088.0,2040.0,1680.0,2040.0,2820.0,2220.0,2160.0,2040.0,1980.0,1500.0,1860.0,2220.0,1860.0,2580.0,2580.0,1980.0,2220.0,1920.0,1980.0,1980.0,1320.0,2280.0,2100.0,2340.0,1860.0,2580.0,2700.0,1440.0,1860.0,2580.0,1920.0
11.94,2066.0,1920.0,1740.0,1980.0,2880.0,2220.0,2040.0,2220.0,1980.0,1440.0,2040.0,2040.0,1860.0,2580.0,2460.0,2040.0,2100.0,1920.0,1980.0,1980.0,1440.0,2280.0,2100.0,2280.0,1800.0,2400.0,2460.0,1440.0,1860.0,2640.0,1860.0
11.950000000000001,2092.0,1920.0,1800.0,1920.0,2580.0,2160.0,2040.0,2460.0,2160.0,1380.0,1980.0,2220.0,1920.0,2640.0,2520.0,1980.0,2160.0,1920.0,2100.0,2040.0,1560.0,2280.0,2040.0,2220.0,1920.0,2460.0,2460.0,1500.0,1920.0,2580.0,1920.0
11.96,2102.0,2100.0,1980.0,1980.0,2340.0,2100.0,2040.0,2220.0,2160.0,1440.0,2100.0,2160.0,1860.0,2640.0,2520.0,1980.0,2160.0,2040.0,2040.0,2040.0,1560.0,2280.0,2100.0,2340.0,1860.0,2400.0,2460.0,1560.0,1980.0,2640.0,1980.0
11.97,2074.0,1980.0,2040.0,1980.0,2340.0,2100.0,1980.0,2220.0,2100.0,1320.0,2160.0,2160.0,1800.0,2700.0,2640.0,1920.0,2100.0,2040.0,2220.0,1920.0,1620.0,1980.0,2040.0,2400.0,2040.0,2100.0,2580.0,1560.0,1920.0,2400.0,1860.0
11.98,2112.0,1920.0,2100.0,2100.0,2460.0,2280.0,1920.0,2280.0,2280.0,1200.0,2220.0,2280.0,1800.0,2880.0,2760.0,1800.0,2160.0,1980.0,2160.0,1680.0,1680.0,2100.0,2040.0,2400.0,2100.0,2220.0,2580.0,1620.0,2100.0,2340.0,1920.0
11.99,2096.0,1980.0,2040.0,1980.0,2400.0,2160.0,2040.0,2220.0,2460.0,1080.0,2220.0,2220.0,1800.0,3000.0,2760.0,1860.0,2160.0,1560.0,2100.0,1560.0,1680.0,2100.0,2280.0,2460.0,2100.0,2160.0,2640.0,1560.0,1920.0,2460.0,1920.0
12.0,2082.0,1800.0,1980.0,2100.0,2460.0,2220.0,1800.0,2040.0,2820.0,1140.0,2520.0,2100.0,1680.0,2820.0,2640.0,1800.0,2160.0,1620.0,2160.0,1620.0,1740.0,1980.0,2400.0,2280.0,2160.0,2100.0,2460.0,1500.0,1920.0,2520.0,1920.0
12.01,2090.0,1680.0,2040.0,2220.0,2400.0,2100.0,1980.0,1920.0,2880.0,1080.0,2520.0,1980.0,1680.0,2760.0,2940.0,1920.0,2280.0,1560.0,2100.0,1620.0,1620.0,2100.0,2520.0,2340.0,2100.0,2160.0,2400.0,1500.0,1920.0,2520.0,1860.0
12.02,2070.0,1740.0,1980.0,2280.0,2460.0,2100.0,1860.0,1920.0,2820.0,960.0,2520.0,1980.0,1680.0,2640.0,2820.0,1920.0,2340.0,1320.0,2220.0,1440.0,1620.0,2100.0,2460.0,2280.0,2220.0,2160.0,2340.0,1680.0,1920.0,2580.0,1740.0
12.030000000000001,2052.0,1680.0,2040.0,2400.0,2400.0,2160.0,1740.0,1860.0,2760.0,960.0,2520.0,1980.0,1620.0,2760.0,2880.0,1800.0,2220.0,1440.0,2220.0,1500.0,1500.0,1980.0,2280.0,2220.0,2280.0,2100.0,2220.0,1740.0,1980.0,2700.0,1620.0
12.040000000000001,2078.0,1860.0,1980.0,2400.0,2220.0,2220.0,1680.0,1800.0,2820.0,1080.0,2580.0,1920.0,1620.0,2760.0,3000.0,1860.0,2220.0,1500.0,2220.0,1320.0,1500.0,2160.0,2280.0,2280.0,2520.0,2220.0,2340.0,1680.0,1920.0,2760.0,1620.0
12.05,2088.0,1860.0,1920.0,2400.0,2160.0,2160.0,1800.0,1860.0,2820.0,1080.0,2580.0,2100.0,1740.0,2700.0,2700.0,1980.0,2160.0,1500.0,2220.0,1440.0,1500.0,2160.0,2400.0,2280.0,2700.0,2340.0,2280.0,1680.0,1800.0,2760.0,1560.0
12.06,2084.0,1980.0,1980.0,2460.0,2040.0,2280.0,1920.0,1740.0,2880.0,1080.0,2460.0,1980.0,1680.0,2580.0,2760.0,1920.0,2160.0,1620.0,2280.0,1440.0,1440.0,2100.0,2280.0,2160.0,2700.0,2460.0,2280.0,1620.0,1800.0,2700.0,1740.0
12.07,2056.0,1680.0,2040.0,2520.0,2040.0,2220.0,1800.0,1680.0,2940.0,1140.0,2580.0,1980.0,1680.0,2700.0,2760.0,2040.0,2100.0,1560.0,2100.0,1380.0,1200.0,1980.0,2280.0,2100.0,2700.0,2400.0,2160.0,1680.0,1800.0,2760.0,1680.0
12.08,2040.0,1560.0,2160.0,2400.0,1980.0,2280.0,1740.0,1560.0,2880.0,1260.0,2640.0,2040.0,1680.0,2820.0,2700.0,2040.0,2040.0,1560.0,2160.0,1380.0,1200.0,1800.0,2400.0,2100.0,2760.0,2280.0,2100.0,1620.0,1740.0,2700.0,1620.0
12.09,2018.0,1500.0,2160.0,2280.0,2040.0,2460.0,1860.0,1560.0,3000.0,1320.0,2700.0,1920.0,1620.0,2640.0,2580.0,1980.0,2040.0,1560.0,2100.0,1320.0,1320.0,1740.0,2280.0,1860.0,2760.0,2400.0,1980.0,1560.0,1800.0,2640.0,1560.0
12.1,2026.0,1560.0,2040.0,2400.0,1920.0,2340.0,1920.0,1560.0,3060.0,1380.0,2640.0,1920.0,1740.0,2760.0,2640.0,2040.0,1980.0,1560.0,1980.0,1320.0,1380.0,1860.0,2280.0,1860.0,2760.0,2400.0,2040.0,1560.0,1860.0,2520.0,1500.0
12.11,2000.0,1500.0,2100.0,2280.0,1920.0,2400.0,1860.0,1680.0,2880.0,1380.0,2640.0,1860.0,1620.0,2700.0,2580.0,1980.0,1860.0,1680.0,1980.0,1320.0,1260.0,1800.0,2280.0,2040.0,2700.0,2340.0,2100.0,1620.0,1860.0,2340.0,1440.0
12.120000000000001,2004.0,1440.0,2160.0,2280.0,1980.0,2580.0,1860.0,1680.0,2880.0,1380.0,2640.0,2040.0,1560.0,2520.0,2580.0,2100.0,1920.0,1680.0,1980.0,1440.0,1320.0,1560.0,2160.0,2100.0,2520.0,2460.0,2100.0,1560.0,1800.0,2340.0,1500.0
12.13,1988.0,1440.0,2100.0,2340.0,1800.0,2520.0,1980.0,1620.0,2940.0,1440.0,2640.0,2040.0,1560.0,2400.0,2580.0,2100.0,1860.0,1560.0,1920.0,1440.0,1320.0,1560.0,2160.0,1920.0,2580.0,2580.0,2100.0,1500.0,1740.0,2280.0,1620.0
12.14,1988.0,1560.0,2040.0,2340.0,1800.0,2460.0,1920.0,1620.0,2820.0,1500.0,2580.0,2040.0,1620.0,2520.0,2580.0,2040.0,1860.0,1680.0,2040.0,1500.0,1260.0,1560.0,2160.0,1860.0,2640.0,2580.0,2040.0,1440.0,1800.0,2220.0,1560.0
12.15,1982.0,1740.0,1980.0,2400.0,1860.0,2400.0,1980.0,1680.0,2640.0,1500.0,2520.0,2040.0,1620.0,2580.0,2580.0,1920.0,1800.0,1560.0,2040.0,1560.0,1380.0,1560.0,2160.0,1920.0,2520.0,2580.0,1980.0,1500.0,1800.0,2160.0,1500.0
12.16,1960.0,1680.0,1860.0,2460.0,1680.0,2520.0,1920.0,1620.0,2700.0,1620.0,2460.0,1980.0,1620.0,2460.0,2580.0,1800.0,1800.0,1500.0,2040.0,1560.0,1380.0,1620.0,2040.0,1860.0,2580.0,2640.0,1980.0,1440.0,1860.0,2040.0,1500.0
12.17,1986.0,1740.0,2100.0,2460.0,1620.0,2580.0,1920.0,1680.0,2760.0,1620.0,2340.0,2220.0,1740.0,2520.0,2700.0,1980.0,1620.0,1500.0,2040.0,1620.0,1440.0,1740.0,1800.0,1980.0,2460.0,2640.0,1980.0,1440.0,1860.0,1920.0,1560.0
12.18,1934.0,1740.0,2040.0,2280.0,1560.0,2400.0,1740.0,1680.0,2760.0,1560.0,2280.0,2100.0,1860.0,2580.0,2820.0,2040.0,1440.0,1380.0,1980.0,1500.0,1680.0,1680.0,1680.0,1860.0,2400.0,2580.0,1800.0,1380.0,1860.0,1860.0,1500.0
12.19,1940.0,1860.0,1980.0,2220.0,1500.0,2520.0,1740.0,1620.0,2580.0,1680.0,2340.0,2340.0,1860.0,2580.0,2700.0,1980.0,1440.0,1500.0,1860.0,1440.0,1680.0,1680.0,1680.0,1980.0,2400.0,2580.0,1860.0,1440.0,1800.0,1800.0,1560.0
12.200000000000001,1930.0,1740.0,2040.0,2220.0,1620.0,2340.0,1620.0,1500.0,2580.0,1860.0,2280.0,2340.0,1920.0,2640.0,2700.0,1860.0,1440.0,1500.0,1800.0,1380.0,1740.0,1740.0,1680.0,2100.0,2340.0,2460.0,1860.0,1260.0,1920.0,1860.0,1560.0
12.21,1950.0,1560.0,2100.0,2160.0,1680.0,2220.0,1680.0,1560.0,2760.0,1800.0,2220.0,2460.0,1980.0,2520.0,2640.0,1860.0,1380.0,1440.0,1980.0,1380.0,1740.0,1740.0,1740.0,2160.0,2280.0,2640.0,1920.0,1320.0,1920.0,1920.0,1740.0
12.22,1926.0,1620.0,2100.0,2040.0,1860.0,2220.0,1800.0,1500.0,2700.0,1740.0,2220.0,2460.0,2040.0,2340.0,2760.0,1920.0,1320.0,1380.0,1980.0,1380.0,1680.0,1800.0,1680.0,1980.0,2040.0,2460.0,1800.0,1320.0,1860.0,1920.0,1860.0
12.23,1912.0,1620.0,2100.0,1920.0,1860.0,2220.0,1740.0,1380.0,2700.0,1680.0,2220.0,2340.0,2220.0,2220.0,2760.0,1860.0,1260.0,1380.0,1980.0,1260.0,1740.0,1860.0,1800.0,1980.0,1980.0,2340.0,1800.0,1440.0,1860.0,1860.0,1980.0
12.24,1916.0,1620.0,2040.0,1920.0,1860.0,2160.0,1860.0,1560.0,2700.0,1740.0,2040.0,2340.0,2280.0,2100.0,2640.0,1860.0,1320.0,1380.0,1980.0,1320.0,1680.0,1800.0,1740.0,2160.0,1920.0,2460.0,1920.0,1560.0,1680.0,1800.0,2040.0
12.25,1912.0,1560.0,1920.0,1800.0,1800.0,2280.0,1920.0,1680.0,2700.0,1680.0,1920.0,2280.0,2280.0,2100.0,2700.0,1800.0,1320.0,1440.0,2160.0,1260.0,1740.0,1860.0,1740.0,2160.0,1920.0,2460.0,1860.0,1620.0,1620.0,1740.0,2040.0
12.26,1914.0,1620.0,2040.0,1740.0,1680.0,2340.0,2040.0,1860.0,2820.0,1920.0,1800.0,2340.0,2220.0,1920.0,2700.0,1800.0,1380.0,1320.0,2040.0,1380.0,1800.0,1860.0,1740.0,2100.0,1740.0,2460.0,1800.0,1620.0,1440.0,1740.0,2160.0
12.27,1892.0,1680.0,2100.0,1680.0,1500.0,2400.0,2100.0,1860.0,2700.0,1860.0,1560.0,2220.0,2040.0,1860.0,2820.0,1620.0,1380.0,1320.0,1980.0,1440.0,1920.0,1860.0,1740.0,2160.0,1800.0,2460.0,1800.0,1620.0,1500.0,1740.0,2040.0
12.280000000000001,1874.0,1680.0,2040.0,1680.0,1620.0,2280.0,2040.0,1980.0,2640.0,1920.0,1680.0,2160.0,2040.0,1800.0,2640.0,1500.0,1320.0,1200.0,2100.0,1380.0,1980.0,1860.0,1800.0,2220.0,1800.0,2340.0,1800.0,1560.0,1560.0,1560.0,2040.0
12.290000000000001,1832.0,1800.0,1980.0,1560.0,1680.0,2460.0,2100.0,1920.0,2640.0,1860.0,1680.0,2160.0,1980.0,1740.0,2520.0,1560.0,1380.0,1080.0,2160.0,1320.0,1980.0,1800.0,1560.0,2040.0,1680.0,2040.0,1980.0,1440.0,1500.0,1500.0,1860.0
12.3,1836.0,1860.0,2040.0,1560.0,1560.0,2520.0,2100.0,1920.0,2640.0,2100.0,1740.0,2100.0,1980.0,1860.0,2520.0,1500.0,1440.0,1080.0,2280.0,1260.0,2040.0,1860.0,1560.0,2040.0,1620.0,1860.0,1920.0,1440.0,1500.0,1380.0,1800.0
12.31,1844.0,1920.0,2100.0,1500.0,1560.0,2400.0,2040.0,2040.0,2460.0,2160.0,1680.0,2100.0,1980.0,1860.0,2580.0,1500.0,1440.0,960.0,2400.0,1260.0,2040.0,1860.0,1500.0,2220.0,1680.0,1860.0,2040.0,1440.0,1320.0,1440.0,1980.0
12.32,1830.0,1860.0,2160.0,1320.0,1380.0,2400.0,2040.0,1980.0,2340.0,2220.0,1680.0,2100.0,1980.0,1980.0,2460.0,1500.0,1440.0,1020.0,2460.0,1200.0,2100.0,1860.0,1560.0,2280.0,1740.0,1800.0,2040.0,1500.0,1320.0,1320.0,1860.0
12.33,1854.0,1740.0,2280.0,1380.0,1560.0,2400.0,1980.0,1980.0,2160.0,2280.0,1620.0,2100.0,1860.0,2100.0,2520.0,1500.0,1500.0,960.0,2400.0,1260.0,2100.0,1980.0,1560.0,2460.0,1860.0,1680.0,2040.0,1500.0,1500.0,1380.0,1980.0
12.34,1872.0,1740.0,2280.0,1500.0,1620.0,2640.0,1980.0,1860.0,2100.0,2280.0,1560.0,2220.0,1740.0,1920.0,2640.0,1500.0,1500.0,960.0,2340.0,1320.0,2220.0,1920.0,1560.0,2520.0,1800.0,1620.0,2040.0,1740.0,1560.0,1500.0,1980.0
12.35,1888.0,1680.0,2400.0,1620.0,1560.0,2580.0,2040.0,1740.0,1980.0,2220.0,1440.0,2280.0,1800.0,1980.0,2640.0,1380.0,1560.0,1080.0,2340.0,1440.0,2220.0,2040.0,1620.0,2580.0,1800.0,1860.0,2040.0,1740.0,1500.0,1500.0,1980.0
12.36,1896.0,1620.0,2460.0,1620.0,1500.0,2640.0,2040.0,1740.0,1860.0,2220.0,1440.0,2460.0,1800.0,1980.0,2700.0,1440.0,1500.0,1080.0,2340.0,1380.0,2220.0,2100.0,1680.0,2520.0,1800.0,1860.0,2040.0,1800.0,1560.0,1500.0,1980.0
12.370000000000001,1884.0,1560.0,2400.0,1560.0,1560.0,2640.0,2040.0,1740.0,1680.0,2100.0,1380.0,2280.0,1680.0,1980.0,2640.0,1440.0,1560.0,1200.0,2340.0,1380.0,2160.0,2160.0,1740.0,2520.0,1860.0,1980.0,2160.0,1740.0,1680.0,1440.0,1920.0
12.38,1910.0,1620.0,2400.0,1440.0,1560.0,2640.0,2040.0,1740.0,1740.0,2400.0,1260.0,2340.0,1740.0,2100.0,2640.0,1560.0,1800.0,1260.0,2460.0,1500.0,2280.0,2100.0,1800.0,2580.0,1740.0,1920.0,2160.0,1800.0,1500.0,1320.0,1860.0
12.39,1920.0,1920.0,2520.0,1320.0,1680.0,2460.0,2040.0,1740.0,1680.0,2340.0,1320.0,2280.0,1740.0,2100.0,2820.0,1560.0,1860.0,1140.0,2460.0,1500.0,2220.0,2100.0,1860.0,2520.0,1860.0,1860.0,2100.0,1800.0,1560.0,1380.0,1860.0
12.4,1924.0,1980.0,2580.0,1320.0,1560.0,2460.0,2160.0,1680.0,1680.0,2340.0,1320.0,2340.0,1620.0,2100.0,2820.0,1560.0,1740.0,1140.0,2520.0,1500.0,2340.0,2100.0,1980.0,2520.0,1800.0,1800.0,2160.0,1800.0,1620.0,1440.0,1740.0
12.41,1902.0,1920.0,2460.0,1320.0,1500.0,2280.0,2280.0,1620.0,1740.0,2340.0,1320.0,2400.0,1560.0,2160.0,2820.0,1380.0,1620.0,1140.0,2520.0,1500.0,2280.0,1920.0,2040.0,2460.0,1740.0,1740.0,2160.0,1920.0,1560.0,1560.0,1800.0
12.42,1918.0,1920.0,2400.0,1320.0,1560.0,2160.0,2280.0,1620.0,1860.0,2280.0,1260.0,2460.0,1680.0,2100.0,2940.0,1260.0,1680.0,1140.0,2520.0,1620.0,2400.0,1920.0,2100.0,2460.0,1680.0,1740.0,2100.0,2040.0,1500.0,1560.0,1980.0
12.43,1906.0,1920.0,2280.0,1500.0,1620.0,2100.0,2100.0,1740.0,2040.0,2340.0,1140.0,2340.0,1680.0,2100.0,2880.0,1200.0,1680.0,1140.0,2400.0,1500.0,2400.0,1800.0,2280.0,2400.0,1680.0,1680.0,2220.0,1980.0,1500.0,1500.0,2040.0
12.44,1872.0,1920.0,1920.0,1500.0,1500.0,1980.0,2040.0,1860.0,1920.0,2280.0,1080.0,2220.0,1620.0,2160.0,3000.0,1080.0,1740.0,1260.0,2460.0,1500.0,2340.0,1860.0,2280.0,2160.0,1620.0,1620.0,2220.0,2040.0,1440.0,1560.0,1980.0
12.450000000000001,1860.0,1860.0,1980.0,1620.0,1500.0,2160.0,2220.0,1980.0,1860.0,2280.0,1020.0,2100.0,1620.0,2220.0,3000.0,1080.0,1800.0,1380.0,2400.0,1440.0,2340.0,1740.0,2100.0,2100.0,1560.0,1560.0,2040.0,1980.0,1440.0,1620.0,1800.0
12.46,1850.0,1800.0,1920.0,1560.0,1500.0,2220.0,2160.0,1920.0,1620.0,2280.0,960.0,2160.0,1680.0,2040.0,3000.0,1020.0,1920.0,1440.0,2460.0,1500.0,2220.0,1800.0,2100.0,1920.0,1560.0,1440.0,2100.0,2100.0,1560.0,1620.0,1920.0
12.47,1858.0,1680.0,1980.0,1620.0,1560.0,2160.0,2040.0,1980.0,1440.0,2580.0,960.0,2220.0,1560.0,2040.0,3000.0,1080.0,1800.0,1500.0,2400.0,1440.0,2340.0,1800.0,2160.0,1860.0,1680.0,1500.0,1980.0,2100.0,1680.0,1680.0,1920.0
12.48,1884.0,1560.0,2040.0,1500.0,1560.0,2160.0,2160.0,2040.0,1320.0,2640.0,1020.0,2160.0,1680.0,1980.0,2880.0,1020.0,1980.0,1440.0,2400.0,1440.0,2400.0,1980.0,2220.0,2040.0,1800.0,1500.0,2160.0,2220.0,1800.0,1620.0,1800.0
12.49,1862.0,1680.0,1980.0,1500.0,1560.0,2220.0,2040.0,2160.0,1260.0,2640.0,1020.0,2160.0,1680.0,2040.0,2820.0,960.0,1920.0,1560.0,2340.0,1500.0,2400.0,1920.0,1980.0,1920.0,1620.0,1380.0,2160.0,2220.0,1920.0,1680.0,1620.0
12.5,1836.0,1800.0,1980.0,1560.0,1500.0,2100.0,2040.0,2100.0,1260.0,2580.0,1020.0,2040.0,1620.0,1920.0,2640.0,960.0,1920.0,1680.0,2160.0,1560.0,2400.0,1980.0,1980.0,1860.0,1560.0,1380.0,2160.0,2160.0,1860.0,1620.0,1680.0
12.51,1816.0,1860.0,2040.0,1560.0,1380.0,1980.0,1980.0,2220.0,1260.0,2520.0,1080.0,1920.0,1620.0,2040.0,2640.0,900.0,1860.0,1920.0,2100.0,1560.0,2400.0,2040.0,1920.0,1740.0,1500.0,1260.0,2100.0,2100.0,1800.0,1440.0,1740.0
12.52,1802.0,1920.0,2040.0,1560.0,1440.0,1920.0,1800.0,2400.0,1380.0,2580.0,1080.0,1920.0,1680.0,2160.0,2580.0,960.0,1740.0,1980.0,1980.0,1620.0,2340.0,1980.0,1860.0,1680.0,1380.0,1080.0,2040.0,1980.0,1740.0,1500.0,1740.0
12.530000000000001,1820.0,1860.0,2040.0,1560.0,1680.0,1800.0,1860.0,2400.0,1500.0,2580.0,1080.0,1800.0,1680.0,2160.0,2520.0,960.0,1860.0,1920.0,1980.0,1680.0,2580.0,1860.0,1920.0,1800.0,1380.0,1140.0,2040.0,1920.0,1680.0,1620.0,1740.0
12.540000000000001,1792.0,1680.0,2040.0,1440.0,1740.0,1920.0,1740.0,2220.0,1680.0,2460.0,1080.0,1800.0,1500.0,2040.0,2460.0,1020.0,1860.0,1860.0,1920.0,1620.0,2580.0,1860.0,1980.0,1740.0,1440.0,1080.0,1920.0,1980.0,1740.0,1620.0,1740.0
12.55,1816.0,1620.0,2100.0,1560.0,1620.0,1980.0,1800.0,2220.0,1980.0,2400.0,1140.0,1920.0,1440.0,2100.0,2520.0,1140.0,1740.0,1920.0,1920.0,1680.0,2700.0,1800.0,1980.0,1740.0,1500.0,960.0,1920.0,1980.0,1680.0,1680.0,1740.0
12.56,1798.0,1680.0,2100.0,1740.0,1680.0,1920.0,1800.0,1980.0,1860.0,2160.0,1080.0,1860.0,1440.0,2100.0,2520.0,1200.0,1740.0,1800.0,1980.0,1800.0,2640.0,1620.0,2040.0,1560.0,1620.0,960.0,1980.0,1920.0,1680.0,1800.0,1680.0
12.57,1778.0,1800.0,2160.0,1860.0,1800.0,1920.0,1680.0,1800.0,1800.0,2040.0,1020.0,1800.0,1440.0,2280.0,2400.0,1320.0,1740.0,1800.0,1680.0,1800.0,2640.0,1620.0,1920.0,1560.0,1620.0,1020.0,2100.0,1800.0,1440.0,1860.0,1620.0
12.58,1784.0,1620.0,2100.0,1740.0,1920.0,1800.0,1800.0,1740.0,1920.0,2100.0,1020.0,1800.0,1380.0,2280.0,2580.0,1380.0,1680.0,1800.0,1680.0,1860.0,2580.0,1560.0,1980.0,1680.0,1680.0,1080.0,2100.0,1980.0,1320.0,1740.0,1620.0
12.59,1782.0,1620.0,2040.0,1680.0,1920.0,1680.0,1800.0,1740.0,1980.0,1980.0,1020.0,1620.0,1320.0,2220.0,2520.0,1500.0,1740.0,1620.0,1680.0,1980.0,2580.0,1560.0,2160.0,1740.0,1740.0,1140.0,2280.0,1980.0,1260.0,1740.0,1620.0
12.6,1786.0,1620.0,2040.0,1740.0,2100.0,1620.0,1680.0,1680.0,2040.0,1920.0,1020.0,1620.0,1500.0,2160.0,2220.0,1560.0,1560.0,1620.0,1680.0,2160.0,2520.0,1560.0,2160.0,1740.0,1680.0,1080.0,2400.0,1980.0,1380.0,1800.0,1740.0
12.61,1788.0,1500.0,1920.0,1680.0,2100.0,1620.0,1800.0,1800.0,1980.0,2040.0,1020.0,1680.0,1560.0,2160.0,2100.0,1500.0,1500.0,1680.0,1680.0,2100.0,2520.0,1560.0,2280.0,1800.0,1620.0,1140.0,2400.0,1980.0,1440.0,1800.0,1680.0
12.620000000000001,1764.0,1500.0,1860.0,1680.0,1980.0,1560.0,1980.0,1800.0,1980.0,1980.0,1020.0,1620.0,1500.0,2040.0,2220.0,1560.0,1560.0,1800.0,1680.0,2040.0,2400.0,1560.0,2040.0,1860.0,1560.0,1080.0,2340.0,1800.0,1440.0,1800.0,1680.0
12.63,1754.0,1560.0,1860.0,1680.0,1980.0,1560.0,1980.0,1740.0,1980.0,1920.0,1020.0,1560.0,1500.0,1980.0,2160.0,1620.0,1500.0,1800.0,1740.0,2100.0,2220.0,1560.0,1980.0,1860.0,1560.0,1260.0,2220.0,1860.0,1440.0,1680.0,1740.0
12.64,1756.0,1500.0,1860.0,1680.0,1980.0,1560.0,2100.0,1740.0,1980.0,1860.0,1080.0,1680.0,1500.0,1980.0,2100.0,1680.0,1560.0,1920.0,1560.0,2100.0,2220.0,1560.0,1920.0,1740.0,1620.0,1320.0,2220.0,1800.0,1500.0,1680.0,1680.0
12.65,1750.0,1380.0,1800.0,1680.0,1980.0,1500.0,2100.0,1680.0,1860.0,1860.0,1140.0,1800.0,1380.0,2040.0,2040.0,1800.0,1740.0,1680.0,1620.0,2160.0,2280.0,1560.0,1860.0,1740.0,1620.0,1320.0,2340.0,1740.0,1500.0,1680.0,1620.0
12.66,1736.0,1260.0,1740.0,1680.0,2100.0,1680.0,2100.0,1620.0,1860.0,1800.0,1260.0,1860.0,1320.0,2040.0,1920.0,1740.0,1740.0,1620.0,1560.0,2160.0,2280.0,1560.0,1920.0,1680.0,1560.0,1320.0,2220.0,1740.0,1500.0,1680.0,1560.0
12.67,1732.0,1140.0,1800.0,1740.0,2160.0,1800.0,2220.0,1680.0,1860.0,1680.0,1320.0,1860.0,1200.0,1980.0,2040.0,1560.0,1740.0,1620.0,1560.0,2220.0,2280.0,1500.0,1920.0,1680.0,1440.0,1380.0,2160.0,1680.0,1440.0,1680.0,1620.0
12.68,1708.0,1140.0,1800.0,1680.0,2160.0,1740.0,2100.0,1800.0,1920.0,1620.0,1260.0,1860.0,1080.0,1980.0,1860.0,1560.0,1680.0,1620.0,1620.0,2040.0,2160.0,1500.0,1980.0,1800.0,1440.0,1440.0,2160.0,1440.0,1440.0,1740.0,1620.0
12.69,1694.0,1200.0,1800.0,1620.0,2160.0,1620.0,2040.0,1740.0,2040.0,1560.0,1260.0,1800.0,1140.0,1920.0,1800.0,1560.0,1680.0,1560.0,1560.0,1980.0,2040.0,1560.0,1920.0,1680.0,1380.0,1500.0,2340.0,1440.0,1500.0,1800.0,1620.0
12.700000000000001,1672.0,1200.0,1740.0,1620.0,2160.0,1500.0,1980.0,1740.0,1980.0,1740.0,1320.0,1740.0,1200.0,1920.0,1680.0,1740.0,1740.0,1620.0,1500.0,1800.0,1920.0,1500.0,1620.0,1740.0,1320.0,1560.0,2220.0,1500.0,1500.0,1800.0,1560.0
12.71,1660.0,1140.0,1620.0,1560.0,2160.0,1620.0,2160.0,1920.0,1980.0,1740.0,1260.0,1740.0,1200.0,1860.0,1680.0,1740.0,1740.0,1680.0,1440.0,1620.0,1980.0,1320.0,1680.0,1620.0,1320.0,1560.0,2100.0,1500.0,1560.0,1800.0,1500.0
12.72,1670.0,1140.0,1680.0,1620.0,2160.0,1680.0,2160.0,2040.0,1980.0,1800.0,1380.0,1740.0,1200.0,1920.0,1620.0,1680.0,1860.0,1620.0,1380.0,1560.0,1920.0,1380.0,1740.0,1560.0,1320.0,1620.0,2040.0,1440.0,1500.0,1860.0,1500.0
12.73,1672.0,1080.0,1620.0,1680.0,2160.0,1740.0,1920.0,1980.0,1920.0,1740.0,1380.0,1800.0,1260.0,1860.0,1620.0,1800.0,1860.0,1680.0,1500.0,1560.0,1860.0,1380.0,1740.0,1680.0,1380.0,1680.0,1860.0,1500.0,1500.0,1860.0,1560.0
12.74,1646.0,1080.0,1500.0,1740.0,2100.0,1740.0,1740.0,1860.0,1980.0,1500.0,1440.0,1800.0,1140.0,1740.0,1560.0,1740.0,1860.0,1620.0,1620.0,1620.0,1800.0,1440.0,1740.0,1740.0,1320.0,1740.0,1860.0,1560.0,1380.0,1980.0,1440.0
12.75,1656.0,1140.0,1440.0,1680.0,2100.0,1800.0,1560.0,1860.0,2040.0,1440.0,1440.0,1740.0,1200.0,1740.0,1380.0,1740.0,1980.0,1620.0,1680.0,1680.0,1860.0,1380.0,1740.0,1800.0,1320.0,1800.0,1920.0,1620.0,1560.0,2040.0,1380.0
12.76,1640.0,1080.0,1320.0,1560.0,2100.0,1860.0,1500.0,1860.0,2160.0,1560.0,1380.0,1680.0,1200.0,1740.0,1380.0,1860.0,1860.0,1740.0,1740.0,1620.0,1860.0,1380.0,1620.0,1740.0,1260.0,1740.0,1800.0,1500.0,1620.0,1980.0,1500.0
12.77,1644.0,1020.0,1200.0,1620.0,2160.0,1800.0,1620.0,1860.0,2160.0,1560.0,1320.0,1680.0,1260.0,1740.0,1380.0,1980.0,2100.0,1740.0,1800.0,1680.0,1800.0,1440.0,1560.0,1740.0,1320.0,1680.0,1680.0,1440.0,1560.0,1920.0,1500.0
12.780000000000001,1638.0,1080.0,1260.0,1680.0,2160.0,1920.0,1620.0,1740.0,2040.0,1500.0,1320.0,1680.0,1200.0,1620.0,1380.0,1980.0,2160.0,1740.0,1680.0,1740.0,1740.0,1380.0,1620.0,1800.0,1200.0,1680.0,1680.0,1440.0,1680.0,1860.0,1560.0
12.790000000000001,1632.0,1080.0,1200.0,1680.0,2040.0,1920.0,1560.0,1740.0,2040.0,1500.0,1440.0,1740.0,1080.0,1680.0,1320.0,2160.0,2220.0,1620.0,1680.0,1500.0,1740.0,1440.0,1680.0,1740.0,1140.0,1680.0,1740.0,1560.0,1680.0,1860.0,1500.0
12.8,1650.0,1140.0,1260.0,1860.0,2040.0,1800.0,1560.0,1680.0,2100.0,1620.0,1500.0,1740.0,1260.0,1740.0,1260.0,2160.0,2160.0,1620.0,1680.0,1500.0,1620.0,1440.0,1620.0,1800.0,1140.0,1680.0,1800.0,1560.0,1800.0,1860.0,1500.0
12.81,1656.0,1080.0,1200.0,1740.0,2100.0,1680.0,1560.0,1860.0,2100.0,1740.0,1440.0,1860.0,1200.0,1800.0,1320.0,2160.0,2220.0,1680.0,1680.0,1440.0,1620.0,1380.0,1560.0,1800.0,1200.0,1740.0,1800.0,1560.0,1800.0,1800.0,1560.0
12.82,1640.0,1140.0,1080.0,1680.0,2040.0,1500.0,1560.0,1740.0,2040.0,1680.0,1440.0,1800.0,1320.0,1740.0,1320.0,2220.0,2280.0,1620.0,1800.0,1500.0,1740.0,1380.0,1500.0,1860.0,1140.0,1800.0,1680.0,1680.0,1740.0,1740.0,1440.0
12.83,1646.0,1140.0,1140.0,1620.0,1860.0,1380.0,1620.0,1860.0,2100.0,1800.0,1440.0,1800.0,1440.0,1680.0,1320.0,2220.0,2220.0,1680.0,1680.0,1320.0,1860.0,1380.0,1560.0,1920.0,1080.0,1680.0,1500.0,1800.0,1860.0,1800.0,1620.0
12.84,1640.0,1140.0,1020.0,1500.0,1860.0,1440.0,1680.0,1860.0,1980.0,1740.0,1380.0,1740.0,1500.0,1620.0,1200.0,2160.0,2160.0,1740.0,1740.0,1320.0,1860.0,1320.0,1440.0,2040.0,1140.0,1680.0,1500.0,1800.0,1860.0,1860.0,1920.0
12.85,1672.0,1200.0,1020.0,1500.0,1920.0,1440.0,1860.0,1980.0,2100.0,1740.0,1380.0,1740.0,1740.0,1620.0,1200.0,2100.0,2040.0,1920.0,1800.0,1320.0,1920.0,1440.0,1380.0,2040.0,1200.0,1740.0,1560.0,1740.0,1860.0,1740.0,1920.0
12.86,1668.0,1200.0,1080.0,1500.0,2040.0,1440.0,1800.0,1920.0,2100.0,1680.0,1500.0,1680.0,1800.0,1620.0,1260.0,1920.0,2100.0,1980.0,1800.0,1380.0,1860.0,1500.0,1380.0,1920.0,1200.0,1860.0,1500.0,1740.0,1860.0,1560.0,1860.0
12.870000000000001,1676.0,1320.0,1140.0,1560.0,1920.0,1260.0,1740.0,2040.0,2160.0,1800.0,1500.0,1620.0,1800.0,1620.0,1260.0,2040.0,2100.0,2040.0,1860.0,1380.0,1860.0,1440.0,1500.0,1860.0,1140.0,1860.0,1500.0,1800.0,1860.0,1440.0,1860.0
12.88,1658.0,1440.0,1200.0,1440.0,1980.0,1260.0,1800.0,2040.0,1980.0,1740.0,1500.0,1560.0,1740.0,1440.0,1380.0,1860.0,1920.0,1980.0,1860.0,1380.0,1800.0,1560.0,1500.0,1920.0,1140.0,1800.0,1500.0,1740.0,1860.0,1620.0,1800.0
12.89,1642.0,1380.0,1260.0,1620.0,2100.0,1260.0,1800.0,2100.0,1620.0,1620.0,1440.0,1560.0,1620.0,1440.0,1320.0,1680.0,1980.0,2040.0,1800.0,1380.0,1920.0,1500.0,1560.0,1860.0,1260.0,1800.0,1620.0,1680.0,1800.0,1500.0,1740.0
12.9,1646.0,1500.0,1320.0,1560.0,1980.0,1260.0,1740.0,2160.0,1500.0,1680.0,1560.0,1560.0,1680.0,1500.0,1140.0,1800.0,1920.0,1980.0,1800.0,1380.0,1920.0,1440.0,1680.0,1800.0,1320.0,1800.0,1740.0,1680.0,1680.0,1500.0,1800.0
12.91,1628.0,1500.0,1320.0,1500.0,1800.0,1200.0,1560.0,2160.0,1500.0,1620.0,1560.0,1560.0,1680.0,1500.0,1200.0,1800.0,1860.0,1980.0,1740.0,1560.0,1800.0,1320.0,1740.0,1920.0,1320.0,1860.0,1620.0,1740.0,1620.0,1500.0,1800.0
12.92,1606.0,1620.0,1380.0,1380.0,1740.0,1140.0,1620.0,2040.0,1560.0,1620.0,1500.0,1560.0,1620.0,1320.0,1140.0,1860.0,1740.0,1920.0,1620.0,1560.0,1620.0,1320.0,1800.0,2040.0,1380.0,1980.0,1560.0,1680.0,1560.0,1500.0,1800.0
12.93,1606.0,1680.0,1440.0,1440.0,1680.0,1260.0,1560.0,2040.0,1500.0,1620.0,1500.0,1500.0,1560.0,1440.0,1140.0,1920.0,1680.0,1800.0,1560.0,1620.0,1740.0,1380.0,1800.0,2100.0,1260.0,1740.0,1620.0,1920.0,1560.0,1440.0,1680.0
12.94,1602.0,1620.0,1680.0,1320.0,1680.0,1200.0,1380.0,1920.0,1500.0,1800.0,1500.0,1500.0,1560.0,1440.0,1200.0,1920.0,1740.0,1680.0,1680.0,1680.0,1800.0,1320.0,1920.0,1980.0,1380.0,1620.0,1620.0,1860.0,1440.0,1440.0,1680.0
12.950000000000001,1578.0,1680.0,1740.0,1260.0,1620.0,1140.0,1500.0,1740.0,1620.0,1800.0,1440.0,1560.0,1500.0,1440.0,1200.0,1920.0,1620.0,1380.0,1620.0,1620.0,1800.0,1260.0,1860.0,1980.0,1440.0,1620.0,1440.0,1980.0,1380.0,1500.0,1680.0
12.96,1560.0,1740.0,1860.0,1200.0,1680.0,1080.0,1500.0,1800.0,1440.0,1620.0,1440.0,1500.0,1320.0,1500.0,1200.0,1680.0,1800.0,1320.0,1620.0,1620.0,1800.0,1380.0,1740.0,1980.0,1500.0,1620.0,1440.0,1800.0,1380.0,1500.0,1740.0
12.97,1526.0,1740.0,1800.0,1140.0,1680.0,960.0,1500.0,1740.0,1620.0,1500.0,1260.0,1380.0,1380.0,1440.0,1080.0,1620.0,1680.0,1320.0,1800.0,1620.0,1800.0,1440.0,1740.0,1920.0,1380.0,1560.0,1380.0,1800.0,1500.0,1380.0,1620.0
12.98,1546.0,1740.0,1800.0,1080.0,1740.0,1080.0,1620.0,1740.0,1620.0,1560.0,1320.0,1380.0,1320.0,1500.0,1260.0,1620.0,1620.0,1380.0,1800.0,1680.0,1800.0,1440.0,1800.0,1980.0,1320.0,1560.0,1440.0,1740.0,1500.0,1380.0,1560.0
12.99,1534.0,1740.0,1860.0,1080.0,1860.0,1140.0,1680.0,1740.0,1680.0,1440.0,1260.0,1260.0,1320.0,1440.0,1200.0,1560.0,1500.0,1440.0,1740.0,1680.0,1860.0,1440.0,1740.0,1920.0,1200.0,1560.0,1560.0,1680.0,1500.0,1380.0,1560.0
13.0,1548.0,1740.0,1860.0,1200.0,1920.0,1140.0,1620.0,1620.0,1620.0,1560.0,1140.0,1260.0,1440.0,1500.0,1260.0,1620.0,1500.0,1380.0,1620.0,1740.0,1920.0,1500.0,1740.0,2040.0,1320.0,1440.0,1560.0,1680.0,1560.0,1320.0,1620.0
13.01,1522.0,1740.0,1860.0,1140.0,1980.0,1080.0,1560.0,1620.0,1500.0,1560.0,1080.0,1200.0,1500.0,1560.0,1320.0,1620.0,1560.0,1260.0,1680.0,1740.0,1920.0,1440.0,1800.0,1980.0,1260.0,1200.0,1560.0,1500.0,1500.0,1320.0,1620.0
13.02,1528.0,1920.0,1800.0,1080.0,1980.0,1260.0,1560.0,1680.0,1320.0,1560.0,1020.0,1260.0,1560.0,1620.0,1260.0,1560.0,1740.0,1260.0,1680.0,1740.0,1860.0,1440.0,1860.0,1740.0,1380.0,1140.0,1560.0,1620.0,1440.0,1260.0,1680.0
13.030000000000001,1518.0,1800.0,1680.0,1020.0,1860.0,1320.0,1500.0,1740.0,1320.0,1560.0,960.0,1200.0,1560.0,1680.0,1200.0,1680.0,1680.0,1260.0,1860.0,1680.0,1860.0,1560.0,1860.0,1620.0,1320.0,1140.0,1560.0,1680.0,1560.0,1080.0,1740.0
13.040000000000001,1524.0,1740.0,1620.0,1020.0,1920.0,1320.0,1560.0,1740.0,1260.0,1560.0,1020.0,1320.0,1500.0,1560.0,1140.0,1680.0,1680.0,1380.0,1860.0,1740.0,1860.0,1560.0,1860.0,1620.0,1440.0,1080.0,1560.0,1740.0,1440.0,1140.0,1800.0
13.05,1496.0,1620.0,1500.0,960.0,1860.0,1260.0,1560.0,1740.0,1080.0,1620.0,1020.0,1380.0,1560.0,1560.0,1200.0,1500.0,1620.0,1320.0,1800.0,1740.0,1800.0,1560.0,1860.0,1620.0,1440.0,1140.0,1500.0,1740.0,1320.0,1200.0,1800.0
13.06,1504.0,1560.0,1440.0,960.0,1860.0,1320.0,1680.0,1680.0,1080.0,1620.0,1080.0,1380.0,1560.0,1620.0,1200.0,1440.0,1560.0,1200.0,1920.0,1800.0,1980.0,1560.0,1860.0,1560.0,1500.0,1260.0,1440.0,1620.0,1380.0,1200.0,1800.0
13.07,1506.0,1620.0,1500.0,960.0,1920.0,1320.0,1680.0,1740.0,1020.0,1560.0,1080.0,1380.0,1560.0,1620.0,1320.0,1440.0,1500.0,1080.0,1920.0,1800.0,1920.0,1620.0,1860.0,1560.0,1560.0,1320.0,1440.0,1620.0,1380.0,1140.0,1740.0
13.08,1510.0,1620.0,1560.0,900.0,1920.0,1380.0,1560.0,1740.0,1080.0,1560.0,1080.0,1500.0,1560.0,1440.0,1380.0,1560.0,1440.0,1260.0,2100.0,1800.0,1980.0,1740.0,1680.0,1500.0,1500.0,1320.0,1140.0,1680.0,1380.0,1140.0,1800.0
13.09,1518.0,1620.0,1560.0,960.0,1920.0,1320.0,1620.0,1800.0,1080.0,1500.0,1200.0,1500.0,1680.0,1440.0,1320.0,1560.0,1440.0,1320.0,2160.0,1740.0,2040.0,1620.0,1620.0,1620.0,1440.0,1380.0,1200.0,1740.0,1320.0,1200.0,1620.0
13.1,1484.0,1560.0,1740.0,960.0,1920.0,1440.0,1680.0,1860.0,1020.0,1320.0,1200.0,1440.0,1680.0,1440.0,1200.0,1440.0,1440.0,1320.0,2160.0,1740.0,1980.0,1440.0,1620.0,1620.0,1380.0,1200.0,1200.0,1680.0,1200.0,1140.0,1500.0
13.11,1482.0,1560.0,1680.0,900.0,1920.0,1380.0,1740.0,1980.0,1020.0,1440.0,1260.0,1380.0,1680.0,1440.0,1200.0,1560.0,1500.0,1380.0,2220.0,1680.0,1740.0,1440.0,1560.0,1740.0,1380.0,1080.0,1200.0,1560.0,1260.0,1140.0,1440.0
13.120000000000001,1450.0,1500.0,1620.0,900.0,1740.0,1440.0,1680.0,1920.0,1020.0,1440.0,1140.0,1440.0,1860.0,1380.0,1260.0,1500.0,1440.0,1320.0,2160.0,1620.0,1620.0,1380.0,1500.0,1800.0,1320.0,1140.0,1140.0,1440.0,1260.0,1080.0,1440.0
13.13,1468.0,1560.0,1680.0,1080.0,1740.0,1500.0,1680.0,1680.0,900.0,1320.0,1380.0,1500.0,1980.0,1380.0,1260.0,1500.0,1440.0,1260.0,2220.0,1620.0,1680.0,1260.0,1500.0,1740.0,1440.0,1260.0,1140.0,1500.0,1260.0,1140.0,1440.0
13.14,1462.0,1560.0,1740.0,1080.0,1680.0,1560.0,1620.0,1680.0,1080.0,1380.0,1320.0,1380.0,1860.0,1320.0,1200.0,1620.0,1380.0,1320.0,2280.0,1620.0,1680.0,1320.0,1500.0,1740.0,1380.0,1320.0,1200.0,1380.0,1200.0,1020.0,1440.0
13.15,1468.0,1500.0,1620.0,1200.0,1680.0,1560.0,1680.0,1740.0,1140.0,1320.0,1200.0,1380.0,1740.0,1320.0,1140.0,1680.0,1500.0,1320.0,2220.0,1560.0,1620.0,1380.0,1500.0,1860.0,1380.0,1260.0,1320.0,1440.0,1380.0,960.0,1440.0
13.16,1456.0,1560.0,1560.0,1260.0,1620.0,1560.0,1560.0,1740.0,1260.0,1320.0,1200.0,1320.0,1620.0,1380.0,1140.0,1800.0,1680.0,1380.0,2280.0,1380.0,1440.0,1500.0,1440.0,1740.0,1260.0,1260.0,1320.0,1560.0,1320.0,900.0,1320.0
13.17,1422.0,1620.0,1560.0,1320.0,1560.0,1560.0,1560.0,1620.0,1260.0,1200.0,1200.0,1380.0,1500.0,1260.0,1200.0,1800.0,1740.0,1320.0,1920.0,1320.0,1440.0,1500.0,1440.0,1680.0,1260.0,1200.0,1320.0,1500.0,1320.0,900.0,1200.0
13.18,1434.0,1560.0,1560.0,1260.0,1620.0,1560.0,1560.0,1740.0,1260.0,1260.0,1320.0,1440.0,1500.0,1320.0,1260.0,1920.0,1740.0,1440.0,1980.0,1320.0,1320.0,1500.0,1380.0,1680.0,1200.0,1200.0,1320.0,1320.0,1380.0,960.0,1140.0
13.19,1438.0,1500.0,1620.0,1320.0,1680.0,1620.0,1620.0,1800.0,1260.0,1200.0,1320.0,1440.0,1500.0,1260.0,1200.0,1920.0,1860.0,1380.0,2040.0,1380.0,1200.0,1440.0,1380.0,1560.0,1140.0,1200.0,1380.0,1260.0,1560.0,1080.0,1020.0
13.200000000000001,1446.0,1560.0,1560.0,1260.0,1740.0,1380.0,1620.0,1800.0,1260.0,1200.0,1440.0,1500.0,1680.0,1140.0,1200.0,1920.0,1860.0,1440.0,1980.0,1440.0,1260.0,1500.0,1440.0,1680.0,1140.0,1080.0,1380.0,1260.0,1560.0,1080.0,1020.0
13.21,1432.0,1620.0,1680.0,1020.0,1860.0,1440.0,1620.0,1800.0,1140.0,1200.0,1440.0,1560.0,1620.0,1020.0,1140.0,1980.0,1620.0,1560.0,1920.0,1440.0,1140.0,1440.0,1560.0,1620.0,1020.0,1020.0,1440.0,1320.0,1560.0,1020.0,1140.0
13.22,1444.0,1740.0,1620.0,1080.0,2040.0,1560.0,1680.0,1620.0,1080.0,1200.0,1560.0,1620.0,1500.0,1080.0,1140.0,2040.0,1500.0,1680.0,1980.0,1440.0,960.0,1380.0,1440.0,1560.0,1200.0,1020.0,1440.0,1500.0,1680.0,840.0,1140.0
13.23,1432.0,1620.0,1620.0,1200.0,1980.0,1620.0,1740.0,1560.0,960.0,1140.0,1500.0,1680.0,1260.0,1080.0,1140.0,2100.0,1500.0,1740.0,2040.0,1500.0,900.0,1380.0,1440.0,1560.0,1200.0,960.0,1440.0,1440.0,1620.0,900.0,1140.0
13.24,1408.0,1560.0,1560.0,1200.0,1980.0,1620.0,1440.0,1440.0,840.0,1140.0,1620.0,1680.0,1200.0,1080.0,1080.0,2160.0,1500.0,1620.0,2100.0,1380.0,900.0,1260.0,1560.0,1500.0,1260.0,1080.0,1440.0,1440.0,1560.0,1020.0,1020.0
13.25,1406.0,1560.0,1500.0,1260.0,1920.0,1680.0,1440.0,1500.0,960.0,1080.0,1620.0,1680.0,1260.0,1020.0,1140.0,2160.0,1560.0,1500.0,2040.0,1260.0,1020.0,1200.0,1620.0,1440.0,1200.0,1140.0,1380.0,1380.0,1440.0,1140.0,1080.0
13.26,1402.0,1560.0,1440.0,1320.0,1860.0,1680.0,1380.0,1560.0,900.0,1080.0,1620.0,1680.0,1260.0,1140.0,1140.0,2100.0,1560.0,1440.0,1980.0,1200.0,1140.0,1200.0,1620.0,1380.0,1140.0,1260.0,1500.0,1380.0,1260.0,1200.0,1080.0
13.27,1422.0,1560.0,1380.0,1380.0,1860.0,1680.0,1440.0,1680.0,960.0,1140.0,1560.0,1680.0,1320.0,1200.0,1140.0,2040.0,1560.0,1260.0,1980.0,1260.0,1200.0,1200.0,1620.0,1440.0,1200.0,1260.0,1500.0,1380.0,1260.0,1320.0,1200.0
13.280000000000001,1430.0,1680.0,1320.0,1320.0,1860.0,1680.0,1560.0,1740.0,1200.0,1080.0,1440.0,1680.0,1320.0,1200.0,1140.0,1860.0,1560.0,1140.0,1980.0,1380.0,1260.0,1200.0,1620.0,1260.0,1200.0,1200.0,1620.0,1440.0,1380.0,1380.0,1200.0
13.290000000000001,1452.0,1620.0,1320.0,1500.0,1800.0,1680.0,1620.0,1860.0,1320.0,1080.0,1620.0,1680.0,1440.0,1200.0,1200.0,1860.0,1500.0,1200.0,1920.0,1380.0,1200.0,1140.0,1560.0,1260.0,1080.0,1260.0,1680.0,1380.0,1440.0,1500.0,1260.0
13.3,1446.0,1740.0,1320.0,1500.0,1800.0,1680.0,1620.0,1920.0,1320.0,1080.0,1620.0,1620.0,1440.0,1260.0,1140.0,1800.0,1500.0,1380.0,1800.0,1380.0,1200.0,1140.0,1500.0,1200.0,1140.0,1140.0,1680.0,1440.0,1320.0,1500.0,1200.0
13.31,1444.0,1800.0,1260.0,1500.0,1800.0,1620.0,1620.0,1980.0,1380.0,1020.0,1500.0,1680.0,1500.0,1260.0,1140.0,1740.0,1620.0,1380.0,1800.0,1380.0,1080.0,1140.0,1440.0,1260.0,1260.0,1200.0,1620.0,1380.0,1320.0,1440.0,1200.0
13.32,1442.0,1860.0,1200.0,1500.0,1740.0,1680.0,1620.0,1920.0,1380.0,1140.0,1500.0,1620.0,1380.0,1260.0,1200.0,1740.0,1440.0,1380.0,1740.0,1380.0,1140.0,1200.0,1440.0,1260.0,1260.0,1200.0,1620.0,1380.0,1320.0,1620.0,1140.0
13.33,1452.0,1740.0,1380.0,1620.0,1800.0,1620.0,1500.0,1800.0,1440.0,1200.0,1620.0,1680.0,1380.0,1320.0,1260.0,1680.0,1440.0,1380.0,1800.0,1380.0,1200.0,1200.0,1380.0,1260.0,1260.0,1260.0,1620.0,1320.0,1320.0,1560.0,1140.0
13.34,1426.0,1680.0,1440.0,1620.0,1620.0,1620.0,1560.0,1740.0,1380.0,1140.0,1680.0,1680.0,1320.0,1380.0,1200.0,1440.0,1380.0,1380.0,1920.0,1380.0,1140.0,1200.0,1500.0,1140.0,1200.0,1260.0,1560.0,1320.0,1260.0,1500.0,1140.0
13.35,1414.0,1560.0,1380.0,1680.0,1620.0,1560.0,1500.0,1740.0,1440.0,1140.0,1620.0,1560.0,1200.0,1200.0,1140.0,1560.0,1500.0,1440.0,1860.0,1380.0,1140.0,1200.0,1560.0,1260.0,1200.0,1200.0,1560.0,1320.0,1200.0,1380.0,1320.0
13.36,1394.0,1440.0,1320.0,1620.0,1560.0,1380.0,1440.0,1740.0,1380.0,1080.0,1620.0,1560.0,1260.0,1020.0,1200.0,1380.0,1440.0,1380.0,1920.0,1320.0,1380.0,1200.0,1620.0,1260.0,1320.0,1260.0,1560.0,1260.0,1200.0,1380.0,1320.0
13.370000000000001,1404.0,1500.0,1320.0,1680.0,1560.0,1260.0,1380.0,1740.0,1380.0,1140.0,1620.0,1560.0,1140.0,1080.0,1320.0,1200.0,1500.0,1380.0,1920.0,1320.0,1380.0,1260.0,1560.0,1320.0,1260.0,1380.0,1560.0,1320.0,1260.0,1440.0,1380.0
13.38,1408.0,1560.0,1260.0,1680.0,1560.0,1260.0,1320.0,1740.0,1380.0,1140.0,1620.0,1500.0,1200.0,1140.0,1380.0,1080.0,1500.0,1380.0,2040.0,1380.0,1380.0,1320.0,1560.0,1260.0,1260.0,1440.0,1440.0,1320.0,1320.0,1380.0,1440.0
13.39,1428.0,1500.0,1260.0,1740.0,1620.0,1260.0,1380.0,1680.0,1260.0,1260.0,1620.0,1560.0,1380.0,1260.0,1500.0,1080.0,1500.0,1380.0,2040.0,1380.0,1320.0,1380.0,1620.0,1260.0,1320.0,1440.0,1500.0,1260.0,1260.0,1320.0,1500.0
13.4,1438.0,1500.0,1200.0,1680.0,1680.0,1380.0,1320.0,1560.0,1260.0,1380.0,1620.0,1440.0,1380.0,1320.0,1440.0,1140.0,1500.0,1440.0,2160.0,1380.0,1380.0,1500.0,1680.0,1140.0,1320.0,1500.0,1500.0,1380.0,1200.0,1260.0,1500.0
13.41,1408.0,1380.0,1080.0,1740.0,1560.0,1440.0,1320.0,1500.0,1260.0,1260.0,1620.0,1440.0,1380.0,1200.0,1440.0,1140.0,1440.0,1260.0,1980.0,1380.0,1260.0,1440.0,1620.0,1140.0,1320.0,1680.0,1680.0,1380.0,1140.0,1260.0,1500.0
13.42,1404.0,1320.0,1080.0,1680.0,1680.0,1440.0,1260.0,1560.0,1320.0,1320.0,1440.0,1440.0,1380.0,1080.0,1500.0,1080.0,1500.0,1380.0,2040.0,1380.0,1200.0,1440.0,1620.0,900.0,1380.0,1740.0,1620.0,1380.0,1260.0,1140.0,1560.0
13.43,1386.0,1320.0,900.0,1740.0,1740.0,1440.0,1320.0,1620.0,1260.0,1200.0,1500.0,1380.0,1380.0,1140.0,1440.0,1140.0,1380.0,1440.0,1920.0,1320.0,1200.0,1380.0,1680.0,900.0,1320.0,1740.0,1560.0,1200.0,1320.0,1140.0,1560.0
13.44,1390.0,1260.0,900.0,1740.0,1800.0,1320.0,1260.0,1560.0,1500.0,1200.0,1500.0,1380.0,1320.0,1080.0,1440.0,1140.0,1320.0,1380.0,1920.0,1260.0,1200.0,1440.0,1620.0,960.0,1440.0,1800.0,1560.0,1200.0,1320.0,1200.0,1680.0
13.450000000000001,1392.0,1320.0,840.0,1740.0,1740.0,1320.0,1260.0,1500.0,1500.0,1380.0,1500.0,1320.0,1380.0,1080.0,1440.0,1140.0,1260.0,1500.0,1800.0,1320.0,1260.0,1440.0,1560.0,960.0,1380.0,1920.0,1560.0,1200.0,1260.0,1200.0,1680.0
13.46,1376.0,1260.0,900.0,1800.0,1860.0,1320.0,1320.0,1440.0,1500.0,1440.0,1500.0,1260.0,1380.0,1020.0,1440.0,1080.0,1260.0,1500.0,1800.0,1200.0,1260.0,1440.0,1320.0,960.0,1500.0,1860.0,1500.0,1200.0,1320.0,1020.0,1620.0
13.47,1362.0,1140.0,900.0,1620.0,1920.0,1320.0,1320.0,1380.0,1620.0,1440.0,1560.0,1200.0,1440.0,1020.0,1440.0,1140.0,1260.0,1440.0,1740.0,1260.0,1260.0,1500.0,1260.0,960.0,1440.0,1860.0,1440.0,1200.0,1140.0,1080.0,1560.0
13.48,1360.0,1020.0,900.0,1740.0,1920.0,1320.0,1320.0,1380.0,1680.0,1440.0,1500.0,1200.0,1500.0,1080.0,1320.0,1140.0,1320.0,1440.0,1620.0,1260.0,1260.0,1380.0,1260.0,1020.0,1440.0,1920.0,1380.0,1080.0,1260.0,1140.0,1560.0
13.49,1340.0,1080.0,900.0,1680.0,1800.0,1200.0,1380.0,1380.0,1620.0,1380.0,1500.0,1200.0,1320.0,1140.0,1260.0,1080.0,1380.0,1260.0,1740.0,1380.0,1200.0,1320.0,1260.0,900.0,1380.0,2040.0,1320.0,1080.0,1260.0,1080.0,1680.0
13.5,1334.0,1140.0,1020.0,1680.0,1860.0,1200.0,1380.0,1260.0,1680.0,1380.0,1260.0,1140.0,1260.0,1080.0,1260.0,1140.0,1380.0,1200.0,1680.0,1380.0,1140.0,1200.0,1380.0,960.0,1380.0,2040.0,1380.0,1080.0,1320.0,1140.0,1620.0
13.51,1338.0,1140.0,1020.0,1740.0,1980.0,1200.0,1260.0,1320.0,1800.0,1260.0,1200.0,1140.0,1320.0,1140.0,1260.0,1200.0,1440.0,1260.0,1560.0,1320.0,1080.0,1080.0,1380.0,840.0,1380.0,2160.0,1380.0,1140.0,1320.0,1140.0,1680.0
13.52,1356.0,1260.0,1080.0,1680.0,1920.0,1200.0,1320.0,1260.0,1800.0,1140.0,1140.0,1080.0,1380.0,1140.0,1320.0,1200.0,1320.0,1260.0,1620.0,1320.0,1080.0,1140.0,1440.0,900.0,1440.0,2220.0,1680.0,1020.0,1320.0,1260.0,1740.0
13.530000000000001,1360.0,1320.0,1140.0,1680.0,1920.0,1320.0,1260.0,1200.0,1740.0,1320.0,1080.0,1020.0,1380.0,1020.0,1320.0,1260.0,1200.0,1260.0,1620.0,1440.0,1140.0,1140.0,1380.0,960.0,1440.0,2280.0,1620.0,1020.0,1320.0,1320.0,1680.0
13.540000000000001,1356.0,1320.0,1200.0,1620.0,1920.0,1260.0,1140.0,1080.0,1800.0,1260.0,1080.0,960.0,1440.0,1020.0,1320.0,1200.0,1200.0,1320.0,1560.0,1680.0,1020.0,1200.0,1380.0,960.0,1440.0,2160.0,1560.0,1200.0,1500.0,1260.0,1620.0
13.55,1352.0,1320.0,1200.0,1740.0,1920.0,1140.0,1200.0,1140.0,1800.0,1320.0,960.0,1020.0,1260.0,1020.0,1200.0,1260.0,1140.0,1200.0,1500.0,1500.0,1080.0,1140.0,1380.0,1080.0,1440.0,2160.0,1500.0,1260.0,1560.0,1380.0,1740.0
13.56,1338.0,1320.0,1200.0,1680.0,1920.0,1140.0,1080.0,1140.0,1740.0,1320.0,1020.0,1080.0,1260.0,1020.0,1200.0,1320.0,1260.0,1140.0,1440.0,1500.0,1080.0,1200.0,1320.0,1020.0,1440.0,2040.0,1500.0,1200.0,1440.0,1440.0,1680.0
13.57,1318.0,1200.0,1200.0,1800.0,1860.0,1140.0,960.0,1020.0,1620.0,1320.0,960.0,1140.0,1260.0,1140.0,1140.0,1200.0,1260.0,1080.0,1440.0,1380.0,1080.0,1260.0,1380.0,1080.0,1380.0,2040.0,1440.0,1320.0,1320.0,1440.0,1680.0
13.58,1310.0,1080.0,1200.0,1920.0,1800.0,1140.0,960.0,1080.0,1740.0,1260.0,900.0,1140.0,1320.0,1140.0,1080.0,1200.0,1260.0,1080.0,1320.0,1440.0,1080.0,1260.0,1260.0,1140.0,1260.0,2100.0,1380.0,1320.0,1320.0,1380.0,1740.0
13.59,1300.0,1260.0,1200.0,1800.0,1740.0,1260.0,840.0,1140.0,1860.0,1260.0,840.0,1140.0,1320.0,1140.0,1140.0,1200.0,1200.0,960.0,1380.0,1440.0,1020.0,1140.0,1200.0,1080.0,1260.0,1980.0,1200.0,1320.0,1500.0,1380.0,1800.0
13.6,1294.0,1320.0,1200.0,1740.0,1620.0,1260.0,840.0,1140.0,1920.0,1200.0,1020.0,1140.0,1320.0,1140.0,1200.0,1200.0,1200.0,960.0,1440.0,1380.0,960.0,1320.0,1200.0,1140.0,1140.0,1920.0,1080.0,1320.0,1440.0,1380.0,1680.0
13.61,1296.0,1380.0,1200.0,1560.0,1560.0,1260.0,780.0,1260.0,1920.0,1140.0,960.0,1200.0,1260.0,1200.0,1140.0,1140.0,1260.0,960.0,1320.0,1560.0,1020.0,1380.0,1200.0,1200.0,1140.0,1920.0,1080.0,1140.0,1440.0,1560.0,1740.0
13.620000000000001,1276.0,1440.0,1080.0,1560.0,1620.0,1200.0,780.0,1260.0,1920.0,1080.0,1020.0,1140.0,1260.0,1020.0,1140.0,1140.0,1200.0,1020.0,1440.0,1440.0,1020.0,1260.0,1200.0,1200.0,1200.0,1920.0,1080.0,1080.0,1380.0,1560.0,1620.0
13.63,1258.0,1320.0,1140.0,1380.0,1560.0,1140.0,780.0,1140.0,1980.0,1020.0,900.0,1020.0,1260.0,1080.0,1260.0,1140.0,1200.0,1020.0,1500.0,1440.0,1080.0,1260.0,1200.0,1320.0,1260.0,1920.0,1080.0,1080.0,1380.0,1380.0,1500.0
13.64,1274.0,1320.0,1140.0,1380.0,1560.0,1200.0,780.0,1140.0,2040.0,1080.0,960.0,1020.0,1380.0,1080.0,1260.0,1200.0,1200.0,1080.0,1560.0,1560.0,900.0,1140.0,1200.0,1260.0,1260.0,1980.0,1080.0,1140.0,1380.0,1500.0,1440.0
13.65,1262.0,1320.0,1020.0,1380.0,1620.0,1140.0,780.0,1080.0,1920.0,1140.0,960.0,900.0,1380.0,960.0,1200.0,1200.0,1140.0,1080.0,1620.0,1620.0,1140.0,1260.0,1140.0,1260.0,1260.0,1860.0,1080.0,1080.0,1260.0,1560.0,1500.0
13.66,1252.0,1140.0,1020.0,1440.0,1680.0,1080.0,840.0,1020.0,1920.0,1200.0,1020.0,960.0,1500.0,960.0,1260.0,1200.0,1140.0,1080.0,1440.0,1740.0,1020.0,1260.0,1140.0,1260.0,1380.0,1740.0,900.0,1080.0,1260.0,1560.0,1320.0
13.67,1234.0,1200.0,900.0,1380.0,1680.0,1080.0,720.0,960.0,1980.0,1200.0,1020.0,1020.0,1500.0,900.0,1320.0,1080.0,1080.0,1140.0,1560.0,1620.0,1020.0,1320.0,1020.0,1260.0,1320.0,1740.0,780.0,1140.0,1320.0,1560.0,1200.0
13.68,1238.0,1320.0,960.0,1320.0,1620.0,1140.0,780.0,1020.0,1860.0,1200.0,1140.0,960.0,1440.0,960.0,1320.0,1080.0,1080.0,1140.0,1620.0,1620.0,960.0,1380.0,960.0,1260.0,1320.0,1860.0,720.0,1080.0,1320.0,1500.0,1200.0
13.69,1232.0,1320.0,960.0,1320.0,1500.0,1140.0,840.0,1020.0,1800.0,1200.0,1320.0,960.0,1440.0,1020.0,1260.0,960.0,1020.0,1140.0,1560.0,1680.0,900.0,1500.0,960.0,1260.0,1380.0,1740.0,600.0,1140.0,1320.0,1500.0,1200.0
13.700000000000001,1228.0,1080.0,1140.0,1260.0,1380.0,1080.0,840.0,1080.0,1800.0,1200.0,1320.0,1020.0,1440.0,1080.0,1260.0,780.0,1020.0,1140.0,1620.0,1680.0,1020.0,1440.0,960.0,1200.0,1440.0,1560.0,600.0,1260.0,1380.0,1560.0,1200.0
13.71,1208.0,1020.0,1140.0,1200.0,1200.0,1080.0,840.0,1140.0,1860.0,1140.0,1260.0,1020.0,1440.0,1020.0,1200.0,780.0,960.0,1260.0,1560.0,1620.0,1020.0,1440.0,840.0,1260.0,1440.0,1500.0,480.0,1260.0,1380.0,1620.0,1260.0
13.72,1196.0,1020.0,1080.0,1140.0,1140.0,1020.0,1020.0,1080.0,1800.0,1140.0,1260.0,1020.0,1440.0,1080.0,1140.0,780.0,960.0,1260.0,1620.0,1560.0,1080.0,1380.0,780.0,1260.0,1440.0,1440.0,420.0,1200.0,1440.0,1560.0,1320.0
13.73,1188.0,1080.0,1140.0,1140.0,1080.0,1080.0,960.0,1080.0,1560.0,1080.0,1380.0,1020.0,1500.0,1020.0,1200.0,780.0,1020.0,1200.0,1620.0,1500.0,1080.0,1320.0,720.0,1380.0,1380.0,1440.0,420.0,1200.0,1440.0,1500.0,1320.0
13.74,1196.0,1140.0,1080.0,1080.0,1140.0,1080.0,1020.0,1140.0,1500.0,1140.0,1380.0,1080.0,1440.0,1020.0,1200.0,840.0,1200.0,1200.0,1620.0,1500.0,1080.0,1320.0,720.0,1260.0,1320.0,1500.0,480.0,1140.0,1440.0,1500.0,1320.0
13.75,1188.0,1140.0,1080.0,1020.0,1140.0,1080.0,1020.0,1140.0,1380.0,1140.0,1440.0,1140.0,1440.0,1020.0,1080.0,840.0,1320.0,1200.0,1620.0,1440.0,1020.0,1320.0,720.0,1140.0,1560.0,1440.0,480.0,1140.0,1440.0,1380.0,1320.0
13.76,1204.0,1140.0,1020.0,960.0,1080.0,1080.0,1080.0,1140.0,1440.0,1260.0,1560.0,1140.0,1620.0,1020.0,1020.0,840.0,1320.0,1140.0,1560.0,1500.0,1140.0,1320.0,780.0,1200.0,1620.0,1500.0,480.0,1200.0,1260.0,1320.0,1380.0
13.77,1196.0,1260.0,900.0,960.0,1140.0,1140.0,1080.0,1140.0,1440.0,1320.0,1560.0,1140.0,1680.0,900.0,960.0,840.0,1320.0,1200.0,1500.0,1440.0,1140.0,1200.0,780.0,1200.0,1440.0,1500.0,540.0,1260.0,1200.0,1320.0,1380.0
13.780000000000001,1198.0,1380.0,900.0,900.0,1260.0,1140.0,1140.0,1020.0,1380.0,1500.0,1620.0,1140.0,1680.0,840.0,960.0,840.0,1320.0,1140.0,1500.0,1380.0,1140.0,1020.0,780.0,1260.0,1560.0,1440.0,480.0,1260.0,1200.0,1380.0,1380.0
13.790000000000001,1172.0,1260.0,840.0,780.0,1260.0,1140.0,1140.0,1020.0,1380.0,1500.0,1560.0,1200.0,1680.0,960.0,960.0,840.0,1320.0,1140.0,1380.0,1320.0,1260.0,1200.0,660.0,1200.0,1560.0,1320.0,420.0,1200.0,1080.0,1380.0,1200.0
13.8,1170.0,1200.0,900.0,660.0,1380.0,1080.0,1080.0,1020.0,1440.0,1560.0,1500.0,1140.0,1680.0,900.0,1140.0,840.0,1140.0,1140.0,1440.0,1320.0,1260.0,1260.0,600.0,1200.0,1620.0,1260.0,540.0,1200.0,1080.0,1380.0,1140.0
13.81,1174.0,1320.0,840.0,780.0,1380.0,1080.0,1080.0,840.0,1500.0,1560.0,1500.0,1200.0,1620.0,960.0,1320.0,840.0,1140.0,1020.0,1380.0,1320.0,1260.0,1260.0,600.0,1200.0,1620.0,1260.0,540.0,1140.0,1080.0,1500.0,1080.0
13.82,1176.0,1320.0,900.0,840.0,1200.0,1140.0,1080.0,840.0,1500.0,1560.0,1560.0,1080.0,1620.0,960.0,1320.0,900.0,1140.0,1080.0,1320.0,1320.0,1260.0,1260.0,660.0,1200.0,1680.0,1140.0,540.0,1140.0,1080.0,1500.0,1140.0
13.83,1150.0,1200.0,900.0,780.0,1200.0,1140.0,960.0,840.0,1500.0,1560.0,1620.0,1140.0,1620.0,960.0,1380.0,960.0,1140.0,960.0,1320.0,1320.0,1140.0,1260.0,660.0,1080.0,1560.0,1140.0,480.0,1140.0,960.0,1500.0,1080.0
13.84,1138.0,1200.0,840.0,840.0,1200.0,1200.0,840.0,840.0,1500.0,1560.0,1620.0,1140.0,1680.0,900.0,1380.0,780.0,1140.0,900.0,1320.0,1260.0,1140.0,1080.0,660.0,1020.0,1620.0,1200.0,540.0,1200.0,1020.0,1500.0,1020.0
13.85,1130.0,1080.0,780.0,720.0,1260.0,1200.0,840.0,960.0,1620.0,1440.0,1620.0,1020.0,1740.0,960.0,1380.0,780.0,1140.0,900.0,1140.0,1260.0,1200.0,1080.0,720.0,1020.0,1620.0,1260.0,540.0,1260.0,840.0,1500.0,1020.0
13.86,1168.0,1140.0,840.0,840.0,1320.0,1200.0,840.0,960.0,1620.0,1440.0,1560.0,1140.0,1860.0,960.0,1440.0,840.0,1140.0,840.0,1200.0,1260.0,1260.0,1200.0,780.0,1020.0,1560.0,1380.0,540.0,1260.0,900.0,1620.0,1080.0
13.870000000000001,1144.0,1080.0,840.0,780.0,1260.0,1140.0,780.0,900.0,1500.0,1380.0,1500.0,1080.0,1800.0,900.0,1560.0,720.0,1140.0,840.0,1200.0,1260.0,1380.0,1260.0,600.0,1080.0,1500.0,1320.0,600.0,1140.0,1020.0,1620.0,1140.0
13.88,1142.0,1080.0,780.0,900.0,1320.0,1140.0,780.0,900.0,1500.0,1440.0,1500.0,1020.0,1800.0,840.0,1620.0,720.0,1140.0,720.0,1140.0,1320.0,1380.0,1320.0,660.0,1080.0,1440.0,1260.0,720.0,1020.0,1020.0,1560.0,1140.0
13.89,1152.0,1080.0,720.0,960.0,1380.0,1080.0,540.0,1140.0,1440.0,1500.0,1560.0,1140.0,1920.0,960.0,1440.0,720.0,1200.0,720.0,1200.0,1260.0,1440.0,1320.0,840.0,1140.0,1380.0,1140.0,720.0,900.0,1020.0,1680.0,1020.0
13.9,1144.0,1080.0,780.0,1080.0,1380.0,1080.0,540.0,1140.0,1500.0,1440.0,1620.0,1020.0,1860.0,900.0,1620.0,720.0,1260.0,660.0,1140.0,1080.0,1380.0,1200.0,960.0,1200.0,1140.0,1200.0,720.0,900.0,1020.0,1620.0,1080.0
13.91,1164.0,900.0,840.0,1020.0,1500.0,1200.0,480.0,1260.0,1500.0,1560.0,1560.0,1080.0,1800.0,900.0,1500.0,660.0,1380.0,660.0,1200.0,1200.0,1320.0,1200.0,960.0,1200.0,1140.0,1140.0,780.0,1020.0,1200.0,1680.0,1080.0
13.92,1152.0,840.0,840.0,1020.0,1440.0,1200.0,540.0,1260.0,1380.0,1620.0,1560.0,960.0,1800.0,900.0,1500.0,720.0,1500.0,660.0,1080.0,1260.0,1260.0,1140.0,1020.0,1140.0,1080.0,1200.0,720.0,960.0,1260.0,1560.0,1140.0
13.93,1150.0,780.0,840.0,1080.0,1380.0,1260.0,600.0,1260.0,1320.0,1620.0,1380.0,900.0,1740.0,900.0,1320.0,720.0,1500.0,720.0,1080.0,1200.0,1140.0,1140.0,960.0,1140.0,1140.0,1200.0,840.0,1020.0,1320.0,1620.0,1380.0
13.94,1172.0,900.0,840.0,1080.0,1500.0,1260.0,660.0,1440.0,1320.0,1500.0,1320.0,960.0,1800.0,960.0,1320.0,720.0,1560.0,660.0,1140.0,1080.0,1200.0,1080.0,960.0,1140.0,1140.0,1260.0,840.0,1080.0,1380.0,1620.0,1440.0
13.950000000000001,1176.0,960.0,780.0,1140.0,1380.0,1320.0,720.0,1320.0,1200.0,1500.0,1380.0,900.0,1860.0,960.0,1320.0,720.0,1440.0,600.0,1260.0,1080.0,1200.0,1200.0,960.0,1140.0,1140.0,1200.0,840.0,1200.0,1440.0,1680.0,1440.0
13.96,1156.0,1020.0,720.0,1140.0,1440.0,1260.0,720.0,1320.0,1140.0,1260.0,1380.0,840.0,1800.0,1020.0,1140.0,780.0,1440.0,540.0,1260.0,1020.0,1080.0,1260.0,900.0,1320.0,1080.0,1140.0,960.0,1260.0,1380.0,1680.0,1380.0
13.97,1164.0,1080.0,660.0,1140.0,1440.0,1260.0,720.0,1260.0,1140.0,1380.0,1440.0,900.0,1800.0,1020.0,1080.0,780.0,1440.0,480.0,1260.0,1020.0,1080.0,1260.0,900.0,1500.0,1200.0,1020.0,1020.0,1200.0,1440.0,1560.0,1440.0
13.98,1148.0,960.0,660.0,1140.0,1320.0,1320.0,660.0,1380.0,1080.0,1320.0,1260.0,900.0,1800.0,1080.0,840.0,780.0,1500.0,420.0,1320.0,1020.0,1080.0,1380.0,900.0,1560.0,1140.0,1020.0,1020.0,1140.0,1440.0,1620.0,1380.0
13.99,1154.0,960.0,720.0,1140.0,1260.0,1320.0,600.0,1320.0,1200.0,1260.0,1440.0,840.0,1860.0,1140.0,840.0,780.0,1500.0,420.0,1260.0,1080.0,1140.0,1320.0,1080.0,1560.0,1140.0,960.0,1020.0,1140.0,1380.0,1620.0,1320.0
14.0,1152.0,900.0,780.0,1140.0,1200.0,1380.0,660.0,1380.0,1260.0,1260.0,1380.0,780.0,1860.0,1080.0,780.0,780.0,1440.0,420.0,1260.0,1140.0,1140.0,1320.0,1020.0,1500.0,1080.0,960.0,1020.0,1140.0,1440.0,1800.0,1260.0
14.01,1146.0,900.0,780.0,1200.0,1140.0,1320.0,780.0,1320.0,1260.0,1320.0,1500.0,840.0,1740.0,1080.0,780.0,840.0,1320.0,420.0,1260.0,1200.0,1140.0,1260.0,1020.0,1500.0,1080.0,840.0,960.0,1200.0,1440.0,1800.0,1140.0
14.02,1136.0,960.0,720.0,1080.0,1140.0,1200.0,780.0,1320.0,1260.0,1260.0,1500.0,840.0,1740.0,1080.0,780.0,780.0,1320.0,420.0,1260.0,1200.0,1260.0,1200.0,960.0,1500.0,1080.0,780.0,900.0,1260.0,1620.0,1740.0,1140.0
14.030000000000001,1128.0,960.0,720.0,1080.0,1080.0,1380.0,780.0,1200.0,1320.0,1320.0,1380.0,840.0,1680.0,1080.0,780.0,780.0,1320.0,360.0,1140.0,1260.0,1200.0,1260.0,960.0,1440.0,1200.0,780.0,840.0,1260.0,1680.0,1680.0,1080.0
14.040000000000001,1124.0,900.0,780.0,1080.0,1020.0,1380.0,780.0,1200.0,1320.0,1320.0,1440.0,840.0,1680.0,1200.0,720.0,780.0,1260.0,360.0,1080.0,1200.0,1200.0,1200.0,1020.0,1440.0,1260.0,660.0,780.0,1260.0,1740.0,1740.0,1080.0
14.05,1136.0,1020.0,780.0,1080.0,1020.0,1380.0,780.0,1320.0,1380.0,1380.0,1380.0,900.0,1740.0,1200.0,720.0,780.0,1260.0,300.0,1080.0,1200.0,1200.0,1200.0,1080.0,1440.0,1260.0,660.0,780.0,1320.0,1740.0,1680.0,1020.0
14.06,1142.0,1080.0,840.0,1140.0,1020.0,1380.0,840.0,1320.0,1380.0,1380.0,1440.0,900.0,1680.0,1200.0,720.0,840.0,1320.0,420.0,960.0,1140.0,1200.0,1140.0,1140.0,1380.0,1140.0,720.0,720.0,1260.0,1800.0,1740.0,1020.0
14.07,1130.0,1140.0,840.0,1140.0,1020.0,1440.0,840.0,1320.0,1380.0,1320.0,1320.0,900.0,1680.0,1140.0,720.0,840.0,1380.0,480.0,840.0,1140.0,1260.0,1140.0,1140.0,1260.0,1140.0,720.0,780.0,1200.0,1740.0,1680.0,960.0
14.08,1126.0,1140.0,960.0,1140.0,1020.0,1380.0,840.0,1320.0,1320.0,1260.0,1320.0,840.0,1680.0,1080.0,780.0,840.0,1380.0,540.0,840.0,1260.0,1200.0,1200.0,1140.0,1200.0,1200.0,540.0,900.0,1200.0,1680.0,1680.0,900.0
14.09,1110.0,1140.0,900.0,1200.0,1020.0,1380.0,780.0,1200.0,1440.0,1140.0,1320.0,960.0,1440.0,1140.0,720.0,720.0,1320.0,540.0,840.0,1140.0,1140.0,1140.0,1140.0,1200.0,1200.0,600.0,1020.0,1380.0,1680.0,1620.0,840.0
14.1,1106.0,1260.0,960.0,1260.0,1020.0,1440.0,840.0,1260.0,1320.0,1140.0,1260.0,1020.0,1440.0,1080.0,720.0,780.0,1260.0,480.0,840.0,1260.0,1080.0,1020.0,1200.0,1140.0,1140.0,600.0,900.0,1260.0,1680.0,1620.0,900.0
14.11,1098.0,1260.0,1080.0,1260.0,900.0,1440.0,900.0,1200.0,1320.0,1020.0,1200.0,960.0,1440.0,1080.0,660.0,780.0,1380.0,600.0,840.0,1260.0,1080.0,1140.0,1200.0,1080.0,1020.0,540.0,900.0,1260.0,1680.0,1560.0,900.0
14.120000000000001,1088.0,1260.0,1020.0,1200.0,900.0,1560.0,900.0,1200.0,1380.0,960.0,1260.0,900.0,1440.0,1080.0,780.0,780.0,1320.0,600.0,840.0,1320.0,1080.0,1140.0,1080.0,1020.0,1020.0,600.0,840.0,1140.0,1500.0,1560.0,960.0
14.13,1068.0,1320.0,960.0,1020.0,1020.0,1500.0,960.0,1200.0,1320.0,900.0,1200.0,900.0,1440.0,1080.0,720.0,840.0,1320.0,540.0,840.0,1200.0,960.0,1200.0,1080.0,960.0,960.0,600.0,960.0,1140.0,1440.0,1560.0,900.0
14.14,1074.0,1200.0,960.0,960.0,1020.0,1380.0,1020.0,1140.0,1320.0,840.0,1200.0,900.0,1500.0,1020.0,900.0,900.0,1380.0,600.0,840.0,1200.0,720.0,1260.0,1080.0,900.0,1020.0,720.0,960.0,1140.0,1380.0,1680.0,1080.0
14.15,1052.0,1080.0,960.0,900.0,1020.0,1380.0,1080.0,1140.0,1320.0,780.0,1200.0,900.0,1320.0,1020.0,960.0,900.0,1380.0,660.0,840.0,1140.0,720.0,1140.0,1020.0,900.0,960.0,780.0,1020.0,1020.0,1440.0,1560.0,1020.0
14.16,1052.0,1080.0,960.0,900.0,1020.0,1320.0,1140.0,1200.0,1380.0,720.0,1200.0,780.0,1260.0,1140.0,960.0,780.0,1380.0,600.0,900.0,1140.0,780.0,1200.0,1020.0,960.0,960.0,780.0,1020.0,1020.0,1440.0,1500.0,1020.0
14.17,1056.0,1140.0,1020.0,900.0,1020.0,1260.0,1080.0,1140.0,1440.0,660.0,1200.0,840.0,1260.0,1140.0,1080.0,840.0,1380.0,600.0,960.0,1200.0,780.0,1140.0,1020.0,960.0,960.0,720.0,1020.0,960.0,1500.0,1440.0,1020.0
14.18,1054.0,1020.0,1080.0,900.0,900.0,1260.0,1140.0,1080.0,1320.0,600.0,1260.0,840.0,1320.0,1080.0,1140.0,780.0,1440.0,540.0,900.0,1320.0,780.0,1140.0,1080.0,900.0,1080.0,720.0,1080.0,900.0,1500.0,1440.0,1080.0
14.19,1056.0,900.0,1080.0,960.0,900.0,1320.0,1140.0,1140.0,1200.0,660.0,1260.0,840.0,1320.0,1020.0,1140.0,660.0,1560.0,540.0,840.0,1380.0,720.0,1140.0,1020.0,900.0,1020.0,720.0,1200.0,900.0,1740.0,1500.0,960.0
14.200000000000001,1042.0,900.0,960.0,1020.0,1080.0,1380.0,1020.0,1140.0,1080.0,660.0,1140.0,840.0,1320.0,1020.0,1140.0,780.0,1560.0,540.0,900.0,1320.0,660.0,1080.0,1020.0,780.0,1020.0,720.0,1200.0,840.0,1680.0,1500.0,960.0
14.21,1046.0,960.0,900.0,1020.0,1320.0,1320.0,1020.0,1080.0,1020.0,720.0,1140.0,900.0,1260.0,1020.0,1140.0,720.0,1380.0,600.0,900.0,1260.0,780.0,1080.0,1020.0,720.0,1080.0,780.0,1140.0,900.0,1680.0,1560.0,960.0
14.22,1026.0,960.0,900.0,1080.0,1320.0,1320.0,1140.0,1140.0,1020.0,720.0,1140.0,720.0,1200.0,1020.0,1140.0,720.0,1440.0,540.0,840.0,1200.0,780.0,1020.0,1020.0,600.0,900.0,780.0,1140.0,900.0,1560.0,1500.0,1020.0
14.23,1040.0,900.0,900.0,1200.0,1380.0,1320.0,1080.0,1080.0,1080.0,720.0,1140.0,660.0,1260.0,1020.0,1200.0,840.0,1440.0,660.0,780.0,1200.0,840.0,1020.0,1020.0,600.0,960.0,900.0,1200.0,900.0,1500.0,1380.0,1020.0
14.24,1022.0,900.0,900.0,1320.0,1380.0,1260.0,1080.0,1020.0,1020.0,660.0,1080.0,780.0,1320.0,1020.0,1140.0,780.0,1380.0,660.0,720.0,1200.0,840.0,1080.0,1020.0,540.0,960.0,900.0,1080.0,840.0,1440.0,1380.0,960.0
14.25,1028.0,900.0,780.0,1320.0,1260.0,1260.0,1020.0,1140.0,1080.0,840.0,1020.0,900.0,1320.0,1020.0,1080.0,900.0,1380.0,660.0,780.0,1200.0,840.0,1080.0,1020.0,540.0,960.0,900.0,1080.0,780.0,1380.0,1320.0,1080.0
14.26,1010.0,900.0,840.0,1260.0,1260.0,1320.0,960.0,1200.0,1020.0,960.0,1020.0,900.0,1320.0,900.0,1080.0,900.0,1200.0,600.0,720.0,1200.0,780.0,1020.0,960.0,540.0,900.0,1020.0,1080.0,840.0,1260.0,1320.0,1020.0
14.27,1010.0,900.0,900.0,1320.0,1200.0,1200.0,960.0,1200.0,1020.0,1020.0,960.0,900.0,1380.0,900.0,1140.0,900.0,1260.0,600.0,720.0,1140.0,720.0,1080.0,1020.0,540.0,900.0,1020.0,1020.0,840.0,1320.0,1260.0,960.0
14.280000000000001,1000.0,900.0,840.0,1200.0,1260.0,1200.0,960.0,1080.0,900.0,1080.0,960.0,900.0,1320.0,900.0,1200.0,780.0,1200.0,720.0,720.0,1200.0,720.0,1020.0,960.0,540.0,900.0,1020.0,1020.0,900.0,1320.0,1260.0,1020.0
14.290000000000001,984.0,840.0,900.0,1140.0,1260.0,1140.0,960.0,1080.0,900.0,1080.0,780.0,900.0,1320.0,960.0,1140.0,780.0,1260.0,780.0,720.0,1200.0,600.0,960.0,900.0,480.0,960.0,1020.0,960.0,960.0,1320.0,1260.0,960.0
14.3,970.0,780.0,960.0,1140.0,1260.0,1080.0,960.0,1080.0,780.0,1080.0,900.0,960.0,1260.0,840.0,1140.0,780.0,1200.0,840.0,600.0,1140.0,540.0,960.0,900.0,420.0,960.0,960.0,1020.0,1020.0,1380.0,1200.0,960.0
14.31,974.0,840.0,1020.0,1140.0,1320.0,1080.0,900.0,1140.0,780.0,1080.0,840.0,960.0,1260.0,840.0,1140.0,780.0,1200.0,840.0,660.0,1080.0,540.0,900.0,900.0,600.0,960.0,840.0,1020.0,1020.0,1320.0,1260.0,960.0
14.32,996.0,960.0,1020.0,1140.0,1380.0,1080.0,840.0,1080.0,780.0,1140.0,900.0,1020.0,1260.0,840.0,1260.0,780.0,1080.0,840.0,660.0,1140.0,660.0,960.0,900.0,600.0,960.0,840.0,1020.0,1080.0,1320.0,1260.0,1080.0
14.33,992.0,1020.0,1080.0,1080.0,1320.0,1140.0,840.0,1140.0,660.0,1020.0,900.0,1080.0,1320.0,780.0,1260.0,780.0,1140.0,900.0,600.0,1140.0,660.0,960.0,960.0,540.0,900.0,840.0,1020.0,1080.0,1320.0,1260.0,1020.0
14.34,996.0,1020.0,1080.0,1080.0,1320.0,1200.0,960.0,1140.0,720.0,900.0,960.0,1020.0,1320.0,780.0,1320.0,960.0,1080.0,840.0,660.0,1200.0,600.0,900.0,960.0,600.0,900.0,780.0,960.0,1080.0,1200.0,1200.0,1140.0
14.35,990.0,1020.0,1080.0,1080.0,1320.0,1200.0,960.0,1200.0,720.0,900.0,960.0,1080.0,1320.0,780.0,1320.0,900.0,1140.0,900.0,660.0,1200.0,600.0,720.0,900.0,600.0,960.0,720.0,1020.0,960.0,1200.0,1140.0,1140.0
14.36,980.0,1080.0,1020.0,1080.0,1320.0,1320.0,960.0,1260.0,720.0,900.0,900.0,1080.0,1260.0,720.0,1320.0,900.0,1140.0,840.0,660.0,1260.0,540.0,600.0,900.0,600.0,900.0,720.0,1080.0,900.0,1140.0,1140.0,1140.0
14.370000000000001,966.0,1140.0,1020.0,1140.0,1440.0,1320.0,960.0,1200.0,780.0,720.0,900.0,1080.0,1260.0,720.0,1260.0,900.0,1080.0,720.0,780.0,1260.0,540.0,660.0,660.0,600.0,960.0,720.0,1200.0,900.0,960.0,1020.0,1080.0
14.38,978.0,1200.0,1020.0,1200.0,1440.0,1320.0,960.0,1020.0,720.0,780.0,1080.0,1020.0,1200.0,660.0,1200.0,900.0,1140.0,780.0,780.0,1320.0,600.0,720.0,660.0,600.0,900.0,900.0,1320.0,900.0,960.0,1020.0,1020.0
14.39,958.0,1260.0,1020.0,1140.0,1500.0,1260.0,960.0,1020.0,660.0,600.0,1080.0,1020.0,1140.0,660.0,1260.0,900.0,1140.0,840.0,780.0,1380.0,720.0,720.0,660.0,600.0,900.0,720.0,1320.0,840.0,780.0,840.0,1020.0
14.4,970.0,1260.0,1020.0,1200.0,1560.0,1200.0,960.0,1020.0,660.0,600.0,1080.0,1020.0,1200.0,660.0,1260.0,1020.0,1140.0,780.0,780.0,1440.0,720.0,660.0,720.0,600.0,960.0,780.0,1320.0,840.0,780.0,780.0,1080.0
14.41,976.0,1200.0,1020.0,1260.0,1500.0,1140.0,960.0,1020.0,780.0,660.0,1020.0,960.0,1140.0,660.0,1200.0,1080.0,1080.0,900.0,840.0,1440.0,840.0,660.0,720.0,660.0,1020.0,840.0,1440.0,780.0,720.0,660.0,1080.0
14.42,976.0,1080.0,960.0,1260.0,1440.0,1140.0,900.0,1080.0,840.0,660.0,960.0,960.0,1080.0,660.0,1200.0,1080.0,1140.0,900.0,840.0,1500.0,780.0,780.0,720.0,660.0,1080.0,840.0,1380.0,780.0,780.0,660.0,1140.0
14.43,966.0,1200.0,1020.0,1320.0,1260.0,1080.0,900.0,1080.0,840.0,660.0,900.0,900.0,1080.0,600.0,1200.0,1080.0,1080.0,960.0,840.0,1500.0,840.0,720.0,720.0,660.0,1020.0,780.0,1320.0,780.0,900.0,600.0,1140.0
14.44,954.0,1080.0,1020.0,1200.0,1260.0,1140.0,960.0,1080.0,780.0,780.0,840.0,780.0,1080.0,600.0,1140.0,1020.0,1080.0,900.0,840.0,1440.0,780.0,720.0,720.0,720.0,1020.0,780.0,1380.0,840.0,960.0,600.0,1080.0
14.450000000000001,964.0,1020.0,1020.0,1080.0,1260.0,1200.0,840.0,1140.0,780.0,840.0,840.0,780.0,1140.0,660.0,1080.0,1080.0,960.0,900.0,840.0,1320.0,900.0,660.0,720.0,720.0,1200.0,780.0,1320.0,900.0,1020.0,660.0,1260.0
14.46,982.0,1020.0,1020.0,1080.0,1440.0,1140.0,840.0,1140.0,900.0,900.0,900.0,840.0,1140.0,660.0,1080.0,1200.0,840.0,960.0,840.0,1380.0,840.0,660.0,780.0,720.0,1260.0,840.0,1320.0,900.0,1020.0,600.0,1200.0
14.47,1002.0,1080.0,1080.0,1080.0,1500.0,1200.0,900.0,1200.0,900.0,900.0,840.0,900.0,1140.0,720.0,1080.0,1200.0,840.0,1020.0,780.0,1560.0,840.0,660.0,780.0,720.0,1140.0,780.0,1380.0,1020.0,960.0,660.0,1200.0
14.48,990.0,1080.0,1140.0,1080.0,1500.0,1200.0,900.0,1200.0,960.0,900.0,720.0,900.0,1080.0,660.0,1080.0,1260.0,840.0,1080.0,780.0,1560.0,840.0,720.0,780.0,720.0,1020.0,840.0,1260.0,900.0,900.0,720.0,1080.0
14.49,990.0,960.0,1080.0,1080.0,1500.0,1260.0,900.0,1200.0,960.0,1020.0,720.0,900.0,1140.0,720.0,1020.0,1260.0,900.0,1080.0,660.0,1560.0,780.0,840.0,720.0,660.0,1020.0,780.0,1320.0,960.0,840.0,780.0,1080.0
14.5,990.0,1020.0,1020.0,1200.0,1380.0,1260.0,840.0,1200.0,1020.0,1080.0,720.0,900.0,1140.0,720.0,960.0,1260.0,840.0,1080.0,660.0,1560.0,780.0,780.0,720.0,600.0,960.0,960.0,1320.0,960.0,840.0,780.0,1140.0
14.51,1000.0,1080.0,1080.0,1080.0,1320.0,1200.0,780.0,1200.0,1020.0,1140.0,660.0,960.0,1080.0,660.0,1020.0,1320.0,840.0,1140.0,600.0,1620.0,780.0,900.0,780.0,720.0,1020.0,1020.0,1320.0,960.0,840.0,720.0,1140.0
14.52,1012.0,1140.0,1080.0,1080.0,1380.0,1260.0,780.0,1200.0,1200.0,1140.0,660.0,1020.0,1020.0,660.0,960.0,1320.0,900.0,1020.0,660.0,1620.0,840.0,900.0,780.0,720.0,900.0,1080.0,1320.0,1080.0,840.0,780.0,1020.0
14.530000000000001,1010.0,1260.0,1140.0,1140.0,1260.0,1260.0,720.0,1260.0,1140.0,1200.0,600.0,1080.0,960.0,660.0,960.0,1320.0,840.0,1020.0,720.0,1620.0,780.0,900.0,780.0,720.0,900.0,1080.0,1320.0,1200.0,780.0,660.0,1020.0
14.540000000000001,1030.0,1320.0,1140.0,1140.0,1260.0,1260.0,660.0,1320.0,1200.0,1140.0,480.0,1140.0,960.0,780.0,900.0,1320.0,900.0,1020.0,780.0,1620.0,780.0,1140.0,780.0,720.0,900.0,1080.0,1260.0,1260.0,840.0,720.0,1080.0
14.55,984.0,1260.0,1080.0,1080.0,1260.0,1140.0,660.0,1140.0,1140.0,1200.0,540.0,1140.0,960.0,780.0,780.0,1260.0,840.0,840.0,780.0,1500.0,660.0,1140.0,720.0,720.0,960.0,1080.0,1080.0,1200.0,840.0,660.0,1080.0
14.56,994.0,1260.0,1080.0,1140.0,1200.0,1140.0,660.0,1200.0,1080.0,1260.0,540.0,1080.0,960.0,840.0,780.0,1200.0,720.0,900.0,780.0,1560.0,720.0,1260.0,720.0,780.0,900.0,1080.0,1200.0,1140.0,840.0,720.0,1080.0
14.57,976.0,1260.0,1020.0,1080.0,1200.0,1140.0,660.0,1200.0,1080.0,1260.0,420.0,1080.0,900.0,840.0,600.0,1260.0,720.0,900.0,840.0,1440.0,660.0,1380.0,660.0,780.0,960.0,1020.0,1140.0,1080.0,840.0,840.0,1020.0
14.58,968.0,1140.0,1080.0,960.0,1140.0,1140.0,660.0,1200.0,960.0,1200.0,480.0,1080.0,900.0,900.0,600.0,1200.0,660.0,900.0,780.0,1500.0,780.0,1440.0,780.0,720.0,960.0,1020.0,1200.0,1080.0,780.0,840.0,960.0
14.59,976.0,1200.0,1080.0,1020.0,1200.0,1020.0,720.0,1140.0,960.0,1200.0,480.0,1140.0,960.0,900.0,600.0,1260.0,660.0,960.0,840.0,1440.0,720.0,1500.0,780.0,720.0,960.0,900.0,1200.0,1140.0,720.0,840.0,1020.0
14.6,982.0,1200.0,1080.0,1080.0,1140.0,840.0,720.0,1080.0,1020.0,1200.0,600.0,1080.0,1020.0,840.0,660.0,1260.0,660.0,1020.0,900.0,1440.0,780.0,1560.0,720.0,600.0,960.0,1020.0,1320.0,1080.0,720.0,840.0,1020.0
14.61,970.0,1200.0,1140.0,1080.0,1200.0,840.0,780.0,1200.0,1020.0,1200.0,600.0,1080.0,960.0,780.0,660.0,1260.0,600.0,1140.0,900.0,1440.0,660.0,1620.0,600.0,600.0,900.0,1020.0,1200.0,960.0,720.0,840.0,900.0
14.620000000000001,986.0,1080.0,1140.0,1020.0,1200.0,840.0,780.0,1200.0,1080.0,1260.0,780.0,1140.0,900.0,780.0,660.0,1200.0,660.0,1140.0,960.0,1440.0,660.0,1680.0,600.0,600.0,960.0,1080.0,1200.0,960.0,720.0,960.0,900.0
14.63,1000.0,1020.0,1080.0,960.0,1260.0,840.0,780.0,1200.0,1080.0,1320.0,900.0,1140.0,960.0,720.0,720.0,1140.0,720.0,1080.0,960.0,1440.0,720.0,1680.0,600.0,600.0,1020.0,1020.0,1260.0,1020.0,780.0,1020.0,960.0
14.64,988.0,960.0,1080.0,1020.0,1200.0,780.0,780.0,1260.0,1140.0,1200.0,780.0,1080.0,1020.0,720.0,780.0,1260.0,720.0,1020.0,900.0,1320.0,660.0,1680.0,600.0,660.0,1020.0,960.0,1320.0,1020.0,780.0,960.0,960.0
14.65,986.0,900.0,1080.0,1020.0,1140.0,660.0,780.0,1200.0,1140.0,1200.0,900.0,1140.0,1080.0,780.0,720.0,1320.0,660.0,1020.0,840.0,1260.0,720.0,1740.0,600.0,660.0,1020.0,960.0,1380.0,1080.0,720.0,900.0,960.0
14.66,972.0,840.0,960.0,960.0,1080.0,720.0,780.0,1200.0,1140.0,1080.0,900.0,1140.0,1080.0,720.0,840.0,1320.0,720.0,960.0,840.0,1380.0,780.0,1680.0,600.0,660.0,960.0,960.0,1440.0,900.0,720.0,900.0,900.0
14.67,960.0,840.0,900.0,1080.0,1020.0,720.0,780.0,1080.0,1200.0,1020.0,840.0,1080.0,1020.0,720.0,780.0,1440.0,720.0,960.0,780.0,1440.0,780.0,1680.0,480.0,720.0,1080.0,1020.0,1260.0,900.0,720.0,840.0,900.0
14.68,948.0,840.0,900.0,1080.0,1020.0,720.0,720.0,1080.0,1260.0,1020.0,720.0,1020.0,1020.0,720.0,780.0,1320.0,720.0,1080.0,660.0,1440.0,840.0,1680.0,480.0,720.0,1080.0,1020.0,1200.0,840.0,660.0,900.0,900.0
14.69,944.0,840.0,840.0,1200.0,1020.0,600.0,720.0,1140.0,1320.0,960.0,720.0,960.0,1020.0,720.0,660.0,1320.0,660.0,1080.0,660.0,1380.0,780.0,1680.0,660.0,720.0,1020.0,1080.0,1200.0,960.0,660.0,840.0,900.0
14.700000000000001,964.0,900.0,900.0,1200.0,960.0,660.0,720.0,1080.0,1320.0,1020.0,780.0,960.0,1080.0,720.0,600.0,1260.0,600.0,1080.0,720.0,1560.0,840.0,1620.0,780.0,840.0,960.0,1080.0,1260.0,900.0,660.0,900.0,960.0
14.71,980.0,900.0,900.0,1200.0,900.0,720.0,840.0,1080.0,1260.0,1080.0,780.0,960.0,1140.0,720.0,600.0,1260.0,600.0,1140.0,720.0,1620.0,900.0,1680.0,780.0,900.0,960.0,1020.0,1260.0,960.0,600.0,960.0,960.0
14.72,980.0,1020.0,840.0,1140.0,1020.0,660.0,900.0,1200.0,1260.0,1020.0,780.0,900.0,1140.0,660.0,480.0,1260.0,720.0,1140.0,780.0,1560.0,900.0,1500.0,780.0,840.0,960.0,960.0,1320.0,960.0,600.0,1140.0,960.0
14.73,994.0,1020.0,780.0,1260.0,1080.0,720.0,900.0,1200.0,1260.0,960.0,780.0,840.0,1200.0,720.0,600.0,1380.0,600.0,1200.0,840.0,1500.0,960.0,1440.0,780.0,840.0,1020.0,960.0,1140.0,1020.0,660.0,1140.0,1020.0
14.74,994.0,900.0,720.0,1260.0,1080.0,660.0,840.0,1200.0,1260.0,960.0,780.0,780.0,1260.0,780.0,660.0,1500.0,480.0,1200.0,840.0,1500.0,900.0,1380.0,780.0,840.0,1020.0,960.0,1140.0,1140.0,720.0,1260.0,1020.0
14.75,1004.0,960.0,780.0,1260.0,900.0,720.0,840.0,1080.0,1200.0,1020.0,900.0,840.0,1260.0,780.0,600.0,1500.0,540.0,1200.0,900.0,1500.0,960.0,1440.0,780.0,900.0,1140.0,900.0,1140.0,1080.0,720.0,1260.0,1020.0
14.76,998.0,1020.0,840.0,1140.0,900.0,600.0,780.0,1080.0,1140.0,900.0,960.0,780.0,1320.0,780.0,660.0,1440.0,600.0,1140.0,900.0,1560.0,840.0,1500.0,780.0,840.0,1080.0,1020.0,1140.0,1080.0,780.0,1320.0,1020.0
14.77,1010.0,1020.0,780.0,1200.0,900.0,720.0,780.0,1140.0,1140.0,720.0,1020.0,840.0,1200.0,780.0,660.0,1380.0,600.0,1200.0,900.0,1440.0,900.0,1620.0,840.0,840.0,1200.0,1140.0,1140.0,1020.0,780.0,1320.0,1080.0
14.780000000000001,1016.0,1080.0,720.0,1200.0,960.0,720.0,840.0,1140.0,1200.0,780.0,1020.0,840.0,1080.0,720.0,660.0,1440.0,600.0,1260.0,960.0,1380.0,960.0,1620.0,840.0,780.0,1200.0,1140.0,1140.0,960.0,840.0,1380.0,1020.0
14.790000000000001,1016.0,900.0,660.0,1200.0,900.0,780.0,840.0,1080.0,1140.0,720.0,1080.0,960.0,1080.0,660.0,660.0,1440.0,720.0,1260.0,900.0,1380.0,960.0,1620.0,840.0,720.0,1260.0,1140.0,1260.0,1020.0,900.0,1500.0,900.0
14.8,990.0,960.0,720.0,1020.0,900.0,780.0,780.0,1080.0,1020.0,780.0,1140.0,960.0,1020.0,720.0,660.0,1320.0,720.0,1140.0,900.0,1440.0,840.0,1560.0,780.0,780.0,1140.0,1200.0,1200.0,960.0,900.0,1440.0,840.0
14.81,990.0,960.0,720.0,1080.0,840.0,840.0,840.0,1080.0,900.0,780.0,1200.0,1020.0,1020.0,720.0,660.0,1380.0,660.0,1080.0,900.0,1380.0,780.0,1680.0,900.0,720.0,1140.0,1140.0,1200.0,960.0,960.0,1320.0,840.0
14.82,982.0,960.0,720.0,1020.0,900.0,720.0,900.0,1020.0,900.0,780.0,1200.0,960.0,1140.0,720.0,600.0,1320.0,660.0,1020.0,900.0,1380.0,780.0,1500.0,900.0,720.0,1140.0,1200.0,1200.0,1080.0,960.0,1260.0,900.0
14.83,966.0,960.0,720.0,840.0,900.0,660.0,900.0,1020.0,900.0,660.0,1200.0,840.0,1200.0,720.0,600.0,1320.0,720.0,1140.0,960.0,1200.0,840.0,1380.0,900.0,720.0,1140.0,1260.0,1140.0,1200.0,840.0,1140.0,960.0
14.84,962.0,1020.0,660.0,840.0,900.0,720.0,960.0,1020.0,900.0,720.0,1140.0,780.0,1200.0,660.0,540.0,1320.0,720.0,1140.0,840.0,1200.0,840.0,1500.0,960.0,660.0,1200.0,1200.0,1080.0,1200.0,900.0,1080.0,960.0
14.85,956.0,900.0,660.0,780.0,900.0,720.0,900.0,960.0,780.0,780.0,1080.0,900.0,1320.0,720.0,540.0,1140.0,840.0,1080.0,780.0,1200.0,840.0,1500.0,960.0,600.0,1080.0,1260.0,1080.0,1260.0,960.0,1140.0,1020.0
14.86,934.0,840.0,600.0,780.0,1080.0,720.0,780.0,960.0,720.0,780.0,1080.0,840.0,1200.0,720.0,600.0,1080.0,780.0,1080.0,780.0,1080.0,840.0,1260.0,1020.0,600.0,1080.0,1260.0,1020.0,1260.0,960.0,1080.0,1140.0
14.870000000000001,948.0,840.0,600.0,900.0,1140.0,720.0,840.0,1020.0,720.0,780.0,1140.0,840.0,1140.0,600.0,720.0,1080.0,900.0,1140.0,780.0,1020.0,840.0,1200.0,1020.0,600.0,1080.0,1380.0,1080.0,1140.0,960.0,1140.0,1080.0
14.88,942.0,900.0,540.0,960.0,1200.0,540.0,840.0,960.0,720.0,720.0,1200.0,780.0,1140.0,840.0,720.0,1140.0,900.0,1080.0,840.0,1080.0,840.0,1200.0,1020.0,600.0,1020.0,1380.0,1080.0,1080.0,900.0,1020.0,1020.0
14.89,966.0,960.0,600.0,960.0,1200.0,600.0,900.0,960.0,780.0,720.0,1200.0,900.0,1140.0,840.0,780.0,1140.0,840.0,1080.0,900.0,1080.0,900.0,1260.0,1020.0,600.0,1080.0,1380.0,1020.0,1140.0,900.0,1020.0,1080.0
14.9,974.0,900.0,600.0,960.0,1200.0,600.0,960.0,1020.0,780.0,720.0,1140.0,900.0,1020.0,840.0,900.0,1140.0,1020.0,1020.0,900.0,1080.0,900.0,1260.0,1080.0,720.0,1020.0,1260.0,1080.0,1080.0,840.0,1200.0,1080.0
14.91,972.0,960.0,600.0,960.0,1140.0,540.0,1020.0,1020.0,720.0,660.0,1140.0,840.0,1080.0,900.0,960.0,1080.0,1020.0,1080.0,840.0,1080.0,900.0,1260.0,1080.0,780.0,1080.0,1260.0,1020.0,1080.0,840.0,1200.0,1020.0
14.92,972.0,960.0,660.0,900.0,1140.0,600.0,900.0,1020.0,780.0,600.0,1080.0,960.0,1080.0,960.0,1080.0,1080.0,1020.0,1020.0,840.0,1080.0,780.0,1260.0,1080.0,780.0,1080.0,1320.0,960.0,1080.0,840.0,1140.0,1080.0
14.93,972.0,1020.0,660.0,900.0,1140.0,600.0,720.0,1080.0,840.0,600.0,1020.0,960.0,1080.0,1140.0,1080.0,1080.0,1020.0,1080.0,840.0,900.0,660.0,1320.0,1080.0,780.0,1140.0,1320.0,1020.0,1080.0,840.0,1080.0,1080.0
14.94,992.0,1020.0,660.0,960.0,1080.0,600.0,720.0,1020.0,840.0,600.0,1200.0,1020.0,1020.0,1200.0,1260.0,1080.0,1020.0,1140.0,840.0,960.0,660.0,1380.0,1080.0,780.0,1200.0,1380.0,1020.0,1080.0,840.0,1140.0,960.0
14.950000000000001,984.0,960.0,600.0,960.0,1080.0,720.0,780.0,1020.0,780.0,600.0,1140.0,1140.0,1020.0,1200.0,1260.0,1080.0,1020.0,1200.0,780.0,960.0,720.0,1380.0,1080.0,720.0,1080.0,1380.0,840.0,1080.0,840.0,1140.0,960.0
14.96,992.0,1080.0,600.0,1020.0,960.0,780.0,780.0,1020.0,780.0,660.0,1200.0,1080.0,960.0,1200.0,1380.0,1080.0,1020.0,1200.0,780.0,1020.0,780.0,1320.0,1080.0,720.0,1080.0,1380.0,900.0,1080.0,780.0,1080.0,960.0
14.97,994.0,1080.0,480.0,1080.0,960.0,780.0,780.0,1020.0,780.0,660.0,1320.0,1020.0,960.0,1080.0,1380.0,1020.0,1080.0,1140.0,780.0,1020.0,840.0,1320.0,1080.0,720.0,1080.0,1320.0,720.0,1140.0,960.0,1080.0,1140.0
14.98,1006.0,1080.0,480.0,1140.0,960.0,780.0,780.0,1020.0,780.0,720.0,1440.0,1020.0,960.0,1080.0,1380.0,1020.0,1020.0,1080.0,900.0,960.0,840.0,1260.0,1080.0,780.0,1140.0,1380.0,780.0,1140.0,960.0,1080.0,1140.0
14.99,1000.0,1080.0,420.0,1200.0,840.0,780.0,840.0,1020.0,780.0,600.0,1380.0,1080.0,900.0,1080.0,1440.0,900.0,1080.0,1140.0,840.0,900.0,900.0,1320.0,1140.0,660.0,1080.0,1500.0,840.0,1020.0,1020.0,1140.0,1080.0
15.0,996.0,1020.0,480.0,1140.0,720.0,780.0,840.0,960.0,900.0,540.0,1320.0,1020.0,900.0,1020.0,1320.0,840.0,1080.0,1140.0,900.0,840.0,900.0,1500.0,1140.0,720.0,1200.0,1500.0,780.0,1020.0,1080.0,1260.0,1020.0
15.01,1014.0,900.0,540.0,1140.0,780.0,900.0,840.0,900.0,1020.0,600.0,1380.0,960.0,840.0,1080.0,1380.0,780.0,1080.0,1140.0,840.0,840.0,900.0,1560.0,1140.0,780.0,1200.0,1500.0,720.0,1020.0,1140.0,1440.0,1080.0
15.02,1008.0,900.0,540.0,1020.0,780.0,900.0,840.0,900.0,1020.0,600.0,1260.0,1020.0,960.0,1020.0,1380.0,780.0,960.0,1140.0,900.0,780.0,780.0,1620.0,1140.0,780.0,1320.0,1440.0,720.0,1020.0,1200.0,1380.0,1140.0
15.030000000000001,1016.0,960.0,600.0,1080.0,780.0,840.0,840.0,900.0,960.0,600.0,1320.0,1200.0,900.0,960.0,1380.0,900.0,1140.0,1140.0,1020.0,780.0,720.0,1620.0,960.0,900.0,1200.0,1440.0,600.0,1020.0,1080.0,1440.0,1200.0
15.040000000000001,1026.0,1020.0,660.0,1140.0,720.0,900.0,960.0,780.0,900.0,600.0,1320.0,1140.0,1020.0,960.0,1440.0,960.0,1080.0,1140.0,1080.0,900.0,720.0,1500.0,900.0,960.0,1260.0,1320.0,600.0,1020.0,1080.0,1440.0,1260.0
15.05,1038.0,1080.0,660.0,1200.0,780.0,840.0,1020.0,780.0,780.0,660.0,1440.0,1200.0,1020.0,960.0,1380.0,960.0,1140.0,1080.0,1140.0,840.0,720.0,1500.0,900.0,960.0,1320.0,1260.0,600.0,1080.0,1080.0,1440.0,1320.0
15.06,1012.0,1020.0,600.0,1200.0,780.0,780.0,1020.0,780.0,780.0,660.0,1320.0,1080.0,900.0,1080.0,1380.0,840.0,1140.0,1140.0,1200.0,840.0,720.0,1560.0,840.0,900.0,1200.0,1140.0,600.0,1020.0,1080.0,1320.0,1440.0
15.07,1030.0,1020.0,660.0,1200.0,780.0,840.0,960.0,720.0,720.0,600.0,1440.0,1080.0,1020.0,1080.0,1440.0,840.0,1140.0,1200.0,1260.0,780.0,960.0,1620.0,780.0,900.0,1200.0,1140.0,660.0,1020.0,1080.0,1380.0,1380.0
15.08,1032.0,1080.0,660.0,1200.0,780.0,840.0,960.0,660.0,720.0,600.0,1440.0,1080.0,1020.0,1080.0,1560.0,840.0,1200.0,1260.0,1200.0,780.0,840.0,1560.0,900.0,900.0,1140.0,1140.0,660.0,960.0,1080.0,1380.0,1440.0
15.09,1034.0,1080.0,600.0,1200.0,780.0,900.0,960.0,660.0,720.0,600.0,1440.0,1080.0,1020.0,1020.0,1500.0,900.0,1080.0,1380.0,1080.0,720.0,900.0,1680.0,900.0,1020.0,1140.0,1080.0,600.0,960.0,1080.0,1380.0,1560.0
15.1,1028.0,960.0,720.0,1260.0,780.0,960.0,960.0,720.0,720.0,660.0,1320.0,1020.0,1080.0,960.0,1500.0,900.0,1140.0,1260.0,1080.0,660.0,900.0,1620.0,960.0,1020.0,1020.0,1080.0,720.0,900.0,1080.0,1380.0,1500.0
15.11,1024.0,900.0,780.0,1260.0,840.0,1020.0,960.0,600.0,780.0,600.0,1320.0,960.0,1080.0,960.0,1500.0,900.0,1140.0,1140.0,1140.0,600.0,960.0,1620.0,1020.0,1080.0,1080.0,1020.0,780.0,900.0,1140.0,1320.0,1320.0
15.120000000000001,1040.0,1080.0,840.0,1380.0,780.0,960.0,960.0,600.0,840.0,660.0,1380.0,960.0,1080.0,960.0,1500.0,780.0,1200.0,1080.0,1080.0,600.0,1080.0,1620.0,960.0,1200.0,1080.0,1020.0,840.0,960.0,1080.0,1260.0,1380.0
15.13,1058.0,1020.0,840.0,1380.0,840.0,960.0,960.0,660.0,900.0,720.0,1320.0,1080.0,1200.0,1020.0,1500.0,840.0,1320.0,1020.0,1020.0,600.0,1140.0,1620.0,960.0,1080.0,1200.0,960.0,840.0,960.0,1140.0,1260.0,1380.0
15.14,1030.0,960.0,780.0,1320.0,780.0,900.0,960.0,600.0,960.0,720.0,1380.0,1020.0,1140.0,1020.0,1380.0,720.0,1380.0,960.0,960.0,660.0,1140.0,1560.0,960.0,1020.0,960.0,1020.0,900.0,840.0,1140.0,1260.0,1500.0
15.15,1046.0,960.0,840.0,1320.0,780.0,1020.0,960.0,660.0,1020.0,720.0,1380.0,1080.0,1140.0,1020.0,1380.0,720.0,1200.0,900.0,960.0,780.0,1140.0,1500.0,1020.0,1080.0,1020.0,960.0,900.0,960.0,1200.0,1200.0,1560.0
15.16,1040.0,900.0,840.0,1140.0,780.0,1080.0,960.0,660.0,960.0,780.0,1380.0,1020.0,1140.0,1020.0,1320.0,660.0,1200.0,900.0,960.0,780.0,1080.0,1500.0,1080.0,1080.0,900.0,960.0,960.0,960.0,1200.0,1380.0,1620.0
15.17,1044.0,840.0,840.0,1140.0,780.0,1080.0,960.0,840.0,900.0,840.0,1380.0,900.0,960.0,1020.0,1440.0,720.0,1320.0,960.0,1020.0,720.0,1260.0,1440.0,1140.0,1080.0,900.0,960.0,960.0,900.0,1140.0,1320.0,1560.0
15.18,1054.0,840.0,900.0,1140.0,780.0,1080.0,1020.0,840.0,960.0,900.0,1260.0,780.0,900.0,1020.0,1320.0,780.0,1260.0,960.0,1020.0,660.0,1320.0,1560.0,1200.0,1140.0,1020.0,900.0,1020.0,900.0,1200.0,1320.0,1620.0
15.19,1062.0,780.0,960.0,1200.0,720.0,1080.0,1020.0,900.0,1020.0,960.0,1260.0,660.0,900.0,960.0,1260.0,780.0,1260.0,960.0,960.0,660.0,1380.0,1560.0,1200.0,1200.0,1020.0,960.0,1140.0,840.0,1200.0,1380.0,1680.0
15.200000000000001,1070.0,720.0,960.0,1200.0,780.0,1080.0,1020.0,960.0,1020.0,960.0,1200.0,660.0,900.0,960.0,1320.0,780.0,1380.0,960.0,900.0,780.0,1380.0,1620.0,1380.0,1080.0,900.0,1140.0,1200.0,780.0,1140.0,1380.0,1560.0
15.21,1074.0,720.0,960.0,1140.0,720.0,1200.0,1080.0,1020.0,1020.0,840.0,1140.0,720.0,900.0,1020.0,1320.0,780.0,1320.0,1080.0,900.0,780.0,1440.0,1560.0,1380.0,1080.0,960.0,1140.0,1200.0,720.0,1200.0,1380.0,1500.0
15.22,1070.0,720.0,960.0,1140.0,720.0,1200.0,1020.0,1080.0,1020.0,840.0,1080.0,660.0,1020.0,960.0,1200.0,840.0,1320.0,1080.0,840.0,780.0,1500.0,1620.0,1380.0,1080.0,960.0,1200.0,1200.0,660.0,1140.0,1320.0,1560.0
15.23,1042.0,600.0,1020.0,1140.0,780.0,1200.0,840.0,1080.0,1020.0,720.0,960.0,660.0,1080.0,960.0,1140.0,840.0,1260.0,1080.0,780.0,720.0,1680.0,1620.0,1380.0,1020.0,900.0,1200.0,1080.0,660.0,1080.0,1260.0,1500.0
15.24,1024.0,600.0,1020.0,1080.0,780.0,1200.0,780.0,1140.0,1020.0,660.0,960.0,660.0,1020.0,1020.0,1140.0,780.0,1200.0,1080.0,780.0,720.0,1620.0,1620.0,1320.0,960.0,780.0,1260.0,1080.0,660.0,1020.0,1320.0,1440.0
15.25,1038.0,600.0,960.0,1080.0,780.0,1140.0,780.0,1080.0,1080.0,720.0,960.0,660.0,960.0,1080.0,1080.0,780.0,1320.0,1200.0,780.0,720.0,1680.0,1500.0,1380.0,1080.0,780.0,1200.0,1020.0,840.0,1140.0,1380.0,1380.0
15.26,1016.0,540.0,900.0,1200.0,720.0,1140.0,720.0,1080.0,1080.0,660.0,1020.0,660.0,900.0,960.0,1020.0,780.0,1320.0,1260.0,660.0,720.0,1680.0,1440.0,1380.0,960.0,840.0,1140.0,1080.0,840.0,1140.0,1260.0,1380.0
15.27,1020.0,540.0,1020.0,1140.0,780.0,1140.0,600.0,1140.0,1080.0,600.0,1020.0,660.0,900.0,1020.0,1020.0,780.0,1440.0,1260.0,720.0,720.0,1560.0,1380.0,1380.0,1020.0,900.0,1200.0,1200.0,840.0,1140.0,1200.0,1200.0
15.280000000000001,1008.0,480.0,1020.0,1080.0,840.0,1080.0,600.0,1080.0,1080.0,600.0,1020.0,660.0,780.0,960.0,1020.0,780.0,1440.0,1260.0,720.0,720.0,1620.0,1320.0,1440.0,1020.0,900.0,1260.0,1200.0,780.0,1200.0,1080.0,1200.0
15.290000000000001,1012.0,480.0,1080.0,1080.0,960.0,1140.0,600.0,1080.0,1020.0,660.0,960.0,660.0,780.0,960.0,1020.0,780.0,1440.0,1200.0,720.0,780.0,1560.0,1380.0,1620.0,960.0,840.0,1140.0,1140.0,900.0,1140.0,1140.0,1140.0
15.3,996.0,600.0,960.0,960.0,960.0,1140.0,600.0,960.0,1140.0,780.0,960.0,660.0,720.0,900.0,1080.0,780.0,1380.0,1080.0,720.0,840.0,1500.0,1380.0,1620.0,960.0,780.0,1140.0,900.0,900.0,1140.0,1140.0,1200.0
15.31,992.0,600.0,960.0,1020.0,840.0,1200.0,720.0,960.0,1200.0,780.0,960.0,660.0,780.0,840.0,1140.0,780.0,1380.0,1020.0,780.0,840.0,1440.0,1380.0,1620.0,720.0,720.0,1140.0,900.0,960.0,1140.0,1080.0,1200.0
15.32,996.0,540.0,960.0,1020.0,840.0,1200.0,720.0,900.0,1200.0,660.0,960.0,600.0,720.0,900.0,1200.0,840.0,1500.0,1020.0,780.0,840.0,1500.0,1380.0,1800.0,720.0,720.0,1140.0,900.0,900.0,1080.0,1140.0,1200.0
15.33,1002.0,600.0,960.0,1020.0,840.0,1260.0,840.0,900.0,1140.0,660.0,900.0,600.0,720.0,840.0,1260.0,900.0,1560.0,1080.0,720.0,840.0,1500.0,1260.0,1740.0,780.0,720.0,1140.0,900.0,960.0,1200.0,1080.0,1140.0
15.34,1008.0,600.0,900.0,1020.0,720.0,1200.0,900.0,960.0,1260.0,660.0,900.0,600.0,840.0,780.0,1200.0,900.0,1500.0,1080.0,720.0,780.0,1620.0,1260.0,1680.0,720.0,780.0,1260.0,960.0,900.0,1260.0,1080.0,1200.0
15.35,1006.0,540.0,900.0,960.0,720.0,1260.0,780.0,960.0,1260.0,660.0,900.0,660.0,840.0,840.0,1140.0,900.0,1560.0,960.0,720.0,840.0,1740.0,1200.0,1800.0,720.0,720.0,1320.0,840.0,840.0,1320.0,1140.0,1140.0
15.36,1020.0,540.0,900.0,1020.0,660.0,1140.0,840.0,1020.0,1200.0,720.0,960.0,720.0,900.0,840.0,1200.0,960.0,1560.0,1020.0,720.0,900.0,1680.0,1200.0,1740.0,780.0,780.0,1320.0,900.0,780.0,1320.0,1140.0,1140.0
15.370000000000001,1028.0,540.0,840.0,960.0,720.0,1200.0,960.0,960.0,1200.0,720.0,960.0,660.0,840.0,840.0,1140.0,900.0,1620.0,1020.0,600.0,960.0,1800.0,1140.0,1680.0,900.0,780.0,1320.0,960.0,1020.0,1320.0,1140.0,1140.0
15.38,1024.0,600.0,720.0,960.0,780.0,1200.0,960.0,840.0,1200.0,720.0,900.0,660.0,900.0,840.0,1140.0,840.0,1680.0,1020.0,660.0,960.0,1800.0,1080.0,1620.0,960.0,720.0,1320.0,960.0,1080.0,1260.0,1200.0,1140.0
15.39,1002.0,600.0,840.0,1020.0,780.0,1080.0,900.0,900.0,1080.0,720.0,960.0,540.0,900.0,900.0,1140.0,900.0,1500.0,960.0,600.0,900.0,1800.0,1020.0,1500.0,960.0,720.0,1320.0,900.0,1020.0,1200.0,1320.0,1080.0
15.4,1002.0,600.0,900.0,960.0,780.0,1140.0,840.0,900.0,1080.0,780.0,960.0,480.0,960.0,900.0,1200.0,1020.0,1440.0,900.0,600.0,780.0,1740.0,900.0,1620.0,1080.0,720.0,1260.0,960.0,1020.0,1260.0,1320.0,960.0
15.41,1008.0,600.0,960.0,960.0,780.0,1140.0,840.0,900.0,1140.0,780.0,1020.0,420.0,1020.0,900.0,1200.0,960.0,1440.0,900.0,600.0,900.0,1740.0,900.0,1620.0,1080.0,660.0,1260.0,960.0,1260.0,1200.0,1260.0,840.0
15.42,1020.0,600.0,1080.0,960.0,780.0,1140.0,840.0,960.0,1140.0,720.0,1020.0,480.0,1080.0,960.0,1260.0,960.0,1500.0,900.0,540.0,960.0,1740.0,720.0,1680.0,1140.0,540.0,1320.0,960.0,1320.0,1200.0,1320.0,780.0
15.43,1026.0,600.0,1080.0,1020.0,780.0,1260.0,960.0,1140.0,1200.0,780.0,1140.0,420.0,1080.0,960.0,1260.0,900.0,1560.0,780.0,540.0,900.0,1740.0,660.0,1680.0,1020.0,600.0,1200.0,1020.0,1380.0,1200.0,1200.0,720.0
15.44,1030.0,660.0,1140.0,1080.0,840.0,1140.0,960.0,1080.0,1200.0,720.0,1140.0,420.0,1080.0,1080.0,1260.0,960.0,1680.0,720.0,480.0,900.0,1740.0,660.0,1680.0,1020.0,600.0,1140.0,960.0,1440.0,1260.0,1140.0,720.0
15.450000000000001,1044.0,660.0,1080.0,1080.0,840.0,1140.0,960.0,1200.0,1200.0,720.0,1140.0,540.0,1200.0,1080.0,1320.0,960.0,1680.0,780.0,420.0,900.0,1560.0,780.0,1620.0,1080.0,660.0,1140.0,1020.0,1440.0,1200.0,1140.0,780.0
15.46,1054.0,720.0,1080.0,1200.0,840.0,1080.0,960.0,1140.0,1200.0,780.0,1140.0,600.0,1140.0,1020.0,1320.0,900.0,1680.0,780.0,540.0,900.0,1500.0,840.0,1680.0,1080.0,720.0,1140.0,1080.0,1440.0,1080.0,1140.0,900.0
15.47,1040.0,720.0,1080.0,1260.0,840.0,1080.0,900.0,1080.0,1140.0,840.0,1080.0,540.0,1080.0,1080.0,1260.0,1020.0,1680.0,780.0,480.0,840.0,1440.0,840.0,1620.0,1140.0,720.0,1020.0,1080.0,1500.0,1140.0,1140.0,780.0
15.48,1048.0,720.0,1200.0,1260.0,780.0,1080.0,1020.0,1140.0,1140.0,840.0,1080.0,660.0,1080.0,1200.0,1260.0,1080.0,1680.0,720.0,480.0,780.0,1440.0,780.0,1620.0,1140.0,720.0,1020.0,960.0,1500.0,1140.0,1080.0,840.0
15.49,1034.0,720.0,1200.0,1380.0,720.0,1020.0,1020.0,1080.0,1140.0,840.0,1140.0,600.0,840.0,1200.0,1320.0,1140.0,1560.0,720.0,480.0,720.0,1440.0,720.0,1500.0,1140.0,780.0,1080.0,900.0,1500.0,1200.0,1080.0,840.0
15.5,1036.0,720.0,1140.0,1440.0,720.0,1020.0,960.0,1020.0,1080.0,900.0,1200.0,540.0,840.0,1200.0,1380.0,1200.0,1560.0,720.0,540.0,720.0,1500.0,720.0,1620.0,1200.0,780.0,960.0,840.0,1440.0,1260.0,1020.0,840.0
15.51,1036.0,720.0,1140.0,1440.0,720.0,1080.0,960.0,1020.0,1200.0,840.0,1200.0,540.0,840.0,1200.0,1320.0,1260.0,1440.0,720.0,660.0,780.0,1380.0,720.0,1560.0,1140.0,840.0,900.0,900.0,1440.0,1200.0,1020.0,900.0
15.52,1046.0,720.0,1200.0,1500.0,780.0,1080.0,1020.0,900.0,1140.0,840.0,1260.0,600.0,840.0,1200.0,1380.0,1320.0,1440.0,780.0,660.0,840.0,1380.0,720.0,1500.0,1020.0,900.0,900.0,840.0,1440.0,1140.0,1080.0,960.0
15.530000000000001,1046.0,720.0,1320.0,1500.0,900.0,1020.0,1140.0,840.0,1020.0,840.0,1260.0,600.0,840.0,1200.0,1380.0,1380.0,1320.0,780.0,720.0,840.0,1380.0,660.0,1440.0,960.0,900.0,900.0,840.0,1440.0,1140.0,1140.0,960.0
15.540000000000001,1040.0,780.0,1260.0,1440.0,900.0,900.0,1140.0,900.0,960.0,900.0,1260.0,600.0,840.0,1140.0,1500.0,1380.0,1320.0,720.0,660.0,840.0,1320.0,660.0,1440.0,1020.0,840.0,960.0,900.0,1380.0,1140.0,1080.0,1020.0
15.55,1038.0,720.0,1260.0,1500.0,840.0,840.0,1200.0,840.0,960.0,900.0,1320.0,540.0,900.0,1200.0,1500.0,1380.0,1320.0,720.0,540.0,780.0,1200.0,660.0,1500.0,1080.0,780.0,1020.0,900.0,1560.0,1200.0,1020.0,960.0
15.56,1044.0,720.0,1260.0,1440.0,900.0,840.0,1200.0,900.0,900.0,1080.0,1320.0,600.0,840.0,1200.0,1560.0,1320.0,1140.0,720.0,480.0,780.0,1200.0,720.0,1560.0,1080.0,900.0,960.0,840.0,1620.0,1140.0,1080.0,1020.0
15.57,1030.0,720.0,1260.0,1500.0,900.0,840.0,1260.0,900.0,840.0,1080.0,1260.0,660.0,900.0,1080.0,1560.0,1260.0,1080.0,720.0,420.0,840.0,1140.0,780.0,1560.0,1080.0,840.0,960.0,840.0,1500.0,1080.0,1140.0,900.0
15.58,1026.0,600.0,1260.0,1560.0,900.0,900.0,1200.0,900.0,840.0,1020.0,1200.0,660.0,840.0,1080.0,1560.0,1200.0,1020.0,720.0,480.0,900.0,1140.0,720.0,1440.0,1140.0,960.0,1020.0,780.0,1440.0,1020.0,1260.0,1020.0
15.59,1028.0,660.0,1320.0,1560.0,840.0,900.0,1200.0,840.0,840.0,1140.0,1140.0,660.0,840.0,1080.0,1560.0,1260.0,1200.0,720.0,480.0,840.0,1020.0,720.0,1380.0,1140.0,960.0,1020.0,840.0,1440.0,960.0,1260.0,1020.0
15.6,1024.0,660.0,1380.0,1440.0,840.0,1020.0,1200.0,840.0,900.0,1200.0,1140.0,720.0,780.0,960.0,1440.0,1260.0,1080.0,840.0,480.0,840.0,1020.0,720.0,1440.0,1140.0,840.0,1020.0,780.0,1440.0,1020.0,1200.0,1080.0
15.610000000000001,1030.0,660.0,1380.0,1380.0,840.0,1020.0,1200.0,840.0,900.0,1200.0,1080.0,720.0,720.0,960.0,1440.0,1140.0,1200.0,840.0,480.0,840.0,1080.0,780.0,1320.0,1080.0,1020.0,1140.0,900.0,1500.0,960.0,1200.0,1080.0
15.620000000000001,1016.0,660.0,1320.0,1320.0,780.0,1020.0,1140.0,840.0,900.0,1200.0,1140.0,780.0,660.0,960.0,1500.0,1080.0,1260.0,900.0,420.0,840.0,1080.0,780.0,1200.0,1020.0,1080.0,1080.0,960.0,1500.0,960.0,1080.0,1020.0
15.63,1018.0,720.0,1260.0,1200.0,780.0,960.0,1140.0,780.0,960.0,1320.0,1260.0,900.0,660.0,960.0,1560.0,1020.0,1260.0,900.0,480.0,840.0,1080.0,720.0,1200.0,960.0,1020.0,1080.0,960.0,1440.0,900.0,1140.0,1080.0
15.64,1016.0,720.0,1260.0,1260.0,840.0,900.0,1140.0,780.0,900.0,1440.0,1260.0,900.0,660.0,960.0,1500.0,1080.0,1200.0,900.0,480.0,840.0,900.0,720.0,1200.0,1020.0,1080.0,1140.0,960.0,1440.0,900.0,1020.0,1080.0
15.65,1012.0,780.0,1320.0,1260.0,900.0,960.0,1080.0,840.0,840.0,1380.0,1260.0,900.0,720.0,780.0,1560.0,1080.0,1200.0,900.0,480.0,840.0,900.0,720.0,1200.0,960.0,1080.0,1140.0,900.0,1380.0,900.0,1020.0,1080.0
15.66,998.0,720.0,1320.0,1140.0,840.0,960.0,960.0,840.0,900.0,1440.0,1260.0,900.0,720.0,900.0,1500.0,1080.0,1080.0,900.0,420.0,840.0,900.0,660.0,1080.0,1020.0,1140.0,1140.0,900.0,1380.0,960.0,1020.0,1020.0
15.67,990.0,660.0,1260.0,1140.0,840.0,1020.0,960.0,900.0,900.0,1440.0,1200.0,1080.0,720.0,900.0,1560.0,1020.0,960.0,900.0,420.0,780.0,840.0,660.0,1080.0,900.0,1200.0,1140.0,960.0,1380.0,900.0,1020.0,960.0
15.68,986.0,720.0,1260.0,1080.0,840.0,960.0,900.0,960.0,900.0,1380.0,1200.0,1080.0,840.0,960.0,1620.0,1020.0,1080.0,960.0,480.0,720.0,840.0,660.0,960.0,900.0,1200.0,1140.0,960.0,1200.0,900.0,900.0,960.0
15.69,986.0,720.0,1200.0,960.0,840.0,1020.0,900.0,900.0,900.0,1380.0,1080.0,1080.0,840.0,960.0,1620.0,1080.0,1080.0,1020.0,480.0,840.0,780.0,720.0,900.0,1020.0,1260.0,1080.0,960.0,1200.0,960.0,840.0,960.0
15.700000000000001,996.0,720.0,1260.0,900.0,780.0,1020.0,960.0,960.0,900.0,1380.0,1200.0,1080.0,840.0,960.0,1380.0,1140.0,1140.0,1080.0,600.0,900.0,780.0,720.0,900.0,1020.0,1260.0,1200.0,960.0,1140.0,900.0,840.0,960.0
15.71,984.0,720.0,1140.0,1020.0,660.0,960.0,900.0,900.0,960.0,1440.0,1380.0,1080.0,900.0,960.0,1200.0,1080.0,1200.0,1080.0,540.0,960.0,780.0,780.0,900.0,840.0,1260.0,960.0,1020.0,1140.0,900.0,900.0,960.0
15.72,980.0,660.0,1140.0,960.0,660.0,960.0,900.0,780.0,1020.0,1440.0,1440.0,1140.0,1020.0,900.0,1140.0,960.0,1200.0,1140.0,540.0,1080.0,780.0,780.0,780.0,900.0,1200.0,1020.0,1080.0,1080.0,900.0,900.0,900.0
15.73,974.0,720.0,1140.0,1020.0,480.0,840.0,780.0,720.0,960.0,1500.0,1500.0,1140.0,1140.0,900.0,1260.0,900.0,1140.0,1080.0,540.0,1140.0,720.0,720.0,780.0,900.0,1200.0,1020.0,1080.0,1080.0,900.0,960.0,960.0
15.74,990.0,660.0,1200.0,1020.0,600.0,840.0,900.0,720.0,1020.0,1560.0,1500.0,1200.0,1020.0,900.0,1260.0,960.0,1140.0,1080.0,480.0,1140.0,780.0,840.0,780.0,900.0,1140.0,1080.0,1080.0,1080.0,840.0,1080.0,900.0
15.75,996.0,720.0,1320.0,1020.0,660.0,780.0,900.0,720.0,960.0,1500.0,1440.0,1260.0,960.0,840.0,1200.0,1080.0,1260.0,1020.0,540.0,1080.0,780.0,780.0,840.0,960.0,1200.0,1140.0,1080.0,1080.0,780.0,1140.0,840.0
15.76,984.0,720.0,1260.0,1020.0,780.0,840.0,900.0,780.0,900.0,1440.0,1380.0,1200.0,1020.0,900.0,1140.0,1140.0,1320.0,1020.0,600.0,1140.0,720.0,780.0,780.0,900.0,1020.0,1140.0,960.0,840.0,780.0,1260.0,840.0
15.77,1008.0,660.0,1140.0,1020.0,900.0,960.0,1020.0,720.0,960.0,1560.0,1320.0,1140.0,1020.0,960.0,1080.0,1080.0,1260.0,1020.0,660.0,1200.0,780.0,900.0,780.0,900.0,960.0,1260.0,1080.0,840.0,840.0,1260.0,960.0
15.780000000000001,1004.0,660.0,1080.0,960.0,900.0,960.0,1020.0,780.0,1020.0,1560.0,1320.0,1080.0,1140.0,900.0,1080.0,960.0,1260.0,1020.0,660.0,1260.0,780.0,960.0,720.0,840.0,960.0,1260.0,1020.0,900.0,780.0,1380.0,900.0
15.790000000000001,988.0,660.0,1080.0,960.0,900.0,1080.0,840.0,780.0,1140.0,1560.0,1320.0,1200.0,1020.0,840.0,1020.0,900.0,1320.0,960.0,660.0,1380.0,660.0,960.0,720.0,660.0,900.0,1140.0,1020.0,840.0,780.0,1380.0,960.0
15.8,972.0,540.0,960.0,1020.0,900.0,1200.0,840.0,720.0,1140.0,1500.0,1260.0,1200.0,1080.0,840.0,960.0,900.0,1380.0,960.0,660.0,1320.0,660.0,960.0,600.0,660.0,900.0,1140.0,960.0,840.0,780.0,1320.0,960.0
15.81,970.0,720.0,960.0,840.0,960.0,1200.0,840.0,540.0,1080.0,1500.0,1200.0,1140.0,1320.0,720.0,1020.0,900.0,1380.0,840.0,660.0,1440.0,660.0,960.0,660.0,720.0,720.0,1140.0,960.0,840.0,780.0,1380.0,1020.0
15.82,970.0,720.0,1080.0,900.0,1020.0,1260.0,840.0,540.0,1140.0,1440.0,1140.0,1140.0,1380.0,720.0,1080.0,900.0,1380.0,840.0,720.0,1440.0,540.0,900.0,600.0,720.0,720.0,1140.0,900.0,720.0,780.0,1380.0,1020.0
15.83,968.0,840.0,1020.0,960.0,900.0,1260.0,780.0,600.0,1200.0,1260.0,1200.0,1200.0,1380.0,720.0,1020.0,900.0,1440.0,900.0,720.0,1500.0,540.0,1020.0,540.0,720.0,720.0,1140.0,900.0,600.0,720.0,1440.0,900.0
15.84,966.0,900.0,960.0,780.0,840.0,1200.0,720.0,660.0,1140.0,1260.0,1200.0,1140.0,1380.0,780.0,1080.0,1020.0,1320.0,960.0,660.0,1560.0,480.0,1080.0,480.0,720.0,780.0,1200.0,840.0,660.0,720.0,1440.0,1020.0
15.85,966.0,900.0,1020.0,900.0,900.0,1200.0,840.0,660.0,960.0,1140.0,1200.0,1020.0,1380.0,840.0,1020.0,1020.0,1260.0,900.0,720.0,1620.0,420.0,1080.0,480.0,720.0,780.0,1140.0,900.0,720.0,720.0,1440.0,1080.0
15.860000000000001,984.0,960.0,960.0,900.0,1020.0,1140.0,780.0,780.0,960.0,1200.0,1200.0,1020.0,1380.0,840.0,1020.0,960.0,1260.0,900.0,720.0,1560.0,420.0,1140.0,540.0,840.0,720.0,1200.0,1020.0,720.0,720.0,1560.0,1080.0
15.870000000000001,996.0,1020.0,900.0,840.0,1020.0,1140.0,960.0,840.0,1020.0,1080.0,1380.0,960.0,1380.0,780.0,1020.0,960.0,1200.0,840.0,780.0,1560.0,480.0,1200.0,600.0,720.0,660.0,1200.0,1140.0,720.0,720.0,1560.0,1200.0
15.88,966.0,960.0,720.0,900.0,1020.0,1140.0,900.0,900.0,1020.0,960.0,1260.0,900.0,1320.0,840.0,1080.0,960.0,1140.0,900.0,720.0,1440.0,480.0,1200.0,600.0,780.0,540.0,1020.0,1080.0,780.0,660.0,1560.0,1200.0
15.89,992.0,1080.0,840.0,960.0,1020.0,1260.0,900.0,960.0,1020.0,1020.0,1260.0,900.0,1260.0,900.0,1020.0,960.0,1140.0,900.0,780.0,1440.0,540.0,1200.0,600.0,840.0,540.0,960.0,1080.0,840.0,660.0,1680.0,1200.0
15.9,1002.0,1140.0,900.0,780.0,1020.0,1260.0,840.0,1020.0,960.0,960.0,1200.0,840.0,1200.0,840.0,900.0,1080.0,1320.0,840.0,900.0,1380.0,540.0,1320.0,600.0,1020.0,540.0,960.0,1080.0,960.0,660.0,1800.0,1200.0
15.91,1026.0,1320.0,900.0,840.0,900.0,1320.0,960.0,1080.0,900.0,960.0,1200.0,780.0,1200.0,960.0,900.0,1080.0,1200.0,840.0,900.0,1380.0,480.0,1380.0,720.0,1080.0,600.0,1020.0,1080.0,1080.0,720.0,1740.0,1260.0
15.92,1026.0,1320.0,900.0,840.0,840.0,1320.0,960.0,1200.0,900.0,900.0,1140.0,840.0,1200.0,1020.0,1020.0,1080.0,1200.0,840.0,900.0,1380.0,540.0,1380.0,660.0,1020.0,600.0,960.0,1080.0,1080.0,780.0,1740.0,1140.0
15.93,1054.0,1320.0,960.0,900.0,960.0,1320.0,900.0,1260.0,900.0,840.0,1200.0,900.0,1320.0,1080.0,1080.0,1020.0,1260.0,840.0,900.0,1380.0,660.0,1320.0,660.0,1020.0,600.0,960.0,1020.0,1140.0,900.0,1740.0,1260.0
15.94,1070.0,1320.0,960.0,1020.0,1080.0,1260.0,900.0,1320.0,1020.0,780.0,1140.0,900.0,1380.0,1140.0,1020.0,1080.0,1260.0,840.0,900.0,1380.0,840.0,1320.0,600.0,960.0,600.0,1020.0,1080.0,1200.0,840.0,1740.0,1200.0
15.950000000000001,1052.0,1140.0,960.0,1080.0,1020.0,1080.0,840.0,1320.0,1020.0,720.0,1140.0,960.0,1320.0,1140.0,960.0,1080.0,1260.0,900.0,1080.0,1380.0,960.0,1320.0,660.0,900.0,480.0,960.0,960.0,1140.0,780.0,1740.0,1260.0
15.96,1060.0,1200.0,900.0,1080.0,1080.0,1140.0,960.0,1260.0,1020.0,660.0,1140.0,960.0,1260.0,1140.0,960.0,1140.0,1260.0,900.0,1020.0,1380.0,1020.0,1320.0,660.0,960.0,540.0,960.0,900.0,1320.0,780.0,1620.0,1260.0
15.97,1068.0,1140.0,900.0,1080.0,1140.0,1140.0,960.0,1260.0,1020.0,660.0,1080.0,1020.0,1320.0,1200.0,840.0,1020.0,1260.0,960.0,960.0,1320.0,1020.0,1260.0,720.0,960.0,600.0,960.0,960.0,1440.0,840.0,1680.0,1320.0
15.98,1070.0,1080.0,840.0,1200.0,1200.0,1140.0,900.0,1140.0,1080.0,600.0,1020.0,1020.0,1260.0,1200.0,720.0,1080.0,1260.0,1020.0,900.0,1320.0,1020.0,1260.0,840.0,840.0,660.0,900.0,1080.0,1380.0,840.0,1860.0,1440.0
15.99,1060.0,1140.0,840.0,1200.0,1260.0,1020.0,960.0,1200.0,1080.0,540.0,960.0,960.0,1260.0,1140.0,720.0,1140.0,1260.0,1020.0,900.0,1200.0,1080.0,1200.0,840.0,840.0,660.0,840.0,1080.0,1380.0,840.0,1860.0,1380.0
16.0,1050.0,1200.0,900.0,1260.0,1200.0,1080.0,960.0,1140.0,1020.0,600.0,900.0,960.0,1080.0,1200.0,660.0,1140.0,1320.0,1020.0,900.0,1140.0,1140.0,1200.0,840.0,840.0,660.0,780.0,1080.0,1200.0,840.0,1860.0,1380.0
16.01,1044.0,1200.0,900.0,1260.0,1200.0,1020.0,960.0,1200.0,1020.0,600.0,780.0,900.0,1080.0,1200.0,480.0,1140.0,1260.0,1080.0,960.0,1080.0,1080.0,1200.0,960.0,900.0,840.0,720.0,1080.0,1200.0,840.0,1800.0,1380.0
16.02,1056.0,1200.0,840.0,1320.0,1260.0,960.0,900.0,1200.0,1020.0,720.0,780.0,900.0,1020.0,1200.0,480.0,1260.0,1320.0,1140.0,840.0,1140.0,1200.0,1200.0,960.0,960.0,780.0,780.0,1140.0,1260.0,840.0,1680.0,1380.0
16.03,1042.0,1200.0,840.0,1320.0,1200.0,840.0,900.0,1140.0,1020.0,660.0,780.0,1020.0,900.0,1140.0,480.0,1200.0,1380.0,1140.0,840.0,1140.0,1200.0,1140.0,960.0,960.0,840.0,780.0,1140.0,1260.0,840.0,1620.0,1380.0
16.04,1058.0,1200.0,840.0,1380.0,1260.0,840.0,900.0,1260.0,1020.0,720.0,780.0,1200.0,900.0,1140.0,540.0,1140.0,1380.0,1140.0,840.0,1080.0,1200.0,1260.0,960.0,960.0,900.0,780.0,1140.0,1200.0,840.0,1680.0,1260.0
16.05,1048.0,1140.0,840.0,1380.0,1260.0,840.0,960.0,1200.0,1080.0,660.0,780.0,1080.0,960.0,1140.0,540.0,1140.0,1320.0,1080.0,780.0,1020.0,1200.0,1260.0,960.0,960.0,840.0,840.0,1140.0,1260.0,840.0,1740.0,1200.0
16.06,1056.0,1140.0,840.0,1380.0,1320.0,840.0,1020.0,1140.0,1080.0,660.0,720.0,1080.0,840.0,1260.0,540.0,1200.0,1320.0,1140.0,780.0,840.0,1260.0,1260.0,960.0,1020.0,840.0,900.0,1320.0,1260.0,780.0,1680.0,1260.0
16.07,1038.0,1080.0,900.0,1320.0,1380.0,780.0,1200.0,1140.0,1080.0,660.0,600.0,1080.0,840.0,1260.0,540.0,1080.0,1140.0,1140.0,660.0,840.0,1260.0,1200.0,960.0,960.0,780.0,1020.0,1320.0,1200.0,720.0,1620.0,1380.0
16.080000000000002,1034.0,1020.0,900.0,1260.0,1380.0,720.0,1200.0,1140.0,1080.0,720.0,660.0,1080.0,900.0,1200.0,540.0,1140.0,1140.0,1140.0,600.0,840.0,1260.0,1260.0,960.0,960.0,840.0,960.0,1200.0,1200.0,720.0,1620.0,1380.0
16.09,1052.0,1080.0,900.0,1320.0,1320.0,840.0,1140.0,1140.0,1200.0,780.0,660.0,1140.0,900.0,1140.0,540.0,1140.0,1140.0,1080.0,720.0,960.0,1320.0,1260.0,840.0,1020.0,900.0,840.0,1140.0,1260.0,780.0,1620.0,1440.0
16.1,1054.0,960.0,840.0,1440.0,1320.0,780.0,1200.0,1080.0,1200.0,840.0,660.0,1140.0,900.0,1200.0,540.0,1080.0,1140.0,1140.0,720.0,1020.0,1260.0,1320.0,780.0,960.0,960.0,900.0,1260.0,1260.0,780.0,1560.0,1380.0
16.11,1052.0,960.0,840.0,1500.0,1320.0,840.0,1380.0,1080.0,1080.0,780.0,720.0,1140.0,900.0,1080.0,540.0,1080.0,1080.0,960.0,840.0,1080.0,1260.0,1140.0,780.0,900.0,960.0,1020.0,1260.0,1200.0,780.0,1620.0,1440.0
16.12,1068.0,1080.0,900.0,1380.0,1440.0,900.0,1440.0,1080.0,1020.0,720.0,720.0,1260.0,960.0,1140.0,660.0,1020.0,1080.0,1020.0,900.0,840.0,1380.0,1140.0,780.0,900.0,900.0,1080.0,1320.0,1140.0,840.0,1620.0,1380.0
16.13,1072.0,1020.0,840.0,1440.0,1440.0,960.0,1440.0,1020.0,1080.0,840.0,660.0,1320.0,960.0,1200.0,600.0,1080.0,960.0,1020.0,900.0,840.0,1440.0,1020.0,720.0,840.0,900.0,1140.0,1320.0,1200.0,960.0,1680.0,1320.0
16.14,1060.0,1080.0,900.0,1320.0,1380.0,960.0,1440.0,1140.0,960.0,840.0,600.0,1320.0,900.0,1260.0,660.0,1080.0,960.0,1080.0,900.0,780.0,1440.0,960.0,660.0,900.0,900.0,1140.0,1320.0,1200.0,960.0,1620.0,1140.0
16.15,1056.0,1140.0,960.0,1320.0,1380.0,1020.0,1380.0,1200.0,960.0,960.0,480.0,1200.0,840.0,1320.0,720.0,900.0,960.0,1020.0,900.0,840.0,1440.0,960.0,660.0,960.0,840.0,1140.0,1380.0,1080.0,960.0,1620.0,1140.0
16.16,1062.0,1260.0,960.0,1380.0,1320.0,1080.0,1260.0,1200.0,840.0,960.0,540.0,1140.0,900.0,1260.0,720.0,960.0,960.0,1020.0,900.0,780.0,1380.0,960.0,660.0,1020.0,960.0,1140.0,1440.0,1020.0,960.0,1620.0,1260.0
16.17,1042.0,1260.0,900.0,1380.0,1080.0,1080.0,1260.0,1140.0,840.0,960.0,480.0,1140.0,900.0,1200.0,720.0,1020.0,900.0,1020.0,960.0,780.0,1260.0,840.0,660.0,960.0,1020.0,1140.0,1380.0,1020.0,1020.0,1620.0,1320.0
16.18,1066.0,1260.0,1020.0,1320.0,1080.0,1200.0,1320.0,1140.0,780.0,1020.0,480.0,1200.0,1140.0,1140.0,660.0,1080.0,1020.0,1020.0,1020.0,780.0,1200.0,900.0,600.0,1080.0,1020.0,1080.0,1440.0,960.0,960.0,1740.0,1320.0
16.19,1060.0,1200.0,960.0,1320.0,1080.0,1140.0,1320.0,1080.0,720.0,900.0,600.0,1200.0,1200.0,1140.0,720.0,1200.0,1020.0,1020.0,900.0,780.0,1260.0,900.0,660.0,960.0,1080.0,1080.0,1440.0,960.0,900.0,1800.0,1260.0
16.2,1082.0,1200.0,900.0,1440.0,1140.0,1140.0,1320.0,1200.0,780.0,900.0,660.0,1260.0,1320.0,1080.0,720.0,1260.0,1080.0,1020.0,900.0,780.0,1200.0,960.0,660.0,960.0,1020.0,1200.0,1440.0,960.0,960.0,1740.0,1260.0
16.21,1088.0,1200.0,900.0,1440.0,1140.0,1140.0,1140.0,1260.0,840.0,900.0,660.0,1140.0,1320.0,1200.0,780.0,1320.0,1020.0,1020.0,960.0,780.0,1260.0,1020.0,660.0,960.0,1080.0,1200.0,1380.0,960.0,960.0,1680.0,1320.0
16.22,1106.0,1320.0,900.0,1440.0,1140.0,1200.0,1200.0,1260.0,780.0,960.0,660.0,1200.0,1380.0,1260.0,780.0,1320.0,1140.0,960.0,960.0,780.0,1260.0,1080.0,660.0,1020.0,1080.0,1140.0,1380.0,900.0,900.0,1680.0,1440.0
16.23,1108.0,1260.0,900.0,1380.0,1200.0,1260.0,1200.0,1320.0,840.0,960.0,660.0,1140.0,1440.0,1200.0,840.0,1380.0,1080.0,840.0,900.0,840.0,1260.0,1140.0,660.0,1020.0,1080.0,1080.0,1380.0,1020.0,840.0,1680.0,1440.0
16.240000000000002,1112.0,1260.0,900.0,1380.0,1200.0,1380.0,1200.0,1380.0,840.0,780.0,720.0,1020.0,1380.0,1200.0,840.0,1260.0,1140.0,840.0,960.0,840.0,1320.0,1200.0,660.0,1080.0,1140.0,1020.0,1380.0,900.0,900.0,1800.0,1440.0
16.25,1144.0,1320.0,960.0,1380.0,1200.0,1320.0,1260.0,1320.0,840.0,780.0,780.0,1020.0,1440.0,1260.0,840.0,1380.0,1080.0,900.0,960.0,840.0,1380.0,1200.0,720.0,1080.0,1260.0,1020.0,1560.0,1020.0,960.0,1740.0,1500.0
16.26,1142.0,1440.0,960.0,1440.0,1140.0,1380.0,1200.0,1200.0,900.0,840.0,900.0,1020.0,1440.0,1200.0,780.0,1380.0,960.0,900.0,900.0,780.0,1260.0,1260.0,720.0,1080.0,1440.0,1080.0,1500.0,1020.0,1020.0,1680.0,1440.0
16.27,1140.0,1500.0,1080.0,1500.0,1080.0,1380.0,1320.0,1200.0,900.0,780.0,960.0,960.0,1440.0,1200.0,780.0,1380.0,900.0,900.0,840.0,780.0,1260.0,1260.0,780.0,1020.0,1440.0,960.0,1500.0,1080.0,1020.0,1620.0,1380.0
16.28,1142.0,1560.0,1140.0,1500.0,1020.0,1380.0,1260.0,1260.0,840.0,840.0,1020.0,840.0,1380.0,1140.0,720.0,1380.0,960.0,900.0,960.0,840.0,1140.0,1200.0,780.0,1020.0,1380.0,960.0,1500.0,1260.0,1020.0,1620.0,1440.0
16.29,1132.0,1560.0,1260.0,1560.0,960.0,1320.0,1260.0,1320.0,840.0,780.0,1020.0,780.0,1380.0,1080.0,720.0,1260.0,960.0,960.0,960.0,840.0,1140.0,1200.0,780.0,1020.0,1380.0,840.0,1500.0,1320.0,1020.0,1500.0,1440.0
16.3,1110.0,1380.0,1200.0,1740.0,900.0,1440.0,1320.0,1380.0,720.0,780.0,960.0,720.0,1320.0,960.0,660.0,1140.0,960.0,1020.0,840.0,780.0,1200.0,1140.0,780.0,1080.0,1260.0,840.0,1560.0,1320.0,1020.0,1440.0,1440.0
16.31,1094.0,1440.0,1140.0,1680.0,900.0,1440.0,1140.0,1380.0,840.0,780.0,900.0,840.0,1200.0,1080.0,660.0,1140.0,960.0,1020.0,900.0,660.0,1200.0,1080.0,720.0,1020.0,1260.0,840.0,1560.0,1260.0,960.0,1320.0,1500.0
16.32,1098.0,1620.0,1140.0,1620.0,900.0,1560.0,1140.0,1500.0,780.0,720.0,900.0,900.0,1200.0,1020.0,660.0,1200.0,960.0,960.0,1020.0,660.0,1260.0,1020.0,720.0,1020.0,1200.0,840.0,1500.0,1260.0,840.0,1320.0,1500.0
16.330000000000002,1116.0,1680.0,1140.0,1440.0,900.0,1560.0,1200.0,1620.0,900.0,780.0,900.0,960.0,1260.0,1020.0,600.0,1200.0,960.0,960.0,1020.0,720.0,1320.0,1140.0,720.0,960.0,1140.0,780.0,1560.0,1260.0,960.0,1320.0,1500.0
16.34,1102.0,1560.0,1200.0,1500.0,900.0,1500.0,1080.0,1620.0,840.0,720.0,900.0,900.0,1260.0,960.0,600.0,1140.0,900.0,960.0,1020.0,720.0,1320.0,1200.0,1020.0,900.0,1080.0,780.0,1620.0,1200.0,960.0,1320.0,1380.0
16.35,1102.0,1620.0,1260.0,1380.0,900.0,1500.0,960.0,1620.0,900.0,720.0,900.0,960.0,1320.0,960.0,600.0,1080.0,900.0,960.0,1020.0,780.0,1320.0,1320.0,1080.0,900.0,1140.0,780.0,1620.0,1140.0,900.0,1260.0,1260.0
16.36,1100.0,1680.0,1140.0,1260.0,900.0,1500.0,960.0,1620.0,960.0,780.0,960.0,960.0,1320.0,960.0,540.0,1140.0,900.0,1020.0,960.0,720.0,1440.0,1320.0,1140.0,900.0,1140.0,660.0,1620.0,1140.0,900.0,1260.0,1200.0
16.37,1120.0,1680.0,1140.0,1200.0,900.0,1380.0,1140.0,1620.0,900.0,780.0,960.0,1020.0,1260.0,1080.0,660.0,1320.0,960.0,960.0,1020.0,780.0,1380.0,1260.0,1020.0,960.0,1260.0,720.0,1800.0,1260.0,900.0,1140.0,1140.0
16.38,1136.0,1560.0,1140.0,1200.0,960.0,1380.0,1140.0,1740.0,960.0,660.0,1020.0,1140.0,1380.0,1080.0,720.0,1260.0,900.0,1020.0,1080.0,840.0,1380.0,1260.0,1080.0,960.0,1260.0,780.0,1680.0,1320.0,840.0,1140.0,1200.0
16.39,1152.0,1680.0,1140.0,1260.0,1020.0,1380.0,1140.0,1680.0,960.0,720.0,1020.0,1140.0,1380.0,1140.0,660.0,1320.0,900.0,960.0,1140.0,840.0,1500.0,1260.0,1200.0,900.0,1140.0,840.0,1680.0,1320.0,840.0,1140.0,1260.0
16.4,1144.0,1680.0,1140.0,1140.0,1020.0,1260.0,1020.0,1620.0,960.0,720.0,960.0,1140.0,1440.0,1140.0,600.0,1320.0,780.0,960.0,1200.0,900.0,1440.0,1260.0,1200.0,900.0,1200.0,840.0,1680.0,1440.0,960.0,1080.0,1320.0
16.41,1148.0,1680.0,1140.0,1080.0,1020.0,1200.0,1140.0,1560.0,1020.0,660.0,960.0,1080.0,1500.0,1140.0,540.0,1080.0,900.0,780.0,1140.0,960.0,1500.0,1440.0,1320.0,960.0,1080.0,960.0,1680.0,1500.0,960.0,1080.0,1380.0
16.42,1142.0,1680.0,1080.0,1020.0,1020.0,1260.0,1080.0,1560.0,1020.0,720.0,1020.0,1020.0,1500.0,1200.0,540.0,1020.0,840.0,840.0,1140.0,960.0,1500.0,1440.0,1260.0,960.0,1020.0,1140.0,1740.0,1320.0,1020.0,960.0,1380.0
16.43,1164.0,1620.0,1140.0,960.0,1080.0,1260.0,960.0,1620.0,1080.0,840.0,960.0,1140.0,1500.0,1200.0,600.0,900.0,840.0,900.0,1380.0,1080.0,1440.0,1320.0,1320.0,960.0,1020.0,1140.0,1800.0,1320.0,1080.0,1080.0,1380.0
16.44,1174.0,1500.0,1140.0,960.0,1080.0,1260.0,960.0,1680.0,1080.0,840.0,1020.0,1080.0,1560.0,1140.0,660.0,900.0,840.0,840.0,1440.0,1140.0,1740.0,1320.0,1200.0,960.0,1200.0,1140.0,1740.0,1320.0,1080.0,1080.0,1320.0
16.45,1178.0,1440.0,1080.0,1080.0,1140.0,1260.0,960.0,1680.0,1140.0,960.0,1020.0,1140.0,1560.0,1200.0,660.0,900.0,900.0,900.0,1500.0,1080.0,1740.0,1380.0,1200.0,900.0,1260.0,1140.0,1500.0,1320.0,1020.0,1020.0,1260.0
16.46,1174.0,1560.0,1140.0,1080.0,1140.0,1320.0,900.0,1620.0,1080.0,960.0,1080.0,1200.0,1560.0,1200.0,660.0,960.0,840.0,1020.0,1500.0,1140.0,1800.0,1320.0,1140.0,900.0,1200.0,1140.0,1500.0,1260.0,960.0,900.0,1140.0
16.47,1164.0,1440.0,1140.0,1020.0,1140.0,1260.0,900.0,1620.0,960.0,960.0,1080.0,1200.0,1620.0,1140.0,720.0,840.0,840.0,1080.0,1440.0,1140.0,1860.0,1260.0,1200.0,900.0,1200.0,1080.0,1500.0,1200.0,960.0,1020.0,1200.0
16.48,1124.0,1380.0,1020.0,1020.0,1140.0,1140.0,960.0,1560.0,1020.0,960.0,1080.0,1080.0,1500.0,1020.0,780.0,660.0,840.0,1140.0,1440.0,1080.0,1740.0,1200.0,1200.0,900.0,1200.0,960.0,1500.0,1200.0,840.0,1020.0,1140.0
16.490000000000002,1120.0,1560.0,1080.0,1020.0,1260.0,1080.0,840.0,1440.0,1020.0,1080.0,1140.0,1020.0,1440.0,1020.0,840.0,720.0,900.0,1080.0,1260.0,1140.0,1740.0,1140.0,1260.0,900.0,1200.0,960.0,1380.0,1200.0,840.0,840.0,1200.0
16.5,1170.0,1620.0,1140.0,1080.0,1320.0,1080.0,1020.0,1560.0,1020.0,1080.0,1200.0,1080.0,1620.0,960.0,840.0,780.0,960.0,1140.0,1260.0,1200.0,1680.0,1200.0,1380.0,960.0,1320.0,900.0,1500.0,1200.0,900.0,960.0,1140.0
16.51,1176.0,1800.0,1140.0,1080.0,1380.0,960.0,1020.0,1500.0,1020.0,1320.0,1260.0,1140.0,1560.0,900.0,780.0,720.0,960.0,1200.0,1320.0,1260.0,1620.0,1260.0,1380.0,1020.0,1320.0,780.0,1500.0,1140.0,780.0,1020.0,1140.0
16.52,1182.0,1800.0,1380.0,1080.0,1380.0,1020.0,1020.0,1560.0,1080.0,1200.0,1440.0,1200.0,1560.0,960.0,840.0,720.0,1020.0,1140.0,1200.0,1200.0,1620.0,1140.0,1320.0,1200.0,1320.0,780.0,1500.0,1020.0,720.0,960.0,1080.0
16.53,1186.0,1560.0,1380.0,1020.0,1440.0,1140.0,1080.0,1620.0,1140.0,1200.0,1320.0,1260.0,1500.0,960.0,900.0,720.0,1020.0,1260.0,1260.0,1140.0,1560.0,1080.0,1140.0,1140.0,1380.0,780.0,1440.0,1200.0,840.0,1020.0,1080.0
16.54,1166.0,1560.0,1380.0,960.0,1440.0,1080.0,1020.0,1680.0,1140.0,1260.0,1260.0,1200.0,1620.0,900.0,960.0,600.0,1020.0,1260.0,1200.0,1080.0,1500.0,1080.0,1080.0,1140.0,1320.0,720.0,1380.0,1200.0,840.0,1020.0,1080.0
16.55,1184.0,1500.0,1380.0,840.0,1380.0,1080.0,960.0,1620.0,1080.0,1320.0,1260.0,1200.0,1560.0,1020.0,1020.0,780.0,1020.0,1380.0,1200.0,1080.0,1500.0,1200.0,1140.0,1320.0,1320.0,720.0,1380.0,1200.0,960.0,1080.0,1020.0
16.56,1166.0,1500.0,1380.0,900.0,1140.0,1020.0,1020.0,1500.0,1140.0,1260.0,1140.0,1200.0,1560.0,1080.0,960.0,780.0,960.0,1440.0,1200.0,1020.0,1380.0,1140.0,1200.0,1380.0,1260.0,780.0,1320.0,1200.0,900.0,1140.0,1080.0
16.57,1160.0,1500.0,1380.0,900.0,1140.0,1080.0,960.0,1500.0,1080.0,1260.0,1140.0,1260.0,1560.0,1080.0,780.0,840.0,960.0,1500.0,1200.0,1020.0,1380.0,1140.0,1140.0,1320.0,1380.0,720.0,1320.0,1200.0,900.0,1140.0,1020.0
16.580000000000002,1182.0,1560.0,1440.0,780.0,1200.0,1080.0,1140.0,1380.0,1020.0,1260.0,1080.0,1320.0,1500.0,1080.0,780.0,840.0,1020.0,1680.0,1200.0,1080.0,1440.0,1260.0,1080.0,1380.0,1440.0,900.0,1320.0,1200.0,960.0,1080.0,960.0
16.59,1170.0,1560.0,1440.0,780.0,1140.0,1140.0,1080.0,1320.0,900.0,1260.0,1140.0,1380.0,1380.0,1200.0,840.0,780.0,1020.0,1620.0,1080.0,1080.0,1320.0,1320.0,1020.0,1260.0,1560.0,900.0,1320.0,1200.0,960.0,1080.0,1020.0
16.6,1170.0,1500.0,1500.0,840.0,1140.0,1020.0,1020.0,1320.0,900.0,1260.0,1140.0,1380.0,1440.0,1020.0,840.0,720.0,1140.0,1620.0,1020.0,1140.0,1260.0,1560.0,960.0,1200.0,1560.0,900.0,1320.0,1320.0,960.0,1080.0,1020.0
16.61,1186.0,1500.0,1500.0,780.0,1140.0,1020.0,1140.0,1320.0,1020.0,1200.0,1200.0,1380.0,1500.0,1080.0,900.0,720.0,1140.0,1620.0,1080.0,1140.0,1320.0,1440.0,900.0,1260.0,1560.0,900.0,1260.0,1380.0,960.0,1140.0,1080.0
16.62,1204.0,1440.0,1500.0,720.0,1200.0,1140.0,1080.0,1380.0,1020.0,1260.0,1200.0,1380.0,1620.0,1080.0,900.0,840.0,1140.0,1560.0,1080.0,1260.0,1320.0,1440.0,900.0,1200.0,1500.0,960.0,1380.0,1320.0,1020.0,1200.0,1080.0
16.63,1208.0,1500.0,1560.0,780.0,1200.0,1080.0,1140.0,1380.0,1020.0,1320.0,1200.0,1380.0,1500.0,1080.0,960.0,780.0,1140.0,1560.0,960.0,1200.0,1200.0,1440.0,900.0,1200.0,1560.0,1140.0,1260.0,1320.0,1140.0,1200.0,1140.0
16.64,1236.0,1440.0,1560.0,900.0,1200.0,1020.0,1320.0,1320.0,1020.0,1380.0,1200.0,1500.0,1500.0,1080.0,960.0,840.0,1140.0,1560.0,900.0,1200.0,1260.0,1440.0,1020.0,1200.0,1680.0,1140.0,1260.0,1380.0,1260.0,1320.0,1080.0
16.65,1252.0,1560.0,1560.0,960.0,1260.0,1020.0,1380.0,1380.0,1020.0,1380.0,1140.0,1560.0,1560.0,1200.0,1020.0,780.0,1020.0,1560.0,900.0,1200.0,1320.0,1380.0,1080.0,1200.0,1560.0,1200.0,1260.0,1500.0,1260.0,1260.0,1080.0
16.66,1282.0,1560.0,1560.0,1140.0,1380.0,1080.0,1380.0,1320.0,1080.0,1500.0,1200.0,1500.0,1620.0,1080.0,1020.0,960.0,1020.0,1560.0,900.0,1320.0,1320.0,1440.0,1140.0,1140.0,1620.0,1320.0,1200.0,1560.0,1200.0,1260.0,1080.0
16.67,1282.0,1620.0,1560.0,1080.0,1440.0,1320.0,1320.0,1200.0,960.0,1560.0,1260.0,1440.0,1500.0,1140.0,1020.0,1020.0,1020.0,1560.0,840.0,1320.0,1380.0,1500.0,1020.0,960.0,1740.0,1380.0,1080.0,1560.0,1140.0,1320.0,1200.0
16.68,1262.0,1620.0,1500.0,1080.0,1320.0,1320.0,1260.0,1260.0,1020.0,1500.0,1260.0,1440.0,1500.0,1140.0,1020.0,1020.0,960.0,1560.0,780.0,1440.0,1260.0,1380.0,960.0,960.0,1740.0,1380.0,1140.0,1440.0,1140.0,1200.0,1260.0
16.69,1264.0,1740.0,1500.0,1140.0,1260.0,1320.0,1260.0,1320.0,1080.0,1440.0,1260.0,1500.0,1560.0,1080.0,900.0,1080.0,960.0,1440.0,720.0,1500.0,1200.0,1320.0,960.0,1020.0,1740.0,1380.0,1080.0,1500.0,1200.0,1140.0,1320.0
16.7,1254.0,1680.0,1440.0,1140.0,1200.0,1320.0,1260.0,1320.0,1020.0,1320.0,1440.0,1500.0,1620.0,960.0,840.0,1200.0,960.0,1500.0,600.0,1500.0,1200.0,1320.0,900.0,1080.0,1800.0,1320.0,1080.0,1380.0,1200.0,1200.0,1320.0
16.71,1258.0,1620.0,1440.0,1140.0,1080.0,1320.0,1260.0,1380.0,1080.0,1260.0,1380.0,1560.0,1680.0,1080.0,900.0,1260.0,960.0,1380.0,660.0,1500.0,1380.0,1320.0,840.0,1080.0,1740.0,1320.0,1080.0,1380.0,1200.0,1200.0,1260.0
16.72,1254.0,1560.0,1500.0,1140.0,960.0,1320.0,1260.0,1380.0,1080.0,1200.0,1320.0,1560.0,1740.0,1080.0,1020.0,1320.0,1020.0,1440.0,720.0,1320.0,1200.0,1320.0,780.0,1080.0,1680.0,1380.0,1140.0,1380.0,1320.0,1200.0,1200.0
16.73,1242.0,1500.0,1500.0,1080.0,900.0,1440.0,1200.0,1320.0,1080.0,1260.0,1260.0,1620.0,1680.0,1080.0,960.0,1260.0,1080.0,1380.0,600.0,1260.0,1200.0,1320.0,960.0,1080.0,1740.0,1440.0,1140.0,1260.0,1320.0,1140.0,1200.0
16.740000000000002,1240.0,1500.0,1380.0,1080.0,900.0,1500.0,1200.0,1320.0,1020.0,1320.0,1260.0,1620.0,1740.0,1080.0,900.0,1200.0,1140.0,1380.0,660.0,1140.0,1200.0,1260.0,1020.0,1080.0,1860.0,1320.0,1260.0,1140.0,1320.0,1200.0,1200.0
16.75,1216.0,1440.0,1380.0,1080.0,960.0,1440.0,1140.0,1260.0,1020.0,1260.0,1260.0,1500.0,1680.0,1140.0,900.0,1140.0,1200.0,1200.0,720.0,1140.0,1140.0,1200.0,1020.0,960.0,1860.0,1320.0,1260.0,1140.0,1320.0,1260.0,1140.0
16.76,1206.0,1320.0,1380.0,1080.0,900.0,1440.0,1200.0,1260.0,1020.0,1380.0,1260.0,1560.0,1560.0,1140.0,840.0,1020.0,1200.0,1320.0,840.0,1080.0,1080.0,1200.0,1080.0,840.0,1800.0,1320.0,1200.0,1140.0,1320.0,1260.0,1140.0
16.77,1210.0,1320.0,1440.0,1080.0,900.0,1500.0,1140.0,1260.0,1080.0,1380.0,1200.0,1500.0,1560.0,1080.0,780.0,1020.0,1200.0,1260.0,840.0,1080.0,1020.0,1320.0,1080.0,840.0,1740.0,1380.0,1260.0,1140.0,1260.0,1440.0,1200.0
16.78,1224.0,1380.0,1620.0,1020.0,900.0,1560.0,1080.0,1320.0,1140.0,1380.0,1200.0,1500.0,1500.0,1260.0,780.0,1080.0,1080.0,1260.0,840.0,960.0,960.0,1380.0,1080.0,900.0,1680.0,1320.0,1320.0,1080.0,1380.0,1440.0,1320.0
16.79,1242.0,1380.0,1680.0,1020.0,840.0,1500.0,1080.0,1380.0,1140.0,1260.0,1140.0,1620.0,1560.0,1440.0,960.0,1080.0,1020.0,1260.0,900.0,960.0,1020.0,1320.0,1140.0,900.0,1740.0,1260.0,1380.0,1080.0,1440.0,1500.0,1260.0
16.8,1252.0,1500.0,1680.0,1020.0,900.0,1500.0,1080.0,1320.0,1200.0,1260.0,1260.0,1620.0,1500.0,1380.0,960.0,1020.0,1020.0,1260.0,1020.0,900.0,1020.0,1440.0,1140.0,960.0,1680.0,1260.0,1380.0,1080.0,1500.0,1380.0,1320.0
16.81,1268.0,1440.0,1680.0,1020.0,900.0,1560.0,1320.0,1320.0,1200.0,1200.0,1200.0,1560.0,1500.0,1380.0,1080.0,1020.0,1020.0,1380.0,1020.0,960.0,1080.0,1440.0,1260.0,1080.0,1560.0,1320.0,1440.0,1080.0,1500.0,1200.0,1320.0
16.82,1262.0,1440.0,1620.0,1020.0,900.0,1440.0,1260.0,1260.0,1260.0,1140.0,1260.0,1500.0,1620.0,1380.0,1080.0,960.0,1020.0,1320.0,1080.0,1020.0,1020.0,1440.0,1260.0,1140.0,1440.0,1380.0,1500.0,1140.0,1500.0,1140.0,1320.0
16.830000000000002,1270.0,1380.0,1680.0,1080.0,840.0,1380.0,1320.0,1320.0,1380.0,1080.0,1080.0,1500.0,1680.0,1320.0,1140.0,960.0,960.0,1320.0,1020.0,1020.0,1020.0,1380.0,1440.0,1200.0,1440.0,1440.0,1560.0,1200.0,1560.0,1080.0,1320.0
16.84,1272.0,1380.0,1860.0,960.0,840.0,1440.0,1320.0,1440.0,1320.0,1080.0,1020.0,1320.0,1680.0,1200.0,1200.0,1080.0,960.0,1320.0,1080.0,900.0,840.0,1440.0,1500.0,1140.0,1380.0,1380.0,1620.0,1200.0,1740.0,1140.0,1380.0
16.85,1250.0,1380.0,1740.0,900.0,780.0,1500.0,1380.0,1380.0,1320.0,1080.0,960.0,1320.0,1560.0,1200.0,1380.0,1140.0,900.0,1140.0,960.0,780.0,900.0,1440.0,1440.0,1260.0,1320.0,1380.0,1560.0,1200.0,1740.0,1020.0,1440.0
16.86,1252.0,1440.0,1740.0,780.0,900.0,1560.0,1440.0,1380.0,1260.0,1140.0,840.0,1320.0,1620.0,1140.0,1500.0,1080.0,900.0,1140.0,960.0,840.0,720.0,1380.0,1380.0,1200.0,1500.0,1380.0,1500.0,1200.0,1680.0,1140.0,1500.0
16.87,1246.0,1500.0,1680.0,720.0,900.0,1440.0,1440.0,1440.0,1260.0,1020.0,840.0,1260.0,1500.0,960.0,1560.0,1080.0,900.0,1320.0,1020.0,900.0,720.0,1380.0,1320.0,1200.0,1620.0,1440.0,1380.0,1200.0,1680.0,1140.0,1560.0
16.88,1242.0,1500.0,1500.0,660.0,900.0,1440.0,1560.0,1380.0,1260.0,960.0,900.0,1200.0,1500.0,960.0,1620.0,1200.0,900.0,1320.0,960.0,840.0,720.0,1380.0,1380.0,1200.0,1500.0,1440.0,1380.0,1320.0,1740.0,1140.0,1500.0
16.89,1262.0,1500.0,1500.0,600.0,1020.0,1440.0,1620.0,1320.0,1200.0,900.0,960.0,1200.0,1620.0,960.0,1620.0,1320.0,900.0,1380.0,900.0,1080.0,900.0,1380.0,1320.0,1200.0,1500.0,1440.0,1320.0,1260.0,1740.0,1140.0,1620.0
16.9,1272.0,1500.0,1560.0,660.0,1080.0,1320.0,1620.0,1260.0,1320.0,960.0,960.0,1260.0,1620.0,1020.0,1680.0,1320.0,960.0,1500.0,960.0,1020.0,840.0,1440.0,1320.0,1080.0,1440.0,1380.0,1260.0,1380.0,1740.0,1200.0,1500.0
16.91,1280.0,1500.0,1440.0,660.0,1080.0,1200.0,1620.0,1260.0,1320.0,960.0,1020.0,1440.0,1680.0,900.0,1680.0,1380.0,960.0,1500.0,1020.0,1020.0,900.0,1380.0,1440.0,1020.0,1440.0,1440.0,1320.0,1440.0,1740.0,1080.0,1560.0
16.92,1270.0,1440.0,1380.0,600.0,1020.0,1200.0,1620.0,1380.0,1320.0,1020.0,960.0,1440.0,1680.0,840.0,1620.0,1140.0,1080.0,1560.0,1080.0,1080.0,1020.0,1320.0,1440.0,960.0,1380.0,1440.0,1380.0,1440.0,1800.0,1080.0,1380.0
16.93,1280.0,1560.0,1440.0,780.0,1020.0,1200.0,1560.0,1260.0,1380.0,960.0,960.0,1440.0,1740.0,900.0,1740.0,1080.0,960.0,1560.0,1080.0,1080.0,1020.0,1380.0,1500.0,960.0,1320.0,1440.0,1440.0,1320.0,1800.0,1200.0,1320.0
16.94,1298.0,1560.0,1440.0,780.0,960.0,1320.0,1560.0,1380.0,1320.0,1080.0,900.0,1380.0,1860.0,960.0,1740.0,1020.0,1080.0,1620.0,1140.0,1080.0,1080.0,1380.0,1560.0,900.0,1380.0,1380.0,1320.0,1380.0,1860.0,1200.0,1320.0
16.95,1306.0,1560.0,1440.0,840.0,960.0,1140.0,1620.0,1380.0,1260.0,1080.0,840.0,1500.0,1860.0,1020.0,1740.0,960.0,1200.0,1500.0,1080.0,1140.0,1260.0,1380.0,1560.0,840.0,1440.0,1320.0,1320.0,1500.0,1860.0,1260.0,1320.0
16.96,1292.0,1500.0,1440.0,840.0,1080.0,1140.0,1560.0,1440.0,1260.0,1200.0,840.0,1440.0,1860.0,900.0,1620.0,840.0,1260.0,1560.0,1020.0,1140.0,1260.0,1380.0,1500.0,900.0,1380.0,1440.0,1320.0,1560.0,1740.0,1260.0,1080.0
16.97,1304.0,1620.0,1440.0,900.0,1080.0,1080.0,1500.0,1440.0,1380.0,1320.0,840.0,1440.0,1860.0,900.0,1440.0,780.0,1260.0,1680.0,1020.0,1200.0,1260.0,1500.0,1500.0,960.0,1560.0,1380.0,1380.0,1440.0,1620.0,1200.0,1140.0
16.98,1304.0,1560.0,1380.0,900.0,1080.0,1140.0,1380.0,1440.0,1380.0,1320.0,840.0,1560.0,1800.0,960.0,1500.0,840.0,1140.0,1620.0,1020.0,1260.0,1380.0,1440.0,1440.0,960.0,1560.0,1260.0,1320.0,1440.0,1680.0,1260.0,1260.0
16.990000000000002,1290.0,1500.0,1380.0,960.0,1140.0,1020.0,1440.0,1260.0,1320.0,1320.0,900.0,1680.0,1740.0,840.0,1380.0,840.0,1080.0,1620.0,1080.0,1200.0,1440.0,1320.0,1560.0,900.0,1620.0,1260.0,1260.0,1440.0,1620.0,1260.0,1320.0
17.0,1292.0,1380.0,1260.0,900.0,1200.0,1080.0,1380.0,1380.0,1200.0,1440.0,840.0,1680.0,1740.0,900.0,1380.0,900.0,1140.0,1740.0,1080.0,1140.0,1380.0,1380.0,1500.0,960.0,1620.0,1200.0,1320.0,1380.0,1500.0,1320.0,1440.0
17.01,1290.0,1440.0,1260.0,840.0,1260.0,1140.0,1380.0,1320.0,1260.0,1500.0,900.0,1560.0,1680.0,960.0,1320.0,900.0,1140.0,1800.0,1020.0,1140.0,1440.0,1380.0,1440.0,900.0,1500.0,1200.0,1440.0,1260.0,1500.0,1380.0,1440.0
17.02,1296.0,1380.0,1440.0,840.0,1320.0,1140.0,1320.0,1320.0,1320.0,1500.0,840.0,1560.0,1800.0,900.0,1320.0,960.0,1140.0,1740.0,1020.0,1140.0,1440.0,1380.0,1440.0,840.0,1560.0,1260.0,1440.0,1260.0,1500.0,1380.0,1380.0
17.03,1304.0,1380.0,1500.0,840.0,1380.0,1080.0,1380.0,1200.0,1320.0,1380.0,840.0,1560.0,1860.0,960.0,1380.0,960.0,1020.0,1740.0,1140.0,1140.0,1440.0,1500.0,1620.0,840.0,1500.0,1080.0,1500.0,1200.0,1500.0,1380.0,1500.0
17.04,1292.0,1260.0,1500.0,840.0,1500.0,1020.0,1320.0,1440.0,1260.0,1380.0,780.0,1620.0,1860.0,960.0,1440.0,960.0,1020.0,1620.0,1080.0,1140.0,1440.0,1440.0,1680.0,840.0,1200.0,1080.0,1440.0,1260.0,1560.0,1380.0,1440.0
17.05,1306.0,1260.0,1500.0,840.0,1560.0,1080.0,1320.0,1500.0,1440.0,1380.0,660.0,1680.0,1800.0,900.0,1380.0,1020.0,1080.0,1620.0,1080.0,1200.0,1440.0,1440.0,1680.0,900.0,1200.0,1200.0,1440.0,1260.0,1440.0,1440.0,1440.0
17.06,1304.0,1200.0,1440.0,840.0,1500.0,1140.0,1320.0,1380.0,1380.0,1380.0,780.0,1680.0,1800.0,840.0,1440.0,1020.0,1080.0,1620.0,1020.0,1140.0,1320.0,1440.0,1680.0,960.0,1260.0,1380.0,1440.0,1320.0,1380.0,1440.0,1500.0
17.07,1298.0,960.0,1440.0,840.0,1500.0,1260.0,1080.0,1560.0,1380.0,1380.0,840.0,1620.0,1800.0,900.0,1380.0,1020.0,1020.0,1620.0,960.0,1140.0,1320.0,1320.0,1680.0,1020.0,1380.0,1380.0,1500.0,1380.0,1380.0,1560.0,1320.0
17.080000000000002,1280.0,900.0,1440.0,780.0,1440.0,1260.0,1140.0,1560.0,1320.0,1320.0,840.0,1740.0,1620.0,900.0,1380.0,900.0,1020.0,1620.0,1080.0,1140.0,1260.0,1260.0,1740.0,960.0,1260.0,1440.0,1440.0,1440.0,1380.0,1560.0,1260.0
17.09,1276.0,840.0,1440.0,780.0,1500.0,1260.0,1080.0,1560.0,1380.0,1260.0,840.0,1740.0,1440.0,960.0,1380.0,960.0,1020.0,1680.0,1020.0,1200.0,1320.0,1380.0,1680.0,1020.0,1320.0,1440.0,1380.0,1440.0,1260.0,1440.0,1260.0
17.1,1264.0,900.0,1440.0,780.0,1500.0,1380.0,960.0,1500.0,1380.0,1260.0,840.0,1800.0,1560.0,960.0,1200.0,960.0,1140.0,1740.0,900.0,1260.0,1380.0,1500.0,1500.0,1020.0,1320.0,1440.0,1140.0,1380.0,1200.0,1380.0,1200.0
17.11,1270.0,900.0,1500.0,900.0,1560.0,1500.0,1020.0,1500.0,1380.0,1440.0,720.0,1800.0,1560.0,1020.0,1320.0,960.0,1140.0,1620.0,900.0,1260.0,1380.0,1440.0,1380.0,1020.0,1320.0,1440.0,1140.0,1380.0,1020.0,1260.0,1320.0
17.12,1266.0,1020.0,1440.0,900.0,1620.0,1440.0,1140.0,1500.0,1380.0,1380.0,780.0,1800.0,1440.0,1080.0,1380.0,900.0,1140.0,1380.0,960.0,1260.0,1500.0,1380.0,1380.0,960.0,1320.0,1380.0,1140.0,1320.0,1020.0,1320.0,1320.0
17.13,1270.0,1020.0,1320.0,960.0,1560.0,1380.0,1080.0,1560.0,1380.0,1260.0,780.0,1920.0,1440.0,1140.0,1380.0,1020.0,1080.0,1380.0,960.0,1080.0,1380.0,1260.0,1320.0,1020.0,1380.0,1320.0,1320.0,1440.0,1080.0,1560.0,1320.0
17.14,1266.0,1020.0,1380.0,1140.0,1620.0,1260.0,1140.0,1620.0,1440.0,1140.0,840.0,1800.0,1500.0,1080.0,1320.0,960.0,1080.0,1200.0,960.0,1080.0,1320.0,1140.0,1260.0,1020.0,1440.0,1260.0,1260.0,1440.0,1320.0,1620.0,1320.0
17.150000000000002,1266.0,1020.0,1380.0,1200.0,1680.0,1320.0,1200.0,1680.0,1380.0,1200.0,660.0,1680.0,1440.0,1080.0,1260.0,1020.0,1140.0,1140.0,960.0,1140.0,1260.0,1140.0,1320.0,1020.0,1440.0,1320.0,1200.0,1500.0,1260.0,1680.0,1260.0
17.16,1296.0,960.0,1380.0,1200.0,1560.0,1440.0,1320.0,1740.0,1500.0,1260.0,780.0,1740.0,1440.0,1140.0,1200.0,1140.0,1140.0,1140.0,900.0,1200.0,1260.0,1140.0,1320.0,960.0,1500.0,1380.0,1260.0,1560.0,1320.0,1740.0,1260.0
17.17,1312.0,960.0,1440.0,1260.0,1620.0,1440.0,1440.0,1740.0,1560.0,1260.0,840.0,1620.0,1440.0,1260.0,1320.0,1320.0,1080.0,1080.0,900.0,1080.0,1140.0,1140.0,1260.0,1080.0,1440.0,1380.0,1260.0,1620.0,1380.0,1740.0,1260.0
17.18,1302.0,960.0,1560.0,1200.0,1620.0,1440.0,1440.0,1740.0,1680.0,1260.0,840.0,1620.0,1380.0,1200.0,1260.0,1260.0,1020.0,960.0,900.0,1080.0,1260.0,1140.0,1260.0,1080.0,1440.0,1260.0,1320.0,1620.0,1380.0,1680.0,1200.0
17.19,1286.0,1020.0,1560.0,1200.0,1560.0,1440.0,1320.0,1680.0,1740.0,1200.0,780.0,1620.0,1260.0,1260.0,1260.0,1080.0,1020.0,960.0,960.0,960.0,1260.0,1200.0,1320.0,1080.0,1320.0,1260.0,1200.0,1680.0,1380.0,1680.0,1320.0
17.2,1280.0,1020.0,1440.0,1200.0,1500.0,1380.0,1200.0,1800.0,1620.0,1200.0,720.0,1680.0,1200.0,1200.0,1200.0,1140.0,960.0,1020.0,1020.0,1080.0,1260.0,1260.0,1380.0,1080.0,1260.0,1140.0,1200.0,1680.0,1440.0,1680.0,1440.0
17.21,1292.0,1020.0,1380.0,1200.0,1500.0,1380.0,1320.0,1800.0,1500.0,1200.0,720.0,1620.0,1260.0,1200.0,1140.0,1140.0,1140.0,1140.0,960.0,1020.0,1380.0,1260.0,1260.0,1080.0,1320.0,1140.0,1140.0,1800.0,1440.0,1680.0,1620.0
17.22,1304.0,1020.0,1380.0,1200.0,1560.0,1380.0,1380.0,1740.0,1800.0,1200.0,840.0,1500.0,1080.0,1260.0,1260.0,1020.0,1140.0,1200.0,900.0,1020.0,1440.0,1260.0,1260.0,1080.0,1320.0,1260.0,1140.0,1680.0,1380.0,1860.0,1560.0
17.23,1298.0,1080.0,1500.0,1260.0,1500.0,1440.0,1260.0,1740.0,1860.0,1080.0,960.0,1440.0,1080.0,1320.0,1140.0,1080.0,1200.0,1200.0,900.0,1080.0,1440.0,1140.0,1200.0,1080.0,1320.0,1260.0,1020.0,1800.0,1260.0,1800.0,1500.0
17.240000000000002,1302.0,1140.0,1620.0,1200.0,1440.0,1440.0,1320.0,1800.0,1920.0,1080.0,1020.0,1440.0,1080.0,1260.0,1140.0,1020.0,1020.0,1200.0,960.0,1140.0,1440.0,1200.0,1140.0,1080.0,1320.0,1320.0,1080.0,1800.0,1200.0,1800.0,1440.0
17.25,1308.0,1200.0,1680.0,1260.0,1500.0,1320.0,1380.0,1620.0,1980.0,1080.0,1020.0,1560.0,1080.0,1260.0,1140.0,1020.0,960.0,1320.0,960.0,1080.0,1440.0,1200.0,1200.0,1020.0,1380.0,1200.0,1020.0,1860.0,1260.0,1800.0,1440.0
17.26,1314.0,1080.0,1740.0,1260.0,1560.0,1260.0,1440.0,1680.0,2100.0,1140.0,1080.0,1440.0,960.0,1320.0,1140.0,1080.0,1020.0,1200.0,1020.0,1020.0,1560.0,1200.0,1200.0,1020.0,1380.0,1200.0,1020.0,1740.0,1320.0,1800.0,1440.0
17.27,1308.0,1140.0,1860.0,1200.0,1560.0,1320.0,1440.0,1500.0,1980.0,1140.0,1080.0,1380.0,960.0,1320.0,1140.0,1020.0,960.0,1200.0,1140.0,1080.0,1560.0,1080.0,1200.0,1020.0,1380.0,1140.0,1020.0,1740.0,1320.0,1860.0,1500.0
17.28,1328.0,1080.0,1800.0,1200.0,1560.0,1380.0,1440.0,1440.0,2040.0,1320.0,1140.0,1380.0,1080.0,1380.0,1140.0,1080.0,960.0,1200.0,1200.0,1080.0,1560.0,1140.0,1140.0,1020.0,1560.0,1260.0,1020.0,1680.0,1260.0,1920.0,1380.0
17.29,1336.0,1020.0,1740.0,1200.0,1560.0,1320.0,1500.0,1440.0,2040.0,1260.0,1080.0,1380.0,1080.0,1380.0,1080.0,1080.0,960.0,1200.0,1320.0,1140.0,1560.0,1140.0,1080.0,1020.0,1680.0,1380.0,1020.0,1740.0,1320.0,1980.0,1380.0
17.3,1344.0,1080.0,1740.0,1140.0,1560.0,1320.0,1440.0,1620.0,2040.0,1260.0,1020.0,1320.0,1140.0,1380.0,1080.0,1020.0,900.0,1260.0,1440.0,1200.0,1500.0,1260.0,1080.0,1140.0,1680.0,1320.0,900.0,1740.0,1320.0,1920.0,1500.0
17.31,1352.0,1140.0,1800.0,1080.0,1740.0,1080.0,1380.0,1560.0,1980.0,1260.0,1020.0,1380.0,1260.0,1380.0,1080.0,1080.0,960.0,1320.0,1320.0,1320.0,1500.0,1260.0,1200.0,1140.0,1680.0,1200.0,1080.0,1740.0,1320.0,1800.0,1500.0
17.32,1350.0,1200.0,1740.0,1020.0,1680.0,1140.0,1380.0,1500.0,2040.0,1260.0,1080.0,1320.0,1380.0,1440.0,1140.0,1200.0,960.0,1320.0,1320.0,1380.0,1500.0,1260.0,1260.0,1080.0,1620.0,1140.0,1080.0,1740.0,1140.0,1800.0,1380.0
17.330000000000002,1374.0,1260.0,1680.0,1140.0,1560.0,1140.0,1680.0,1740.0,1980.0,1260.0,1080.0,1320.0,1320.0,1440.0,1080.0,1140.0,960.0,1500.0,1380.0,1500.0,1560.0,1200.0,1260.0,1080.0,1620.0,1200.0,1080.0,1800.0,1080.0,1800.0,1380.0
17.34,1354.0,1260.0,1620.0,1200.0,1500.0,1200.0,1680.0,1560.0,2100.0,1200.0,1140.0,1380.0,1320.0,1320.0,1020.0,1140.0,960.0,1560.0,1380.0,1500.0,1560.0,1140.0,1200.0,1080.0,1620.0,1200.0,1080.0,1440.0,1080.0,1860.0,1320.0
17.35,1344.0,1380.0,1560.0,1080.0,1380.0,1200.0,1680.0,1440.0,2100.0,1200.0,1200.0,1380.0,1260.0,1320.0,960.0,1140.0,960.0,1680.0,1440.0,1500.0,1500.0,1080.0,1200.0,1080.0,1620.0,1080.0,1140.0,1560.0,1080.0,1800.0,1320.0
17.36,1370.0,1500.0,1620.0,1080.0,1380.0,1200.0,1680.0,1560.0,2040.0,1260.0,1200.0,1320.0,1260.0,1380.0,1080.0,1140.0,1020.0,1620.0,1620.0,1500.0,1500.0,1260.0,1200.0,1020.0,1560.0,1200.0,1080.0,1620.0,1080.0,1740.0,1380.0
17.37,1350.0,1560.0,1620.0,1080.0,1320.0,1200.0,1440.0,1560.0,2100.0,1080.0,1080.0,1380.0,1320.0,1140.0,1140.0,1020.0,1140.0,1500.0,1680.0,1560.0,1500.0,1260.0,1140.0,960.0,1680.0,1260.0,1080.0,1680.0,1020.0,1560.0,1440.0
17.38,1344.0,1440.0,1560.0,960.0,1320.0,1200.0,1380.0,1440.0,1980.0,1080.0,1140.0,1380.0,1260.0,1260.0,1140.0,1020.0,1140.0,1500.0,1620.0,1500.0,1440.0,1320.0,1140.0,960.0,1800.0,1200.0,1200.0,1680.0,1140.0,1620.0,1500.0
17.39,1344.0,1380.0,1620.0,1020.0,1320.0,1200.0,1380.0,1560.0,1860.0,1020.0,1140.0,1380.0,1260.0,1260.0,1080.0,1140.0,1140.0,1620.0,1620.0,1560.0,1440.0,1260.0,1140.0,900.0,1740.0,1320.0,1200.0,1680.0,1020.0,1680.0,1380.0
17.400000000000002,1344.0,1440.0,1620.0,1020.0,1380.0,1140.0,1260.0,1500.0,1740.0,1020.0,1080.0,1380.0,1200.0,1140.0,1020.0,1080.0,1200.0,1680.0,1620.0,1620.0,1380.0,1260.0,1140.0,840.0,1860.0,1380.0,1260.0,1740.0,1080.0,1800.0,1440.0
17.41,1364.0,1440.0,1680.0,1020.0,1320.0,1200.0,1260.0,1500.0,1740.0,960.0,1080.0,1380.0,1200.0,1320.0,1080.0,1080.0,1200.0,1800.0,1620.0,1740.0,1320.0,1260.0,1260.0,960.0,1560.0,1440.0,1380.0,1740.0,1020.0,1860.0,1500.0
17.42,1358.0,1440.0,1620.0,960.0,1440.0,1200.0,1140.0,1500.0,1680.0,1020.0,1080.0,1260.0,1320.0,1320.0,900.0,1080.0,1320.0,1800.0,1620.0,1740.0,1320.0,1260.0,1260.0,1020.0,1560.0,1320.0,1440.0,1740.0,960.0,1860.0,1560.0
17.43,1372.0,1440.0,1560.0,960.0,1440.0,1080.0,1140.0,1440.0,1620.0,1200.0,1140.0,1200.0,1380.0,1440.0,1020.0,1080.0,1440.0,1860.0,1740.0,1680.0,1260.0,1260.0,1320.0,1020.0,1680.0,1320.0,1380.0,1620.0,960.0,1800.0,1680.0
17.44,1400.0,1500.0,1620.0,1020.0,1320.0,1200.0,1140.0,1560.0,1680.0,1140.0,1080.0,1200.0,1320.0,1500.0,1200.0,1140.0,1500.0,1980.0,1620.0,1740.0,1260.0,1200.0,1440.0,1260.0,1680.0,1320.0,1380.0,1560.0,1140.0,1680.0,1620.0
17.45,1398.0,1500.0,1440.0,1140.0,1320.0,1200.0,1020.0,1440.0,1680.0,1080.0,1080.0,1380.0,1260.0,1440.0,1320.0,1260.0,1500.0,1800.0,1740.0,1740.0,1320.0,1140.0,1500.0,1200.0,1800.0,1440.0,1380.0,1440.0,1140.0,1680.0,1560.0
17.46,1396.0,1500.0,1440.0,1140.0,1320.0,1260.0,1200.0,1440.0,1800.0,1080.0,1140.0,1320.0,1200.0,1320.0,1440.0,1260.0,1500.0,1800.0,1680.0,1620.0,1320.0,1200.0,1440.0,1200.0,1740.0,1560.0,1380.0,1380.0,1140.0,1620.0,1440.0
17.47,1414.0,1380.0,1500.0,1140.0,1500.0,1260.0,1320.0,1440.0,1860.0,1020.0,1140.0,1440.0,1140.0,1320.0,1500.0,1440.0,1500.0,1800.0,1800.0,1620.0,1320.0,1200.0,1500.0,1200.0,1680.0,1560.0,1320.0,1440.0,1080.0,1620.0,1380.0
17.48,1414.0,1320.0,1500.0,1200.0,1560.0,1260.0,1260.0,1380.0,1860.0,960.0,1020.0,1500.0,1140.0,1200.0,1440.0,1380.0,1440.0,1860.0,1860.0,1560.0,1320.0,1200.0,1620.0,1260.0,1620.0,1560.0,1320.0,1440.0,1140.0,1740.0,1500.0
17.490000000000002,1432.0,1320.0,1500.0,1320.0,1560.0,1320.0,1140.0,1320.0,1860.0,1080.0,1020.0,1440.0,1260.0,1200.0,1500.0,1380.0,1320.0,1920.0,1920.0,1500.0,1320.0,1320.0,1620.0,1320.0,1620.0,1620.0,1380.0,1380.0,1200.0,1800.0,1500.0
17.5,1436.0,1320.0,1500.0,1200.0,1560.0,1380.0,1140.0,1140.0,1620.0,1080.0,1080.0,1500.0,1380.0,1260.0,1560.0,1440.0,1380.0,1980.0,1920.0,1560.0,1320.0,1320.0,1680.0,1440.0,1500.0,1680.0,1260.0,1440.0,1140.0,1860.0,1440.0
17.51,1446.0,1440.0,1320.0,1380.0,1680.0,1440.0,1260.0,1260.0,1440.0,1140.0,1080.0,1440.0,1380.0,1440.0,1500.0,1440.0,1320.0,1860.0,1860.0,1680.0,1320.0,1200.0,1740.0,1380.0,1560.0,1620.0,1320.0,1500.0,1140.0,1740.0,1500.0
17.52,1430.0,1500.0,1320.0,1320.0,1740.0,1440.0,1260.0,1260.0,1500.0,1080.0,1080.0,1380.0,1200.0,1500.0,1380.0,1260.0,1260.0,1920.0,1800.0,1680.0,1320.0,1200.0,1680.0,1500.0,1560.0,1560.0,1320.0,1380.0,1140.0,1920.0,1440.0
17.53,1464.0,1380.0,1380.0,1320.0,1740.0,1380.0,1140.0,1260.0,1440.0,1080.0,1140.0,1440.0,1200.0,1620.0,1380.0,1260.0,1320.0,1980.0,1740.0,1560.0,1380.0,1380.0,1680.0,1500.0,1620.0,1620.0,1380.0,1500.0,1320.0,2340.0,1440.0
17.54,1450.0,1500.0,1320.0,1200.0,1740.0,1260.0,1140.0,1260.0,1380.0,1140.0,1260.0,1440.0,1200.0,1620.0,1320.0,1260.0,1380.0,2040.0,1620.0,1380.0,1320.0,1380.0,1680.0,1620.0,1500.0,1740.0,1380.0,1620.0,1260.0,2220.0,1320.0
17.55,1458.0,1440.0,1260.0,1140.0,1680.0,1260.0,1140.0,1260.0,1320.0,1380.0,1260.0,1620.0,1260.0,1740.0,1320.0,1200.0,1440.0,1980.0,1800.0,1440.0,1260.0,1380.0,1620.0,1620.0,1560.0,1620.0,1440.0,1620.0,1200.0,2160.0,1320.0
17.56,1462.0,1500.0,1320.0,1080.0,1620.0,1200.0,1260.0,1260.0,1200.0,1500.0,1260.0,1680.0,1260.0,1740.0,1260.0,1320.0,1440.0,2040.0,1800.0,1320.0,1260.0,1440.0,1500.0,1740.0,1560.0,1740.0,1380.0,1620.0,1200.0,2040.0,1320.0
17.57,1468.0,1500.0,1260.0,1080.0,1620.0,1200.0,1320.0,1440.0,1200.0,1500.0,1260.0,1620.0,1260.0,1740.0,1260.0,1140.0,1560.0,2040.0,1800.0,1440.0,1320.0,1500.0,1440.0,1800.0,1620.0,1680.0,1440.0,1560.0,1260.0,1980.0,1200.0
17.580000000000002,1478.0,1500.0,1320.0,1080.0,1500.0,1140.0,1380.0,1440.0,1200.0,1560.0,1320.0,1680.0,1320.0,1740.0,1200.0,1200.0,1560.0,2100.0,1800.0,1440.0,1320.0,1440.0,1320.0,1740.0,1620.0,1680.0,1500.0,1560.0,1200.0,2160.0,1320.0
17.59,1474.0,1560.0,1200.0,1200.0,1500.0,1140.0,1440.0,1440.0,1080.0,1560.0,1260.0,1560.0,1320.0,1680.0,1320.0,1200.0,1500.0,2100.0,1800.0,1200.0,1500.0,1380.0,1380.0,1860.0,1620.0,1800.0,1560.0,1500.0,960.0,2280.0,1320.0
17.6,1494.0,1500.0,1320.0,1260.0,1500.0,1260.0,1620.0,1380.0,1020.0,1500.0,1440.0,1560.0,1380.0,1560.0,1320.0,1260.0,1560.0,2160.0,1860.0,1200.0,1440.0,1380.0,1380.0,1920.0,1740.0,1800.0,1500.0,1440.0,900.0,2340.0,1320.0
17.61,1474.0,1380.0,1260.0,1440.0,1500.0,1080.0,1560.0,1320.0,1020.0,1560.0,1380.0,1560.0,1380.0,1620.0,1320.0,1380.0,1560.0,2100.0,1800.0,1200.0,1440.0,1380.0,1380.0,1920.0,1620.0,1800.0,1500.0,1380.0,960.0,2160.0,1260.0
17.62,1460.0,1380.0,1380.0,1440.0,1440.0,1020.0,1740.0,1260.0,1200.0,1560.0,1260.0,1620.0,1320.0,1560.0,1320.0,1380.0,1560.0,1980.0,1680.0,1260.0,1500.0,1380.0,1320.0,1800.0,1500.0,1740.0,1560.0,1260.0,960.0,2160.0,1260.0
17.63,1476.0,1320.0,1440.0,1500.0,1560.0,1020.0,1740.0,1200.0,1200.0,1620.0,1380.0,1620.0,1320.0,1560.0,1320.0,1380.0,1560.0,2040.0,1740.0,1320.0,1560.0,1200.0,1320.0,1860.0,1440.0,1980.0,1440.0,1260.0,1020.0,2040.0,1320.0
17.64,1458.0,1260.0,1440.0,1560.0,1620.0,1020.0,1680.0,1320.0,1080.0,1680.0,1380.0,1740.0,1320.0,1620.0,1320.0,1380.0,1500.0,1980.0,1740.0,1380.0,1620.0,1140.0,1020.0,1800.0,1380.0,1980.0,1440.0,1200.0,960.0,1980.0,1200.0
17.650000000000002,1470.0,1440.0,1500.0,1620.0,1440.0,1020.0,1680.0,1260.0,1200.0,1560.0,1380.0,1740.0,1440.0,1740.0,1380.0,1440.0,1560.0,1860.0,1860.0,1260.0,1620.0,1140.0,1020.0,1740.0,1380.0,1920.0,1560.0,1260.0,1020.0,1980.0,1080.0
17.66,1474.0,1380.0,1440.0,1620.0,1440.0,1020.0,1680.0,1260.0,1380.0,1680.0,1440.0,1680.0,1500.0,1740.0,1380.0,1560.0,1620.0,1860.0,1800.0,1320.0,1440.0,1020.0,1080.0,1800.0,1320.0,1860.0,1440.0,1320.0,1020.0,1980.0,1140.0
17.67,1484.0,1440.0,1560.0,1500.0,1500.0,1020.0,1800.0,1320.0,1320.0,1740.0,1440.0,1620.0,1560.0,1620.0,1500.0,1560.0,1620.0,1800.0,1920.0,1320.0,1440.0,1080.0,1080.0,1800.0,1260.0,1800.0,1440.0,1320.0,1020.0,1920.0,1200.0
17.68,1494.0,1500.0,1620.0,1560.0,1500.0,1080.0,1860.0,1260.0,1440.0,1680.0,1380.0,1680.0,1740.0,1560.0,1500.0,1620.0,1620.0,1620.0,1920.0,1200.0,1500.0,1080.0,1140.0,1800.0,1320.0,1740.0,1380.0,1380.0,960.0,1920.0,1260.0
17.69,1492.0,1620.0,1680.0,1620.0,1380.0,1020.0,1920.0,1200.0,1380.0,1800.0,1380.0,1680.0,1680.0,1560.0,1500.0,1440.0,1500.0,1560.0,2100.0,1200.0,1440.0,1080.0,1200.0,1740.0,1260.0,1740.0,1440.0,1500.0,900.0,2040.0,1200.0
17.7,1512.0,1560.0,1740.0,1680.0,1440.0,1020.0,2100.0,1200.0,1440.0,1740.0,1380.0,1680.0,1740.0,1440.0,1500.0,1500.0,1560.0,1620.0,2100.0,1140.0,1380.0,1020.0,1260.0,1800.0,1260.0,1740.0,1560.0,1620.0,840.0,2100.0,1200.0
17.71,1482.0,1560.0,1920.0,1620.0,1440.0,960.0,2160.0,1200.0,1440.0,1740.0,1200.0,1680.0,1680.0,1440.0,1440.0,1500.0,1560.0,1620.0,1920.0,1140.0,1320.0,960.0,1200.0,1680.0,1200.0,1740.0,1500.0,1620.0,840.0,2040.0,1140.0
17.72,1478.0,1560.0,1860.0,1740.0,1440.0,960.0,2160.0,1200.0,1500.0,1680.0,1080.0,1800.0,1620.0,1560.0,1440.0,1500.0,1440.0,1440.0,1980.0,1200.0,1260.0,1020.0,1140.0,1620.0,1200.0,1740.0,1500.0,1680.0,900.0,1980.0,1140.0
17.73,1494.0,1680.0,1800.0,1620.0,1440.0,960.0,2160.0,1200.0,1440.0,1560.0,1020.0,1920.0,1620.0,1680.0,1440.0,1440.0,1500.0,1560.0,2040.0,1260.0,1440.0,1080.0,1260.0,1620.0,1260.0,1740.0,1500.0,1620.0,900.0,1860.0,1200.0
17.740000000000002,1478.0,1740.0,1740.0,1560.0,1320.0,960.0,2220.0,1200.0,1500.0,1620.0,1020.0,1860.0,1680.0,1740.0,1380.0,1440.0,1560.0,1560.0,1920.0,1080.0,1500.0,1200.0,1260.0,1560.0,1200.0,1680.0,1440.0,1560.0,900.0,1800.0,1140.0
17.75,1496.0,1800.0,1800.0,1500.0,1380.0,1020.0,2340.0,1320.0,1500.0,1620.0,1020.0,1860.0,1800.0,1740.0,1500.0,1500.0,1560.0,1500.0,1860.0,1080.0,1500.0,1260.0,1260.0,1560.0,1380.0,1680.0,1440.0,1440.0,840.0,1740.0,1080.0
17.76,1486.0,1800.0,1860.0,1560.0,1380.0,1020.0,2280.0,1320.0,1500.0,1680.0,1080.0,1860.0,1560.0,1560.0,1500.0,1500.0,1680.0,1440.0,1740.0,1140.0,1620.0,1320.0,1260.0,1560.0,1260.0,1680.0,1560.0,1440.0,780.0,1620.0,1020.0
17.77,1472.0,1800.0,1860.0,1500.0,1440.0,1020.0,2280.0,1320.0,1500.0,1560.0,1020.0,1920.0,1440.0,1560.0,1440.0,1620.0,1740.0,1440.0,1620.0,1080.0,1620.0,1320.0,1200.0,1560.0,1260.0,1680.0,1500.0,1380.0,840.0,1620.0,1020.0
17.78,1432.0,1740.0,1740.0,1680.0,1440.0,960.0,2100.0,1140.0,1620.0,1440.0,1020.0,1920.0,1380.0,1440.0,1440.0,1500.0,1800.0,1440.0,1560.0,1080.0,1620.0,1260.0,1200.0,1500.0,1260.0,1500.0,1440.0,1320.0,1020.0,1560.0,840.0
17.79,1424.0,1560.0,1860.0,1680.0,1500.0,1020.0,2160.0,1200.0,1620.0,1320.0,1080.0,1860.0,1320.0,1320.0,1440.0,1440.0,1920.0,1380.0,1500.0,1020.0,1560.0,1260.0,1200.0,1500.0,1140.0,1440.0,1560.0,1380.0,960.0,1680.0,840.0
17.8,1428.0,1440.0,1740.0,1680.0,1380.0,1140.0,1980.0,1140.0,1860.0,1320.0,1260.0,1860.0,1440.0,1260.0,1440.0,1500.0,1980.0,1440.0,1320.0,1140.0,1440.0,1320.0,1140.0,1560.0,1140.0,1440.0,1560.0,1440.0,960.0,1740.0,780.0
17.81,1450.0,1380.0,1740.0,1740.0,1560.0,1140.0,1980.0,1200.0,1920.0,1440.0,1320.0,1860.0,1380.0,1260.0,1500.0,1560.0,1980.0,1380.0,1260.0,1140.0,1500.0,1260.0,1260.0,1560.0,1140.0,1560.0,1620.0,1500.0,960.0,1620.0,780.0
17.82,1438.0,1380.0,1740.0,1860.0,1500.0,1140.0,1980.0,1200.0,1920.0,1440.0,1260.0,1980.0,1260.0,1140.0,1500.0,1560.0,2040.0,1380.0,1260.0,1140.0,1440.0,1260.0,1140.0,1500.0,1200.0,1560.0,1620.0,1380.0,1020.0,1560.0,780.0
17.830000000000002,1440.0,1440.0,1680.0,1860.0,1500.0,1080.0,1860.0,1260.0,1920.0,1500.0,1260.0,1920.0,1320.0,1200.0,1440.0,1680.0,2100.0,1440.0,1260.0,1080.0,1500.0,1320.0,1080.0,1500.0,1020.0,1800.0,1500.0,1440.0,1020.0,1500.0,720.0
17.84,1454.0,1560.0,1560.0,1860.0,1440.0,1080.0,2100.0,1320.0,1980.0,1560.0,1260.0,1800.0,1380.0,1260.0,1440.0,1680.0,2100.0,1500.0,1200.0,1080.0,1560.0,1260.0,1080.0,1440.0,1080.0,1800.0,1500.0,1440.0,960.0,1440.0,900.0
17.85,1442.0,1500.0,1620.0,1740.0,1380.0,1020.0,2160.0,1320.0,1980.0,1680.0,1140.0,1740.0,1380.0,1320.0,1440.0,1740.0,2160.0,1500.0,1260.0,1080.0,1380.0,1260.0,1080.0,1380.0,1080.0,1740.0,1560.0,1500.0,960.0,1440.0,720.0
17.86,1428.0,1500.0,1560.0,1560.0,1500.0,840.0,2160.0,1380.0,1740.0,1800.0,1140.0,1800.0,1380.0,1260.0,1560.0,1800.0,2220.0,1560.0,1320.0,1140.0,1380.0,1260.0,1140.0,1260.0,1020.0,1740.0,1440.0,1440.0,960.0,1380.0,600.0
17.87,1408.0,1500.0,1440.0,1560.0,1560.0,840.0,2340.0,1320.0,1620.0,1740.0,1200.0,1800.0,1320.0,1140.0,1500.0,1740.0,2100.0,1500.0,1260.0,1200.0,1260.0,1320.0,1200.0,1260.0,1020.0,1740.0,1380.0,1380.0,1020.0,1380.0,600.0
17.88,1406.0,1440.0,1380.0,1500.0,1560.0,840.0,2280.0,1380.0,1620.0,1800.0,1260.0,1800.0,1260.0,1260.0,1500.0,1740.0,1920.0,1560.0,1380.0,1140.0,1260.0,1260.0,1200.0,1320.0,1080.0,1740.0,1440.0,1380.0,1020.0,1260.0,600.0
17.89,1394.0,1380.0,1380.0,1380.0,1560.0,900.0,2340.0,1320.0,1560.0,1800.0,1200.0,1860.0,1200.0,1200.0,1500.0,1860.0,2040.0,1500.0,1380.0,1140.0,1320.0,1140.0,1260.0,1200.0,1200.0,1560.0,1380.0,1440.0,900.0,1320.0,600.0
17.900000000000002,1404.0,1320.0,1440.0,1440.0,1560.0,780.0,2280.0,1380.0,1560.0,1920.0,1380.0,1800.0,1320.0,1140.0,1560.0,1740.0,1980.0,1620.0,1380.0,1080.0,1320.0,1140.0,1200.0,1260.0,1140.0,1620.0,1380.0,1500.0,900.0,1380.0,600.0
17.91,1408.0,1500.0,1380.0,1440.0,1440.0,780.0,2160.0,1260.0,1560.0,2100.0,1260.0,1920.0,1440.0,1140.0,1560.0,1680.0,2100.0,1620.0,1320.0,1020.0,1380.0,1140.0,1140.0,1320.0,1200.0,1560.0,1260.0,1680.0,960.0,1380.0,540.0
17.92,1396.0,1680.0,1440.0,1200.0,1440.0,840.0,1980.0,1320.0,1560.0,2040.0,1260.0,1980.0,1500.0,1140.0,1560.0,1800.0,2100.0,1560.0,1380.0,1020.0,1380.0,1020.0,1080.0,1140.0,1080.0,1680.0,1260.0,1680.0,780.0,1500.0,480.0
17.93,1404.0,1620.0,1680.0,1140.0,1380.0,840.0,2100.0,1380.0,1680.0,2040.0,1380.0,1920.0,1440.0,1140.0,1560.0,1920.0,2040.0,1440.0,1320.0,1020.0,1260.0,1140.0,1020.0,1260.0,1080.0,1740.0,1260.0,1680.0,720.0,1500.0,420.0
17.94,1418.0,1560.0,1620.0,1200.0,1440.0,900.0,2160.0,1440.0,1620.0,2040.0,1260.0,1920.0,1380.0,1200.0,1560.0,1980.0,1920.0,1440.0,1380.0,1080.0,1320.0,1260.0,960.0,1380.0,1080.0,1740.0,1200.0,1860.0,660.0,1500.0,480.0
17.95,1428.0,1560.0,1560.0,1140.0,1440.0,900.0,2040.0,1320.0,1380.0,1920.0,1380.0,2160.0,1320.0,1200.0,1440.0,2100.0,1860.0,1440.0,1440.0,1140.0,1380.0,1200.0,960.0,1380.0,1260.0,1740.0,1260.0,1980.0,720.0,1740.0,480.0
17.96,1428.0,1560.0,1560.0,1020.0,1440.0,960.0,1860.0,1320.0,1620.0,2100.0,1500.0,2100.0,1260.0,1200.0,1440.0,2100.0,1920.0,1560.0,1320.0,1140.0,1380.0,1140.0,900.0,1380.0,1260.0,1620.0,1260.0,1920.0,780.0,1740.0,480.0
17.97,1436.0,1500.0,1620.0,960.0,1440.0,900.0,1800.0,1320.0,1620.0,2220.0,1560.0,2220.0,1320.0,1200.0,1440.0,2160.0,1860.0,1620.0,1320.0,1140.0,1380.0,1080.0,960.0,1320.0,1140.0,1560.0,1320.0,1980.0,840.0,1740.0,540.0
17.98,1446.0,1440.0,1620.0,1080.0,1440.0,840.0,1680.0,1440.0,1620.0,2220.0,1500.0,2160.0,1320.0,1200.0,1560.0,2160.0,1860.0,1740.0,1440.0,1260.0,1320.0,1200.0,960.0,1320.0,1200.0,1320.0,1320.0,2220.0,660.0,1740.0,540.0
17.990000000000002,1468.0,1380.0,1800.0,1020.0,1380.0,900.0,1680.0,1440.0,1620.0,2220.0,1380.0,2100.0,1320.0,1260.0,1560.0,2220.0,2100.0,1860.0,1440.0,1260.0,1320.0,1140.0,1020.0,1380.0,1200.0,1500.0,1320.0,2160.0,660.0,1800.0,600.0
18.0,1458.0,1320.0,1860.0,1080.0,1320.0,960.0,1680.0,1440.0,1560.0,2040.0,1440.0,1980.0,1380.0,1260.0,1680.0,2040.0,2100.0,1800.0,1320.0,1320.0,1320.0,1080.0,960.0,1440.0,1260.0,1620.0,1260.0,2220.0,720.0,1800.0,480.0
18.01,1474.0,1320.0,1680.0,1140.0,1200.0,1140.0,1560.0,1500.0,1680.0,2040.0,1380.0,1980.0,1260.0,1320.0,1740.0,1980.0,2100.0,1800.0,1500.0,1260.0,1380.0,1200.0,1140.0,1440.0,1320.0,1620.0,1320.0,2220.0,840.0,1680.0,480.0
18.02,1468.0,1320.0,1740.0,1200.0,1260.0,1140.0,1560.0,1500.0,1620.0,1920.0,1620.0,2040.0,1140.0,1320.0,1680.0,1980.0,2040.0,1800.0,1500.0,1320.0,1260.0,1200.0,1140.0,1500.0,1320.0,1500.0,1320.0,2220.0,840.0,1560.0,480.0
18.03,1456.0,1260.0,1620.0,1260.0,1320.0,1140.0,1560.0,1440.0,1500.0,2040.0,1560.0,2100.0,1200.0,1320.0,1740.0,1860.0,2100.0,1740.0,1440.0,1260.0,1200.0,1200.0,1140.0,1680.0,1380.0,1500.0,1260.0,2100.0,720.0,1500.0,540.0
18.04,1450.0,1260.0,1620.0,1260.0,1260.0,1200.0,1440.0,1560.0,1440.0,2040.0,1380.0,2040.0,1200.0,1320.0,1680.0,1860.0,2160.0,1800.0,1380.0,1260.0,1200.0,1200.0,1200.0,1620.0,1320.0,1500.0,1200.0,2160.0,780.0,1500.0,660.0
18.05,1466.0,1380.0,1800.0,1320.0,1260.0,1200.0,1320.0,1620.0,1380.0,1920.0,1380.0,1980.0,1260.0,1380.0,1860.0,1680.0,2220.0,1980.0,1380.0,1320.0,1200.0,1200.0,1260.0,1620.0,1320.0,1380.0,1200.0,2100.0,960.0,1440.0,660.0
18.06,1462.0,1560.0,1860.0,1260.0,1320.0,1140.0,1320.0,1620.0,1320.0,1800.0,1380.0,1800.0,1200.0,1320.0,1800.0,1500.0,2100.0,2160.0,1380.0,1380.0,1260.0,1260.0,1380.0,1620.0,1380.0,1320.0,1200.0,2100.0,960.0,1500.0,660.0
18.07,1484.0,1560.0,1860.0,1200.0,1320.0,1200.0,1380.0,1560.0,1440.0,1920.0,1320.0,1800.0,1320.0,1380.0,1920.0,1440.0,1980.0,2160.0,1380.0,1320.0,1260.0,1380.0,1500.0,1740.0,1440.0,1200.0,1140.0,2280.0,900.0,1380.0,840.0
18.080000000000002,1486.0,1680.0,1800.0,1260.0,1320.0,1200.0,1320.0,1620.0,1440.0,1860.0,1320.0,1980.0,1260.0,1200.0,1920.0,1200.0,1860.0,2100.0,1380.0,1380.0,1320.0,1440.0,1500.0,1800.0,1500.0,1140.0,1200.0,2340.0,960.0,1440.0,840.0
18.09,1492.0,1560.0,1860.0,1320.0,1320.0,1140.0,1260.0,1620.0,1440.0,1920.0,1320.0,1980.0,1260.0,1140.0,1920.0,1080.0,1920.0,2040.0,1440.0,1440.0,1440.0,1440.0,1500.0,1800.0,1500.0,1020.0,1320.0,2340.0,1140.0,1440.0,840.0
18.1,1500.0,1620.0,1860.0,1560.0,1380.0,1200.0,1320.0,1500.0,1500.0,1860.0,1260.0,1860.0,1260.0,1140.0,1980.0,1020.0,1920.0,1920.0,1440.0,1380.0,1500.0,1440.0,1500.0,1740.0,1500.0,1020.0,1380.0,2400.0,1260.0,1440.0,840.0
18.11,1506.0,1620.0,1620.0,1320.0,1380.0,1140.0,1200.0,1560.0,1620.0,1920.0,1500.0,1740.0,1380.0,1140.0,2040.0,1020.0,1920.0,1980.0,1440.0,1380.0,1500.0,1320.0,1620.0,1740.0,1440.0,1140.0,1500.0,2400.0,1260.0,1500.0,840.0
18.12,1498.0,1560.0,1560.0,1380.0,1440.0,1140.0,1200.0,1620.0,1560.0,1920.0,1500.0,1680.0,1260.0,1200.0,2040.0,960.0,1980.0,1860.0,1500.0,1320.0,1560.0,1320.0,1620.0,1860.0,1380.0,1140.0,1560.0,2340.0,1200.0,1620.0,660.0
18.13,1482.0,1500.0,1560.0,1320.0,1320.0,1140.0,1200.0,1560.0,1440.0,1860.0,1500.0,1680.0,1380.0,1200.0,2040.0,1020.0,1920.0,1800.0,1500.0,1320.0,1560.0,1320.0,1560.0,1920.0,1440.0,1200.0,1500.0,2160.0,1320.0,1500.0,720.0
18.14,1476.0,1500.0,1560.0,1320.0,1320.0,1020.0,1260.0,1620.0,1380.0,1800.0,1560.0,1560.0,1380.0,1140.0,1920.0,1020.0,1680.0,1800.0,1560.0,1320.0,1620.0,1440.0,1560.0,2040.0,1440.0,1260.0,1500.0,2040.0,1380.0,1560.0,720.0
18.150000000000002,1488.0,1500.0,1560.0,1380.0,1380.0,1020.0,1320.0,1620.0,1380.0,1920.0,1500.0,1680.0,1380.0,1080.0,1980.0,960.0,1620.0,1740.0,1740.0,1380.0,1500.0,1500.0,1500.0,1920.0,1440.0,1380.0,1500.0,2160.0,1440.0,1500.0,660.0
18.16,1476.0,1440.0,1620.0,1380.0,1320.0,1140.0,1320.0,1620.0,1320.0,1980.0,1260.0,1620.0,1380.0,1080.0,1980.0,1020.0,1500.0,1740.0,1740.0,1320.0,1380.0,1500.0,1560.0,1920.0,1380.0,1380.0,1500.0,2160.0,1500.0,1560.0,660.0
18.17,1490.0,1380.0,1680.0,1380.0,1440.0,1140.0,1440.0,1740.0,1320.0,1980.0,1320.0,1560.0,1440.0,1020.0,2040.0,1200.0,1500.0,1680.0,1680.0,1380.0,1380.0,1500.0,1680.0,1860.0,1200.0,1500.0,1440.0,2040.0,1500.0,1620.0,660.0
18.18,1488.0,1260.0,1740.0,1380.0,1440.0,1140.0,1500.0,1800.0,1320.0,1860.0,1320.0,1500.0,1560.0,1080.0,2040.0,1260.0,1560.0,1680.0,1740.0,1260.0,1320.0,1500.0,1800.0,1740.0,1140.0,1500.0,1440.0,2040.0,1380.0,1680.0,660.0
18.19,1474.0,1260.0,1740.0,1260.0,1440.0,1080.0,1560.0,1800.0,1500.0,1920.0,1320.0,1440.0,1560.0,1080.0,1920.0,1320.0,1560.0,1680.0,1740.0,1320.0,1200.0,1560.0,1680.0,1620.0,1200.0,1620.0,1440.0,1920.0,1320.0,1560.0,600.0
18.2,1478.0,1200.0,1680.0,1380.0,1440.0,1140.0,1560.0,1680.0,1500.0,1800.0,1260.0,1440.0,1740.0,1020.0,1800.0,1440.0,1620.0,1740.0,1740.0,1380.0,1140.0,1620.0,1680.0,1560.0,1260.0,1560.0,1440.0,1860.0,1500.0,1560.0,600.0
18.21,1506.0,1260.0,1620.0,1320.0,1560.0,1200.0,1560.0,1680.0,1560.0,1860.0,1260.0,1440.0,1920.0,1080.0,1800.0,1500.0,1680.0,1740.0,1680.0,1320.0,1140.0,1680.0,1680.0,1620.0,1320.0,1620.0,1500.0,2040.0,1380.0,1440.0,720.0
18.22,1506.0,1320.0,1620.0,1260.0,1560.0,1320.0,1620.0,1740.0,1800.0,1800.0,1320.0,1440.0,1920.0,1080.0,1680.0,1500.0,1620.0,1740.0,1680.0,1260.0,1140.0,1740.0,1620.0,1560.0,1260.0,1500.0,1500.0,1980.0,1440.0,1380.0,780.0
18.23,1536.0,1440.0,1680.0,1320.0,1680.0,1440.0,1680.0,1740.0,1740.0,1740.0,1320.0,1440.0,1920.0,1080.0,1740.0,1500.0,1740.0,1680.0,1740.0,1380.0,1260.0,1740.0,1620.0,1560.0,1260.0,1500.0,1440.0,1980.0,1500.0,1380.0,840.0
18.240000000000002,1524.0,1380.0,1440.0,1320.0,1860.0,1560.0,1680.0,1800.0,1680.0,1800.0,1440.0,1380.0,1980.0,1200.0,1680.0,1500.0,1620.0,1560.0,1680.0,1380.0,1200.0,1740.0,1620.0,1620.0,1260.0,1500.0,1320.0,1860.0,1560.0,1260.0,840.0
18.25,1508.0,1380.0,1200.0,1200.0,1980.0,1500.0,1740.0,1680.0,1680.0,1800.0,1380.0,1320.0,1860.0,1260.0,1620.0,1560.0,1560.0,1560.0,1620.0,1320.0,1260.0,1620.0,1680.0,1800.0,1260.0,1500.0,1380.0,1800.0,1620.0,1140.0,960.0
18.26,1496.0,1260.0,1140.0,1200.0,1920.0,1440.0,1680.0,1620.0,1620.0,1860.0,1440.0,1260.0,1620.0,1260.0,1620.0,1560.0,1620.0,1500.0,1740.0,1260.0,1260.0,1560.0,1680.0,1800.0,1200.0,1500.0,1440.0,1920.0,1680.0,1140.0,1080.0
18.27,1504.0,1260.0,1200.0,1200.0,2040.0,1440.0,1680.0,1680.0,1620.0,1680.0,1500.0,1260.0,1620.0,1260.0,1680.0,1440.0,1560.0,1380.0,1680.0,1260.0,1140.0,1560.0,1860.0,1980.0,1200.0,1560.0,1440.0,1800.0,1920.0,1080.0,1140.0
18.28,1508.0,1320.0,1200.0,1200.0,1980.0,1320.0,1680.0,1680.0,1560.0,1680.0,1620.0,1260.0,1620.0,1380.0,1620.0,1380.0,1620.0,1260.0,1680.0,1200.0,1200.0,1620.0,2040.0,1800.0,1320.0,1500.0,1380.0,1980.0,1920.0,1080.0,1140.0
18.29,1520.0,1320.0,1140.0,1260.0,2040.0,1380.0,1680.0,1620.0,1560.0,1680.0,1620.0,1320.0,1620.0,1500.0,1560.0,1320.0,1620.0,1320.0,1740.0,1260.0,1440.0,1620.0,1860.0,1680.0,1440.0,1500.0,1320.0,2100.0,1860.0,1140.0,1080.0
18.3,1522.0,1200.0,1260.0,1320.0,2160.0,1440.0,1620.0,1620.0,1560.0,1740.0,1560.0,1260.0,1620.0,1560.0,1560.0,1200.0,1560.0,1440.0,1500.0,1260.0,1620.0,1560.0,1800.0,1680.0,1440.0,1560.0,1380.0,1980.0,1920.0,1200.0,1080.0
18.31,1506.0,1020.0,1080.0,1380.0,2160.0,1320.0,1620.0,1560.0,1620.0,1620.0,1500.0,1320.0,1500.0,1440.0,1560.0,1200.0,1500.0,1560.0,1440.0,1320.0,1740.0,1620.0,1740.0,1740.0,1440.0,1620.0,1380.0,1800.0,1920.0,1320.0,1140.0
18.32,1512.0,1020.0,1080.0,1560.0,2160.0,1260.0,1560.0,1560.0,1740.0,1560.0,1440.0,1260.0,1380.0,1380.0,1620.0,1320.0,1500.0,1560.0,1320.0,1500.0,1740.0,1560.0,1680.0,1860.0,1440.0,1560.0,1380.0,1860.0,1980.0,1380.0,1140.0
18.330000000000002,1530.0,960.0,1020.0,1500.0,2160.0,1320.0,1680.0,1500.0,1860.0,1620.0,1500.0,1320.0,1440.0,1440.0,1500.0,1260.0,1560.0,1680.0,1440.0,1440.0,1740.0,1620.0,1620.0,1860.0,1380.0,1440.0,1500.0,1920.0,1860.0,1560.0,1200.0
18.34,1534.0,1020.0,1080.0,1440.0,2220.0,1260.0,1680.0,1380.0,1860.0,1560.0,1380.0,1380.0,1500.0,1560.0,1620.0,1260.0,1500.0,1740.0,1440.0,1380.0,1740.0,1560.0,1740.0,1800.0,1440.0,1440.0,1560.0,1860.0,1800.0,1620.0,1200.0
18.35,1524.0,1080.0,1140.0,1440.0,2160.0,1140.0,1680.0,1440.0,1740.0,1620.0,1380.0,1380.0,1440.0,1560.0,1740.0,1260.0,1500.0,1740.0,1380.0,1380.0,1740.0,1560.0,1740.0,1680.0,1500.0,1440.0,1500.0,1980.0,1740.0,1440.0,1200.0
18.36,1540.0,1080.0,1140.0,1440.0,2220.0,1080.0,1860.0,1440.0,1800.0,1440.0,1440.0,1320.0,1620.0,1500.0,1680.0,1200.0,1620.0,1680.0,1380.0,1440.0,1740.0,1680.0,1740.0,1680.0,1620.0,1380.0,1620.0,1920.0,1740.0,1500.0,1200.0
18.37,1544.0,1080.0,1140.0,1440.0,2100.0,1200.0,1860.0,1440.0,1620.0,1440.0,1500.0,1320.0,1740.0,1500.0,1680.0,1080.0,1620.0,1620.0,1500.0,1500.0,1740.0,1620.0,1740.0,1680.0,1680.0,1440.0,1620.0,1920.0,1620.0,1680.0,1200.0
18.38,1554.0,1080.0,1140.0,1500.0,2040.0,1260.0,1800.0,1560.0,1680.0,1560.0,1500.0,1380.0,1800.0,1380.0,1800.0,1140.0,1800.0,1620.0,1500.0,1500.0,1560.0,1560.0,1800.0,1620.0,1740.0,1200.0,1680.0,1980.0,1620.0,1620.0,1200.0
18.39,1560.0,1020.0,1260.0,1500.0,1980.0,1200.0,1860.0,1560.0,1620.0,1560.0,1500.0,1380.0,1680.0,1260.0,1740.0,1140.0,1800.0,1800.0,1500.0,1620.0,1680.0,1440.0,1800.0,1500.0,1800.0,1200.0,1680.0,1920.0,1800.0,1680.0,1320.0
18.400000000000002,1556.0,1020.0,1200.0,1440.0,1980.0,1140.0,1740.0,1620.0,1620.0,1620.0,1500.0,1380.0,1680.0,1140.0,1740.0,1080.0,1800.0,1860.0,1500.0,1560.0,1680.0,1440.0,1680.0,1500.0,2040.0,1200.0,1860.0,1920.0,1740.0,1680.0,1320.0
18.41,1540.0,1020.0,1200.0,1320.0,1920.0,1080.0,1740.0,1620.0,1680.0,1560.0,1500.0,1260.0,1620.0,1020.0,1800.0,1020.0,1800.0,1920.0,1380.0,1620.0,1740.0,1440.0,1620.0,1620.0,2100.0,1200.0,1860.0,1800.0,1680.0,1740.0,1320.0
18.42,1544.0,1020.0,1320.0,1380.0,1920.0,1020.0,1680.0,1500.0,1440.0,1740.0,1500.0,1200.0,1620.0,960.0,1800.0,1140.0,1740.0,1920.0,1380.0,1740.0,1680.0,1500.0,1500.0,1680.0,2160.0,1260.0,1920.0,1860.0,1620.0,1620.0,1500.0
18.43,1568.0,1080.0,1380.0,1440.0,1860.0,1080.0,1680.0,1560.0,1500.0,1800.0,1500.0,1200.0,1620.0,1140.0,1620.0,1140.0,1680.0,1800.0,1500.0,1800.0,1800.0,1500.0,1500.0,1740.0,2220.0,1320.0,1980.0,1920.0,1560.0,1680.0,1440.0
18.44,1566.0,1020.0,1320.0,1380.0,1800.0,1200.0,1620.0,1440.0,1440.0,1860.0,1620.0,1140.0,1500.0,1140.0,1740.0,1200.0,1680.0,1800.0,1500.0,1740.0,1740.0,1560.0,1560.0,1860.0,2220.0,1380.0,1740.0,1980.0,1560.0,1680.0,1560.0
18.45,1550.0,1080.0,1260.0,1380.0,1740.0,1020.0,1500.0,1440.0,1500.0,1860.0,1620.0,1200.0,1560.0,1140.0,1740.0,1260.0,1620.0,1740.0,1380.0,1680.0,1740.0,1620.0,1560.0,1740.0,2160.0,1380.0,1740.0,1920.0,1680.0,1740.0,1500.0
18.46,1574.0,1080.0,1320.0,1320.0,1740.0,1020.0,1680.0,1560.0,1620.0,1800.0,1740.0,1140.0,1740.0,1200.0,1800.0,1320.0,1560.0,1860.0,1320.0,1680.0,1620.0,1620.0,1620.0,1800.0,2160.0,1380.0,1740.0,1920.0,1800.0,1620.0,1440.0
18.47,1570.0,1080.0,1380.0,1320.0,1800.0,1020.0,1740.0,1500.0,1620.0,1920.0,1740.0,1140.0,1620.0,1200.0,1740.0,1380.0,1620.0,1680.0,1320.0,1680.0,1560.0,1560.0,1740.0,1860.0,2160.0,1440.0,1740.0,1980.0,1800.0,1440.0,1320.0
18.48,1550.0,1080.0,1320.0,1260.0,1560.0,1020.0,1620.0,1560.0,1620.0,1860.0,1800.0,1200.0,1680.0,1260.0,1740.0,1320.0,1740.0,1560.0,1320.0,1440.0,1620.0,1440.0,1740.0,1740.0,2220.0,1440.0,1860.0,1980.0,1800.0,1440.0,1260.0
18.490000000000002,1554.0,1080.0,1260.0,1320.0,1500.0,1020.0,1680.0,1560.0,1680.0,1860.0,1800.0,1140.0,1680.0,1380.0,1620.0,1380.0,1740.0,1500.0,1200.0,1500.0,1620.0,1440.0,1800.0,1740.0,2220.0,1500.0,1920.0,1980.0,1620.0,1620.0,1260.0
18.5,1540.0,1020.0,1380.0,1200.0,1320.0,1020.0,1620.0,1500.0,1620.0,1800.0,1920.0,1200.0,1680.0,1320.0,1500.0,1380.0,1800.0,1680.0,1260.0,1500.0,1560.0,1440.0,1740.0,1680.0,2280.0,1500.0,1860.0,1980.0,1620.0,1560.0,1260.0
18.51,1500.0,900.0,1320.0,1200.0,1200.0,1020.0,1560.0,1380.0,1680.0,1740.0,1860.0,1200.0,1620.0,1320.0,1500.0,1380.0,1800.0,1500.0,1260.0,1440.0,1560.0,1380.0,1800.0,1680.0,2160.0,1500.0,1800.0,1740.0,1680.0,1620.0,1200.0
18.52,1508.0,900.0,1380.0,1200.0,1200.0,1200.0,1560.0,1200.0,1560.0,1740.0,1860.0,1140.0,1740.0,1380.0,1440.0,1380.0,1680.0,1560.0,1260.0,1320.0,1620.0,1380.0,1740.0,1620.0,2280.0,1500.0,1860.0,1920.0,1680.0,1620.0,1320.0
18.53,1500.0,900.0,1380.0,1200.0,1080.0,1200.0,1560.0,1200.0,1620.0,1680.0,1860.0,1200.0,1560.0,1440.0,1440.0,1320.0,1740.0,1680.0,1200.0,1320.0,1620.0,1440.0,1800.0,1440.0,2280.0,1500.0,1800.0,1980.0,1680.0,1560.0,1320.0
18.54,1502.0,900.0,1260.0,1320.0,1080.0,1260.0,1560.0,1260.0,1800.0,1620.0,1740.0,1260.0,1500.0,1380.0,1560.0,1380.0,1620.0,1560.0,1260.0,1320.0,1620.0,1500.0,1800.0,1500.0,2220.0,1440.0,1860.0,1860.0,1800.0,1440.0,1380.0
18.55,1516.0,900.0,1140.0,1320.0,960.0,1320.0,1620.0,1140.0,1800.0,1620.0,1920.0,1380.0,1320.0,1500.0,1620.0,1380.0,1560.0,1560.0,1380.0,1380.0,1620.0,1560.0,1860.0,1440.0,2220.0,1380.0,1740.0,1860.0,1920.0,1560.0,1500.0
18.56,1508.0,900.0,1140.0,1320.0,960.0,1200.0,1680.0,1140.0,1920.0,1620.0,1860.0,1380.0,1320.0,1440.0,1620.0,1380.0,1320.0,1560.0,1380.0,1440.0,1680.0,1500.0,1920.0,1560.0,2100.0,1260.0,1740.0,1800.0,1980.0,1560.0,1560.0
18.57,1510.0,1020.0,1200.0,1320.0,960.0,1260.0,1680.0,1260.0,2040.0,1560.0,1920.0,1440.0,1140.0,1440.0,1500.0,1560.0,1380.0,1500.0,1380.0,1440.0,1680.0,1440.0,1800.0,1740.0,2040.0,1260.0,1680.0,1800.0,1920.0,1440.0,1500.0
18.580000000000002,1514.0,900.0,1260.0,1560.0,900.0,1380.0,1620.0,1260.0,2040.0,1620.0,1920.0,1380.0,1140.0,1500.0,1380.0,1560.0,1440.0,1620.0,1440.0,1440.0,1740.0,1500.0,1740.0,1680.0,1980.0,1260.0,1680.0,1800.0,1800.0,1440.0,1440.0
18.59,1516.0,960.0,1320.0,1620.0,900.0,1380.0,1680.0,1260.0,2040.0,1560.0,1920.0,1440.0,1200.0,1560.0,1380.0,1680.0,1380.0,1620.0,1440.0,1380.0,1680.0,1440.0,1560.0,1680.0,1920.0,1200.0,1800.0,1680.0,1860.0,1500.0,1440.0
18.6,1544.0,960.0,1320.0,1620.0,900.0,1500.0,1620.0,1260.0,2100.0,1680.0,1980.0,1500.0,1140.0,1620.0,1440.0,1680.0,1500.0,1560.0,1620.0,1380.0,1740.0,1440.0,1560.0,1560.0,1980.0,1260.0,1980.0,1620.0,1980.0,1500.0,1320.0
18.61,1540.0,960.0,1260.0,1620.0,900.0,1440.0,1560.0,1260.0,2100.0,1740.0,1980.0,1500.0,1140.0,1620.0,1440.0,1740.0,1440.0,1560.0,1560.0,1380.0,1920.0,1440.0,1500.0,1620.0,1980.0,1260.0,1980.0,1680.0,1860.0,1380.0,1380.0
18.62,1548.0,1020.0,1200.0,1500.0,1020.0,1500.0,1560.0,1320.0,2160.0,1680.0,2100.0,1500.0,1080.0,1560.0,1380.0,1860.0,1380.0,1620.0,1680.0,1320.0,1800.0,1500.0,1560.0,1620.0,1980.0,1200.0,1980.0,1680.0,1800.0,1440.0,1440.0
18.63,1542.0,1020.0,1200.0,1500.0,1020.0,1440.0,1440.0,1380.0,2220.0,1560.0,1740.0,1500.0,1140.0,1500.0,1500.0,1920.0,1380.0,1560.0,1620.0,1380.0,1680.0,1620.0,1560.0,1620.0,2100.0,1260.0,2040.0,1740.0,1680.0,1440.0,1500.0
18.64,1536.0,1080.0,1260.0,1500.0,960.0,1560.0,1380.0,1320.0,2160.0,1680.0,1500.0,1680.0,1020.0,1440.0,1620.0,1920.0,1380.0,1560.0,1620.0,1500.0,1620.0,1740.0,1560.0,1800.0,2160.0,1320.0,1800.0,1680.0,1440.0,1320.0,1500.0
18.650000000000002,1544.0,1080.0,1320.0,1440.0,1020.0,1560.0,1440.0,1320.0,2280.0,1680.0,1500.0,1680.0,1020.0,1560.0,1560.0,1920.0,1440.0,1620.0,1620.0,1560.0,1440.0,1680.0,1680.0,1920.0,2220.0,1380.0,1680.0,1620.0,1380.0,1260.0,1440.0
18.66,1540.0,1140.0,1260.0,1560.0,1020.0,1560.0,1440.0,1560.0,2340.0,1620.0,1500.0,1680.0,1020.0,1500.0,1680.0,1920.0,1440.0,1620.0,1560.0,1560.0,1380.0,1560.0,1620.0,1800.0,2220.0,1380.0,1740.0,1620.0,1320.0,1260.0,1320.0
18.67,1570.0,1080.0,1200.0,1920.0,960.0,1560.0,1380.0,1500.0,2400.0,1620.0,1560.0,1800.0,1080.0,1620.0,1740.0,1920.0,1620.0,1740.0,1620.0,1560.0,1440.0,1620.0,1560.0,1680.0,2280.0,1380.0,1740.0,1500.0,1380.0,1200.0,1440.0
18.68,1562.0,1140.0,1200.0,1920.0,960.0,1740.0,1440.0,1440.0,2460.0,1560.0,1620.0,1800.0,1020.0,1560.0,1740.0,1920.0,1560.0,1740.0,1500.0,1560.0,1500.0,1680.0,1620.0,1680.0,2280.0,1320.0,1680.0,1440.0,1260.0,1200.0,1320.0
18.69,1548.0,1200.0,1140.0,2040.0,1080.0,1680.0,1500.0,1440.0,2280.0,1620.0,1560.0,1800.0,960.0,1560.0,1680.0,1740.0,1500.0,1740.0,1500.0,1500.0,1380.0,1680.0,1680.0,1800.0,2220.0,1260.0,1680.0,1380.0,1260.0,1140.0,1440.0
18.7,1572.0,1200.0,1200.0,2040.0,1080.0,1860.0,1440.0,1440.0,2340.0,1800.0,1560.0,1800.0,960.0,1560.0,1620.0,1860.0,1440.0,1740.0,1560.0,1500.0,1500.0,1620.0,1800.0,1800.0,2280.0,1200.0,1740.0,1320.0,1320.0,1140.0,1440.0
18.71,1562.0,1380.0,1080.0,1980.0,1140.0,1800.0,1440.0,1380.0,2280.0,1740.0,1560.0,1860.0,1020.0,1620.0,1620.0,1920.0,1380.0,1800.0,1560.0,1440.0,1440.0,1500.0,1800.0,1680.0,2100.0,1200.0,1800.0,1260.0,1380.0,1260.0,1440.0
18.72,1548.0,1380.0,1080.0,1920.0,1200.0,1800.0,1500.0,1440.0,2160.0,1800.0,1560.0,1920.0,1020.0,1620.0,1620.0,1800.0,1260.0,1800.0,1440.0,1620.0,1500.0,1440.0,1800.0,1680.0,2040.0,1200.0,1680.0,1200.0,1320.0,1200.0,1440.0
18.73,1546.0,1320.0,1140.0,1860.0,1140.0,1740.0,1500.0,1440.0,2040.0,1620.0,1560.0,1980.0,1020.0,1500.0,1620.0,1860.0,1200.0,1920.0,1620.0,1860.0,1560.0,1440.0,1680.0,1740.0,1860.0,1020.0,1680.0,1260.0,1440.0,1380.0,1380.0
18.740000000000002,1564.0,1320.0,1200.0,1980.0,1140.0,1620.0,1500.0,1380.0,2100.0,1500.0,1500.0,2100.0,1020.0,1620.0,1680.0,1860.0,1140.0,1920.0,1560.0,1800.0,1560.0,1560.0,1800.0,1740.0,1920.0,1020.0,1680.0,1380.0,1440.0,1500.0,1380.0
18.75,1574.0,1260.0,1140.0,2040.0,1080.0,1620.0,1500.0,1260.0,2160.0,1620.0,1380.0,2160.0,1020.0,1680.0,1800.0,1860.0,1140.0,1860.0,1440.0,2040.0,1560.0,1620.0,1740.0,1680.0,1980.0,1080.0,1680.0,1380.0,1500.0,1560.0,1380.0
18.76,1576.0,1320.0,1260.0,2100.0,1320.0,1500.0,1380.0,1320.0,2100.0,1560.0,1320.0,2100.0,1020.0,1740.0,1740.0,1860.0,1140.0,1980.0,1380.0,2040.0,1500.0,1500.0,1620.0,1620.0,1800.0,1200.0,1860.0,1440.0,1560.0,1560.0,1440.0
18.77,1576.0,1320.0,1260.0,2160.0,1320.0,1500.0,1380.0,1140.0,2100.0,1560.0,1320.0,2040.0,1140.0,1680.0,1740.0,1800.0,1200.0,2040.0,1320.0,2040.0,1560.0,1500.0,1740.0,1500.0,1740.0,1260.0,1860.0,1440.0,1500.0,1620.0,1500.0
18.78,1592.0,1320.0,1260.0,2280.0,1320.0,1800.0,1440.0,1140.0,2160.0,1620.0,1260.0,2100.0,1080.0,1620.0,1860.0,1800.0,1260.0,1860.0,1380.0,2100.0,1560.0,1500.0,1680.0,1620.0,1800.0,1200.0,1800.0,1380.0,1500.0,1560.0,1500.0
18.79,1584.0,1260.0,1260.0,2220.0,1320.0,1860.0,1380.0,1080.0,2040.0,1560.0,1200.0,2100.0,1080.0,1560.0,1740.0,1920.0,1260.0,1800.0,1380.0,2220.0,1620.0,1500.0,1680.0,1500.0,1860.0,1200.0,1860.0,1440.0,1500.0,1680.0,1440.0
18.8,1562.0,1260.0,1380.0,1980.0,1260.0,1800.0,1440.0,1020.0,1980.0,1560.0,1080.0,2100.0,1140.0,1680.0,1740.0,1920.0,1380.0,1860.0,1380.0,2280.0,1740.0,1320.0,1560.0,1380.0,1800.0,1140.0,1860.0,1500.0,1440.0,1560.0,1320.0
18.81,1572.0,1200.0,1380.0,2040.0,1260.0,1740.0,1560.0,1020.0,1920.0,1320.0,1080.0,2100.0,1140.0,1680.0,1800.0,1920.0,1380.0,1740.0,1440.0,2280.0,1980.0,1200.0,1680.0,1380.0,1680.0,1320.0,1980.0,1440.0,1560.0,1620.0,1320.0
18.82,1574.0,1320.0,1500.0,1920.0,1260.0,1740.0,1620.0,1200.0,1740.0,1260.0,1140.0,1980.0,1080.0,1620.0,1860.0,1860.0,1380.0,1800.0,1440.0,2220.0,1980.0,1260.0,1680.0,1320.0,1680.0,1320.0,2040.0,1380.0,1560.0,1680.0,1380.0
18.830000000000002,1568.0,1260.0,1560.0,1980.0,1320.0,1560.0,1620.0,1080.0,1680.0,1380.0,1260.0,1980.0,1080.0,1680.0,1800.0,1800.0,1320.0,1860.0,1440.0,2280.0,1980.0,1320.0,1440.0,1380.0,1620.0,1200.0,2100.0,1320.0,1620.0,1680.0,1440.0
18.84,1562.0,1320.0,1680.0,1920.0,1320.0,1620.0,1500.0,1200.0,1740.0,1500.0,1320.0,1860.0,1080.0,1620.0,1980.0,1740.0,1260.0,1860.0,1380.0,2340.0,1860.0,1260.0,1440.0,1380.0,1560.0,1140.0,2040.0,1320.0,1560.0,1620.0,1440.0
18.85,1556.0,1440.0,1680.0,1860.0,1200.0,1620.0,1500.0,1320.0,1740.0,1560.0,1260.0,1620.0,1080.0,1680.0,2100.0,1740.0,1320.0,1800.0,1440.0,2220.0,1980.0,1260.0,1440.0,1380.0,1440.0,1020.0,1980.0,1260.0,1560.0,1740.0,1440.0
18.86,1544.0,1380.0,1560.0,1920.0,1140.0,1560.0,1440.0,1320.0,1680.0,1500.0,1260.0,1620.0,1020.0,2040.0,2100.0,1740.0,1500.0,1800.0,1440.0,2160.0,2040.0,1140.0,1500.0,1320.0,1260.0,960.0,2100.0,1080.0,1500.0,1740.0,1500.0
18.87,1538.0,1380.0,1680.0,1920.0,1140.0,1560.0,1380.0,1320.0,1620.0,1440.0,1200.0,1860.0,1080.0,1920.0,2220.0,1740.0,1560.0,1980.0,1320.0,2040.0,1980.0,1260.0,1440.0,1260.0,1200.0,1020.0,1980.0,1080.0,1380.0,1740.0,1440.0
18.88,1574.0,1380.0,1740.0,1920.0,1260.0,1680.0,1560.0,1440.0,1680.0,1440.0,1260.0,1860.0,1200.0,1680.0,2160.0,1800.0,1560.0,2040.0,1380.0,2160.0,1980.0,1260.0,1440.0,1320.0,1200.0,1080.0,1920.0,1020.0,1440.0,1800.0,1560.0
18.89,1572.0,1380.0,1860.0,1920.0,1320.0,1680.0,1620.0,1440.0,1740.0,1440.0,1320.0,1740.0,1260.0,1560.0,2220.0,1740.0,1620.0,1920.0,1380.0,2100.0,1980.0,1140.0,1380.0,1380.0,1200.0,1200.0,1800.0,1020.0,1440.0,1800.0,1560.0
18.900000000000002,1562.0,1260.0,1800.0,1740.0,1260.0,1740.0,1680.0,1380.0,1620.0,1500.0,1200.0,1800.0,1200.0,1620.0,2100.0,1620.0,1680.0,1860.0,1500.0,2160.0,1920.0,1140.0,1440.0,1320.0,1140.0,1380.0,1800.0,1020.0,1560.0,1800.0,1620.0
18.91,1558.0,1320.0,1800.0,1740.0,1260.0,1620.0,1620.0,1500.0,1560.0,1740.0,1260.0,1680.0,1200.0,1620.0,1980.0,1680.0,1620.0,1920.0,1380.0,2160.0,1860.0,1140.0,1440.0,1320.0,1260.0,1320.0,1860.0,1020.0,1680.0,1620.0,1560.0
18.92,1556.0,1200.0,1800.0,1680.0,1380.0,1620.0,1440.0,1560.0,1560.0,1740.0,1260.0,1680.0,1260.0,1620.0,1920.0,1560.0,1560.0,1980.0,1380.0,2340.0,1800.0,1020.0,1560.0,1380.0,1260.0,1320.0,1920.0,1080.0,1620.0,1680.0,1500.0
18.93,1570.0,1260.0,1620.0,1680.0,1260.0,1620.0,1560.0,1620.0,1740.0,1740.0,1260.0,1800.0,1140.0,1680.0,1860.0,1620.0,1740.0,1860.0,1440.0,2280.0,1800.0,1140.0,1560.0,1320.0,1500.0,1320.0,1800.0,1080.0,1560.0,1620.0,1620.0
18.94,1588.0,1320.0,1620.0,1680.0,1260.0,1740.0,1560.0,1740.0,1740.0,1560.0,1260.0,1740.0,1380.0,1680.0,1740.0,1680.0,1620.0,1920.0,1560.0,2460.0,1680.0,1140.0,1680.0,1320.0,1500.0,1320.0,1800.0,1080.0,1680.0,1560.0,1620.0
18.95,1594.0,1200.0,1560.0,1620.0,1320.0,1860.0,1500.0,1740.0,1560.0,1620.0,1440.0,1680.0,1380.0,1740.0,1680.0,1560.0,1680.0,1920.0,1620.0,2520.0,1560.0,1260.0,1680.0,1440.0,1500.0,1320.0,1860.0,1140.0,1680.0,1560.0,1620.0
18.96,1590.0,1200.0,1560.0,1680.0,1380.0,1740.0,1440.0,1740.0,1560.0,1680.0,1380.0,1620.0,1380.0,1920.0,1620.0,1440.0,1860.0,1980.0,1680.0,2400.0,1500.0,1320.0,1680.0,1380.0,1560.0,1260.0,1920.0,1080.0,1620.0,1560.0,1560.0
18.97,1598.0,1320.0,1440.0,1620.0,1440.0,1680.0,1500.0,1740.0,1620.0,1680.0,1260.0,1680.0,1380.0,1860.0,1680.0,1500.0,1920.0,2160.0,1620.0,2400.0,1500.0,1320.0,1740.0,1380.0,1620.0,1140.0,1920.0,1080.0,1620.0,1440.0,1680.0
18.98,1600.0,1500.0,1440.0,1560.0,1380.0,1560.0,1620.0,1740.0,1500.0,1740.0,1440.0,1860.0,1440.0,1860.0,1620.0,1440.0,1860.0,2100.0,1680.0,2340.0,1440.0,1500.0,1680.0,1500.0,1560.0,1140.0,1860.0,1140.0,1560.0,1380.0,1560.0
18.990000000000002,1622.0,1560.0,1500.0,1620.0,1440.0,1560.0,1680.0,1620.0,1560.0,1620.0,1500.0,1860.0,1560.0,1800.0,1560.0,1620.0,1800.0,2220.0,1740.0,2340.0,1500.0,1680.0,1620.0,1560.0,1560.0,1260.0,1740.0,1140.0,1620.0,1260.0,1560.0
19.0,1620.0,1560.0,1380.0,1620.0,1380.0,1560.0,1560.0,1800.0,1500.0,1680.0,1440.0,1920.0,1500.0,1680.0,1560.0,1680.0,1800.0,2340.0,1680.0,2400.0,1500.0,1620.0,1740.0,1620.0,1680.0,1200.0,1740.0,1140.0,1560.0,1140.0,1620.0
19.01,1620.0,1560.0,1260.0,1620.0,1620.0,1740.0,1560.0,1860.0,1440.0,1560.0,1380.0,1980.0,1500.0,1800.0,1440.0,1740.0,1740.0,2280.0,1680.0,2460.0,1560.0,1740.0,1680.0,1560.0,1740.0,1080.0,1680.0,960.0,1560.0,1200.0,1620.0
19.02,1632.0,1500.0,1320.0,1500.0,1680.0,1740.0,1620.0,1800.0,1440.0,1500.0,1440.0,2040.0,1500.0,1860.0,1320.0,1740.0,1740.0,2100.0,1620.0,2580.0,1860.0,1740.0,1740.0,1620.0,1560.0,1200.0,1680.0,1020.0,1560.0,1320.0,1620.0
19.03,1608.0,1500.0,1260.0,1380.0,1680.0,1560.0,1560.0,1740.0,1500.0,1500.0,1620.0,1980.0,1320.0,2040.0,1380.0,1740.0,1740.0,2100.0,1620.0,2400.0,1440.0,1680.0,1680.0,1620.0,1620.0,1200.0,1740.0,1020.0,1620.0,1320.0,1680.0
19.04,1636.0,1680.0,1440.0,1320.0,1740.0,1680.0,1500.0,1680.0,1320.0,1440.0,1740.0,2100.0,1440.0,1920.0,1440.0,1800.0,1680.0,2160.0,1620.0,2400.0,1380.0,2100.0,1860.0,1680.0,1500.0,1200.0,1620.0,1020.0,1620.0,1320.0,1680.0
19.05,1658.0,1620.0,1500.0,1380.0,1800.0,1680.0,1560.0,1740.0,1260.0,1440.0,1740.0,2100.0,1440.0,2040.0,1440.0,1800.0,1860.0,2160.0,1680.0,2340.0,1440.0,2160.0,1860.0,1620.0,1440.0,1200.0,1740.0,1140.0,1500.0,1440.0,1620.0
19.06,1670.0,1560.0,1440.0,1380.0,1800.0,1740.0,1560.0,1620.0,1380.0,1500.0,1980.0,2100.0,1380.0,2100.0,1380.0,1860.0,1860.0,2160.0,1740.0,2580.0,1500.0,2220.0,1800.0,1560.0,1440.0,1200.0,1740.0,1140.0,1560.0,1380.0,1440.0
19.07,1668.0,1560.0,1560.0,1380.0,1860.0,1860.0,1560.0,1680.0,1500.0,1500.0,2040.0,1980.0,1440.0,1920.0,1320.0,1860.0,1860.0,2160.0,1800.0,2520.0,1500.0,2100.0,1740.0,1620.0,1500.0,1260.0,1620.0,1020.0,1620.0,1260.0,1440.0
19.080000000000002,1664.0,1560.0,1560.0,1440.0,1620.0,1920.0,1620.0,1680.0,1500.0,1500.0,2100.0,1860.0,1560.0,1800.0,1440.0,1860.0,1860.0,2160.0,1860.0,2340.0,1440.0,2100.0,1860.0,1800.0,1440.0,1260.0,1560.0,960.0,1500.0,1260.0,1500.0
19.09,1662.0,1560.0,1560.0,1440.0,1620.0,1860.0,1560.0,1680.0,1500.0,1440.0,2100.0,1860.0,1620.0,1800.0,1380.0,1920.0,1860.0,2160.0,1800.0,2580.0,1380.0,2160.0,2040.0,1800.0,1380.0,1260.0,1620.0,960.0,1380.0,1200.0,1380.0
19.1,1634.0,1500.0,1620.0,1380.0,1620.0,1920.0,1440.0,1740.0,1440.0,1440.0,2160.0,1740.0,1560.0,1680.0,1440.0,1920.0,1740.0,2280.0,1740.0,2520.0,1260.0,2040.0,2040.0,1620.0,1440.0,1320.0,1500.0,840.0,1380.0,1200.0,1500.0
19.11,1624.0,1380.0,1620.0,1380.0,1560.0,1980.0,1380.0,1740.0,1380.0,1440.0,2220.0,1980.0,1440.0,1800.0,1440.0,1860.0,1740.0,2220.0,1860.0,2400.0,1200.0,2100.0,1860.0,1680.0,1380.0,1320.0,1560.0,780.0,1440.0,1140.0,1440.0
19.12,1630.0,1500.0,1680.0,1320.0,1500.0,1980.0,1380.0,1620.0,1260.0,1320.0,2340.0,2040.0,1440.0,1800.0,1380.0,1800.0,1800.0,2220.0,2040.0,2460.0,1200.0,2100.0,1860.0,1680.0,1320.0,1320.0,1560.0,780.0,1440.0,1260.0,1500.0
19.13,1628.0,1380.0,1740.0,1260.0,1440.0,1860.0,1380.0,1620.0,1320.0,1320.0,2280.0,2100.0,1440.0,1800.0,1380.0,1860.0,1860.0,2160.0,2160.0,2520.0,1140.0,1980.0,1740.0,1740.0,1260.0,1380.0,1500.0,900.0,1620.0,1320.0,1380.0
19.14,1644.0,1440.0,1740.0,1200.0,1500.0,1800.0,1380.0,1680.0,1380.0,1260.0,2280.0,2100.0,1500.0,1740.0,1500.0,1860.0,1980.0,2160.0,2160.0,2520.0,1020.0,1920.0,1680.0,1800.0,1260.0,1440.0,1500.0,1020.0,1620.0,1380.0,1500.0
19.150000000000002,1644.0,1440.0,1740.0,1200.0,1440.0,1860.0,1380.0,1680.0,1320.0,1320.0,2280.0,2100.0,1560.0,1800.0,1320.0,1740.0,1920.0,2100.0,2160.0,2400.0,900.0,1980.0,1740.0,1740.0,1380.0,1380.0,1500.0,1200.0,1620.0,1500.0,1620.0
19.16,1636.0,1380.0,1800.0,1140.0,1380.0,2040.0,1320.0,1740.0,1260.0,1260.0,2400.0,2160.0,1560.0,1620.0,1200.0,1680.0,1860.0,2100.0,2220.0,2280.0,960.0,1980.0,1680.0,1800.0,1380.0,1440.0,1500.0,1200.0,1620.0,1560.0,1560.0
19.17,1654.0,1320.0,1860.0,1140.0,1560.0,2160.0,1320.0,1680.0,1380.0,1380.0,2280.0,2280.0,1560.0,1500.0,1140.0,1680.0,1980.0,1980.0,2220.0,2280.0,960.0,2160.0,1680.0,1860.0,1320.0,1380.0,1500.0,1200.0,1620.0,1680.0,1560.0
19.18,1640.0,1260.0,1740.0,1080.0,1620.0,2220.0,1320.0,1680.0,1320.0,1200.0,2160.0,2340.0,1680.0,1560.0,1200.0,1620.0,2040.0,2100.0,2280.0,1980.0,1020.0,2100.0,1560.0,1860.0,1320.0,1200.0,1500.0,1260.0,1680.0,1680.0,1620.0
19.19,1634.0,1260.0,1740.0,1080.0,1560.0,2040.0,1320.0,1800.0,1380.0,1200.0,2100.0,2160.0,1680.0,1560.0,1200.0,1560.0,2100.0,1920.0,2280.0,1980.0,1020.0,2100.0,1440.0,1800.0,1440.0,1140.0,1620.0,1200.0,1560.0,1740.0,2040.0
19.2,1638.0,1380.0,1680.0,1080.0,1560.0,2100.0,1260.0,1800.0,1320.0,1200.0,2220.0,2220.0,1620.0,1680.0,1200.0,1620.0,2100.0,1920.0,2220.0,1920.0,1200.0,1800.0,1500.0,1920.0,1440.0,1140.0,1860.0,1140.0,1560.0,1500.0,1980.0
19.21,1640.0,1440.0,1740.0,1080.0,1560.0,2280.0,1260.0,1860.0,1200.0,1080.0,2220.0,2040.0,1620.0,1560.0,1380.0,1620.0,1860.0,1980.0,2220.0,1920.0,1260.0,1800.0,1380.0,1860.0,1380.0,1380.0,1920.0,1200.0,1500.0,1560.0,2040.0
19.22,1622.0,1440.0,1740.0,1080.0,1560.0,2280.0,1320.0,1920.0,1140.0,960.0,2160.0,2220.0,1560.0,1500.0,1440.0,1560.0,1800.0,1980.0,2160.0,1980.0,1140.0,1680.0,1380.0,1800.0,1500.0,1560.0,1740.0,1260.0,1500.0,1320.0,1980.0
19.23,1602.0,1440.0,1740.0,1140.0,1560.0,2220.0,1320.0,1980.0,1140.0,840.0,2160.0,2160.0,1440.0,1560.0,1380.0,1500.0,1800.0,1740.0,2220.0,1740.0,1080.0,1740.0,1380.0,1920.0,1440.0,1620.0,1740.0,1260.0,1560.0,1320.0,1920.0
19.240000000000002,1598.0,1500.0,1740.0,1080.0,1620.0,2160.0,1320.0,1980.0,1140.0,780.0,2040.0,2100.0,1440.0,1560.0,1260.0,1440.0,1620.0,1800.0,2280.0,1740.0,1140.0,1800.0,1560.0,1860.0,1560.0,1500.0,1800.0,1320.0,1620.0,1380.0,1800.0
19.25,1600.0,1440.0,1740.0,1200.0,1740.0,2160.0,1320.0,1860.0,1260.0,720.0,1980.0,2040.0,1380.0,1620.0,1380.0,1380.0,1680.0,1680.0,2220.0,1680.0,1200.0,1800.0,1500.0,1800.0,1560.0,1500.0,1920.0,1320.0,1680.0,1440.0,1800.0
19.26,1584.0,1320.0,1800.0,1260.0,1740.0,2040.0,1260.0,1740.0,1320.0,780.0,1920.0,2040.0,1380.0,1620.0,1380.0,1440.0,1680.0,1500.0,2160.0,1680.0,1260.0,1680.0,1500.0,1800.0,1680.0,1380.0,1980.0,1380.0,1620.0,1320.0,1860.0
19.27,1588.0,1260.0,1920.0,1320.0,1800.0,2040.0,1380.0,1620.0,1260.0,780.0,2040.0,2100.0,1380.0,1800.0,1500.0,1380.0,1620.0,1440.0,2040.0,1680.0,1260.0,1620.0,1500.0,1740.0,1680.0,1380.0,1980.0,1380.0,1740.0,1200.0,1800.0
19.28,1592.0,1260.0,1920.0,1440.0,1860.0,2040.0,1380.0,1620.0,1080.0,840.0,2100.0,2160.0,1380.0,1740.0,1620.0,1320.0,1620.0,1380.0,1980.0,1440.0,1080.0,1860.0,1560.0,1680.0,1680.0,1440.0,2040.0,1380.0,1740.0,1260.0,1860.0
19.29,1590.0,1320.0,1860.0,1560.0,1860.0,1920.0,1320.0,1680.0,1020.0,900.0,2100.0,2160.0,1440.0,1800.0,1620.0,1440.0,1500.0,1380.0,1800.0,1440.0,1080.0,1860.0,1500.0,1500.0,1740.0,1440.0,1980.0,1380.0,1800.0,1320.0,1980.0
19.3,1560.0,1440.0,1860.0,1620.0,1680.0,1860.0,1320.0,1560.0,960.0,900.0,2100.0,2100.0,1440.0,1740.0,1620.0,1440.0,1440.0,1440.0,1800.0,1440.0,1080.0,1620.0,1440.0,1320.0,1620.0,1380.0,1920.0,1440.0,1860.0,1380.0,1980.0
19.31,1572.0,1440.0,1860.0,1620.0,1740.0,1800.0,1380.0,1560.0,900.0,900.0,2100.0,2160.0,1440.0,1800.0,1680.0,1440.0,1500.0,1500.0,1800.0,1500.0,1080.0,1560.0,1260.0,1320.0,1680.0,1440.0,1920.0,1440.0,1980.0,1440.0,1920.0
19.32,1588.0,1500.0,1920.0,1620.0,1680.0,1980.0,1680.0,1560.0,1020.0,960.0,1980.0,2160.0,1440.0,1680.0,1800.0,1380.0,1380.0,1560.0,1800.0,1500.0,1080.0,1560.0,1140.0,1320.0,1740.0,1500.0,1860.0,1320.0,1920.0,1500.0,2100.0
19.330000000000002,1586.0,1320.0,1800.0,1680.0,1680.0,1920.0,1620.0,1500.0,1080.0,1080.0,1920.0,2280.0,1440.0,1680.0,1800.0,1260.0,1380.0,1680.0,1680.0,1620.0,1080.0,1620.0,1140.0,1380.0,1680.0,1500.0,1920.0,1380.0,1920.0,1500.0,2040.0
19.34,1598.0,1380.0,1860.0,1920.0,1560.0,1980.0,1740.0,1560.0,1080.0,1260.0,1860.0,2160.0,1380.0,1740.0,1800.0,1380.0,1500.0,1680.0,1800.0,1620.0,1020.0,1560.0,1140.0,1260.0,1740.0,1380.0,1980.0,1440.0,1860.0,1440.0,1860.0
19.35,1622.0,1440.0,1860.0,1860.0,1620.0,1920.0,1740.0,1680.0,1140.0,1200.0,1860.0,2220.0,1560.0,1680.0,1800.0,1440.0,1560.0,1740.0,1800.0,1620.0,1020.0,1620.0,1200.0,1200.0,1860.0,1440.0,1980.0,1380.0,1800.0,1440.0,1980.0
19.36,1628.0,1500.0,1680.0,1860.0,1500.0,1920.0,1800.0,1560.0,1200.0,1200.0,1680.0,2160.0,1680.0,1740.0,1860.0,1560.0,1440.0,1860.0,1860.0,1680.0,960.0,1680.0,1200.0,1260.0,1920.0,1320.0,1980.0,1500.0,1740.0,1500.0,2040.0
19.37,1616.0,1500.0,1680.0,1920.0,1500.0,1980.0,1860.0,1440.0,1200.0,1260.0,1800.0,2040.0,1560.0,1740.0,1740.0,1680.0,1380.0,1860.0,1680.0,1620.0,960.0,1680.0,1320.0,1380.0,1860.0,1260.0,1980.0,1380.0,1740.0,1440.0,2040.0
19.38,1616.0,1620.0,1740.0,1920.0,1440.0,1860.0,1920.0,1320.0,1140.0,1260.0,1680.0,1920.0,1500.0,1740.0,1980.0,1740.0,1200.0,1980.0,1680.0,1560.0,960.0,1680.0,1140.0,1560.0,1800.0,1200.0,2160.0,1560.0,1680.0,1500.0,2040.0
19.39,1612.0,1680.0,1680.0,1800.0,1500.0,1860.0,1860.0,1320.0,1140.0,1380.0,1620.0,1920.0,1560.0,1680.0,1980.0,1740.0,1080.0,1860.0,1800.0,1620.0,1020.0,1560.0,1200.0,1500.0,1800.0,1200.0,2100.0,1620.0,1680.0,1620.0,1980.0
19.400000000000002,1612.0,1680.0,1800.0,1740.0,1500.0,1680.0,1860.0,1440.0,1260.0,1320.0,1620.0,1740.0,1620.0,1740.0,2100.0,1740.0,1020.0,1800.0,1860.0,1500.0,1080.0,1620.0,1200.0,1500.0,1680.0,1140.0,2160.0,1620.0,1740.0,1620.0,1980.0
19.41,1632.0,1980.0,1800.0,1800.0,1440.0,1800.0,1920.0,1620.0,1260.0,1260.0,1740.0,1680.0,1560.0,1800.0,2100.0,1680.0,1020.0,1800.0,1980.0,1440.0,1200.0,1620.0,1080.0,1560.0,1680.0,1020.0,2160.0,1680.0,1680.0,1620.0,1980.0
19.42,1626.0,1920.0,1620.0,1740.0,1380.0,1740.0,1860.0,1680.0,1200.0,1200.0,1620.0,1740.0,1560.0,1620.0,2220.0,1740.0,1140.0,1860.0,1980.0,1500.0,1140.0,1680.0,1020.0,1560.0,1620.0,1080.0,2220.0,1620.0,1740.0,1680.0,2100.0
19.43,1606.0,1980.0,1620.0,1860.0,1380.0,1680.0,1860.0,1560.0,1140.0,1200.0,1440.0,1920.0,1500.0,1800.0,2160.0,1560.0,1080.0,1800.0,1800.0,1440.0,1080.0,1620.0,1020.0,1620.0,1740.0,1080.0,2160.0,1500.0,1740.0,1740.0,2100.0
19.44,1620.0,2040.0,1620.0,1920.0,1440.0,1680.0,1800.0,1500.0,1200.0,1140.0,1620.0,1800.0,1560.0,1740.0,2220.0,1560.0,1080.0,1860.0,1800.0,1440.0,1080.0,1620.0,1080.0,1560.0,1680.0,1200.0,2160.0,1380.0,1740.0,1800.0,2280.0
19.45,1610.0,2100.0,1440.0,1980.0,1440.0,1680.0,1680.0,1560.0,1200.0,1140.0,1620.0,1800.0,1680.0,1620.0,2220.0,1560.0,1080.0,1740.0,1740.0,1500.0,1080.0,1620.0,1140.0,1500.0,1920.0,1140.0,2100.0,1260.0,1680.0,1860.0,2220.0
19.46,1590.0,1920.0,1440.0,1920.0,1380.0,1740.0,1680.0,1560.0,1200.0,1140.0,1500.0,1800.0,1560.0,1560.0,2040.0,1560.0,1140.0,1680.0,1860.0,1440.0,1140.0,1680.0,1260.0,1560.0,1920.0,1200.0,2040.0,1260.0,1680.0,1620.0,2220.0
19.47,1594.0,1980.0,1380.0,1800.0,1260.0,1740.0,1740.0,1680.0,1200.0,1140.0,1620.0,1680.0,1500.0,1560.0,1920.0,1740.0,1260.0,1620.0,1800.0,1440.0,1140.0,1740.0,1320.0,1680.0,1980.0,1320.0,1920.0,1260.0,1740.0,1560.0,2100.0
19.48,1576.0,1980.0,1380.0,1800.0,1260.0,1740.0,1740.0,1740.0,1140.0,1080.0,1620.0,1680.0,1440.0,1440.0,1860.0,1740.0,1260.0,1620.0,1800.0,1500.0,1140.0,1680.0,1320.0,1620.0,1980.0,1200.0,1920.0,1140.0,1860.0,1500.0,2100.0
19.490000000000002,1612.0,2040.0,1380.0,1860.0,1200.0,1560.0,1800.0,1920.0,1380.0,1200.0,1740.0,1740.0,1440.0,1560.0,1920.0,1800.0,1380.0,1560.0,2040.0,1500.0,1080.0,1680.0,1260.0,1680.0,1920.0,1260.0,1980.0,1080.0,1980.0,1440.0,1980.0
19.5,1620.0,1980.0,1440.0,1860.0,1260.0,1620.0,1860.0,2040.0,1500.0,1260.0,1740.0,1740.0,1500.0,1500.0,1980.0,1800.0,1380.0,1620.0,1980.0,1500.0,1140.0,1560.0,1440.0,1680.0,1740.0,1320.0,1800.0,1080.0,2040.0,1440.0,1800.0
19.51,1620.0,1920.0,1500.0,1800.0,1260.0,1680.0,1920.0,2100.0,1380.0,1260.0,1680.0,1680.0,1500.0,1500.0,1800.0,1800.0,1440.0,1740.0,2040.0,1560.0,1140.0,1500.0,1440.0,1680.0,1800.0,1320.0,1860.0,1020.0,2040.0,1380.0,1860.0
19.52,1626.0,1920.0,1560.0,1860.0,1260.0,1680.0,1800.0,2160.0,1440.0,1200.0,1680.0,1680.0,1500.0,1380.0,1740.0,1680.0,1500.0,1740.0,2220.0,1560.0,1140.0,1500.0,1560.0,1620.0,1740.0,1260.0,1980.0,1080.0,2100.0,1380.0,1860.0
19.53,1630.0,1920.0,1680.0,1800.0,1260.0,1800.0,1800.0,2160.0,1380.0,1200.0,1620.0,1680.0,1560.0,1440.0,1860.0,1560.0,1500.0,1800.0,2160.0,1560.0,1020.0,1560.0,1560.0,1620.0,1740.0,1260.0,1980.0,1080.0,2100.0,1380.0,1860.0
19.54,1636.0,1920.0,1620.0,1620.0,1380.0,1980.0,1980.0,2100.0,1440.0,1140.0,1680.0,1620.0,1620.0,1440.0,1980.0,1500.0,1560.0,1740.0,2280.0,1560.0,1080.0,1740.0,1500.0,1500.0,1620.0,1260.0,1980.0,900.0,2220.0,1380.0,1740.0
19.55,1634.0,1860.0,1560.0,1620.0,1440.0,1980.0,1980.0,2040.0,1500.0,1200.0,1680.0,1440.0,1620.0,1500.0,1980.0,1500.0,1620.0,1740.0,2340.0,1500.0,960.0,1680.0,1560.0,1500.0,1680.0,1140.0,2040.0,900.0,2340.0,1440.0,1680.0
19.56,1626.0,1800.0,1560.0,1620.0,1440.0,1740.0,1980.0,2040.0,1440.0,1200.0,1680.0,1500.0,1620.0,1740.0,2040.0,1560.0,1620.0,1560.0,2340.0,1440.0,1080.0,1620.0,1620.0,1500.0,1620.0,1080.0,2040.0,960.0,2220.0,1440.0,1680.0
19.57,1628.0,1740.0,1440.0,1620.0,1440.0,1680.0,2040.0,2100.0,1380.0,1140.0,1740.0,1380.0,1800.0,1740.0,2040.0,1560.0,1560.0,1560.0,2220.0,1560.0,1020.0,1680.0,1740.0,1620.0,1560.0,1140.0,2100.0,900.0,2100.0,1560.0,1680.0
19.580000000000002,1632.0,1740.0,1380.0,1620.0,1380.0,1560.0,2100.0,2040.0,1320.0,1140.0,1740.0,1440.0,1860.0,1740.0,1980.0,1380.0,1560.0,1620.0,2400.0,1500.0,960.0,1740.0,1980.0,1680.0,1500.0,1200.0,2040.0,1020.0,2160.0,1620.0,1560.0
19.59,1618.0,1800.0,1320.0,1620.0,1260.0,1500.0,1980.0,2040.0,1320.0,1080.0,1740.0,1560.0,1860.0,1620.0,1980.0,1380.0,1440.0,1500.0,2400.0,1500.0,1140.0,1800.0,1920.0,1740.0,1320.0,1080.0,2340.0,1020.0,2040.0,1740.0,1500.0
19.6,1618.0,1860.0,1320.0,1560.0,1320.0,1500.0,2040.0,2040.0,1140.0,1080.0,1800.0,1620.0,1920.0,1620.0,1860.0,1380.0,1380.0,1500.0,2280.0,1440.0,1080.0,1860.0,1980.0,1680.0,1320.0,1200.0,2340.0,1020.0,2100.0,1740.0,1560.0
19.61,1624.0,1800.0,1260.0,1500.0,1320.0,1560.0,2040.0,2160.0,1380.0,1080.0,1800.0,1500.0,1920.0,1560.0,1980.0,1440.0,1380.0,1440.0,2280.0,1200.0,1260.0,1800.0,1920.0,1740.0,1380.0,1140.0,2340.0,1140.0,2100.0,1740.0,1560.0
19.62,1612.0,1740.0,1260.0,1500.0,1320.0,1500.0,2040.0,2100.0,1380.0,1080.0,1740.0,1500.0,1860.0,1560.0,1860.0,1440.0,1380.0,1320.0,2220.0,1200.0,1200.0,1800.0,1980.0,1680.0,1320.0,1140.0,2460.0,1140.0,2220.0,1800.0,1620.0
19.63,1616.0,1740.0,1380.0,1500.0,1260.0,1440.0,1980.0,2040.0,1320.0,1200.0,1740.0,1560.0,1860.0,1680.0,1920.0,1440.0,1140.0,1260.0,2340.0,1200.0,1200.0,1680.0,1920.0,1740.0,1320.0,1200.0,2460.0,1260.0,2220.0,1860.0,1620.0
19.64,1612.0,1740.0,1440.0,1380.0,1260.0,1440.0,2040.0,1980.0,1320.0,1260.0,1740.0,1500.0,2040.0,1500.0,1920.0,1260.0,1140.0,1320.0,2340.0,1260.0,1260.0,1680.0,1860.0,1740.0,1380.0,1260.0,2460.0,1260.0,2220.0,1800.0,1560.0
19.650000000000002,1610.0,1680.0,1380.0,1380.0,1380.0,1500.0,1980.0,2040.0,1260.0,1140.0,1800.0,1620.0,2160.0,1560.0,1860.0,1320.0,1260.0,1260.0,2280.0,1260.0,1200.0,1680.0,1920.0,1680.0,1200.0,1260.0,2280.0,1200.0,2220.0,1860.0,1680.0
19.66,1596.0,1920.0,1380.0,1380.0,1320.0,1560.0,1920.0,1920.0,1320.0,1260.0,1740.0,1560.0,2160.0,1500.0,1680.0,1320.0,1380.0,1380.0,2220.0,1260.0,1140.0,1680.0,1860.0,1500.0,1200.0,1260.0,2220.0,1080.0,2160.0,1800.0,1800.0
19.67,1592.0,1800.0,1440.0,1440.0,1500.0,1560.0,1860.0,1800.0,1260.0,1140.0,1620.0,1560.0,2280.0,1680.0,1680.0,1380.0,1380.0,1380.0,2160.0,1140.0,1200.0,1740.0,1800.0,1560.0,1140.0,1260.0,2100.0,1140.0,2100.0,1740.0,1920.0
19.68,1592.0,1860.0,1500.0,1380.0,1380.0,1560.0,1800.0,1860.0,1260.0,1200.0,1680.0,1680.0,2340.0,1680.0,1740.0,1440.0,1320.0,1380.0,2160.0,1200.0,1260.0,1620.0,1560.0,1620.0,1140.0,1320.0,1980.0,1200.0,2040.0,1680.0,1920.0
19.69,1594.0,1800.0,1380.0,1320.0,1320.0,1620.0,1800.0,1860.0,1200.0,1200.0,1620.0,1740.0,2340.0,1620.0,1800.0,1440.0,1440.0,1260.0,2220.0,1200.0,1320.0,1740.0,1560.0,1560.0,1260.0,1320.0,1980.0,1140.0,2160.0,1680.0,1920.0
19.7,1598.0,1740.0,1440.0,1260.0,1380.0,1740.0,1740.0,1980.0,1320.0,1020.0,1740.0,1680.0,2400.0,1500.0,1920.0,1380.0,1260.0,1380.0,1980.0,1200.0,1320.0,1800.0,1680.0,1560.0,1260.0,1380.0,1980.0,1260.0,2220.0,1560.0,1860.0
19.71,1580.0,1740.0,1380.0,1260.0,1320.0,1680.0,1620.0,1860.0,1320.0,1080.0,1740.0,1560.0,2220.0,1440.0,1860.0,1440.0,1260.0,1320.0,2160.0,1260.0,1440.0,1800.0,1500.0,1620.0,1320.0,1380.0,1860.0,1320.0,2160.0,1560.0,1920.0
19.72,1576.0,1560.0,1260.0,1140.0,1380.0,1740.0,1680.0,1740.0,1320.0,1080.0,1620.0,1680.0,2220.0,1500.0,1980.0,1440.0,1380.0,1260.0,2100.0,1200.0,1380.0,1680.0,1620.0,1560.0,1320.0,1320.0,1980.0,1380.0,2280.0,1560.0,1920.0
19.73,1566.0,1800.0,1380.0,1260.0,1320.0,1620.0,1680.0,1680.0,1320.0,1080.0,1620.0,1440.0,2220.0,1620.0,1920.0,1560.0,1380.0,1200.0,2040.0,1140.0,1320.0,1620.0,1560.0,1440.0,1200.0,1380.0,2040.0,1320.0,2280.0,1620.0,1920.0
19.740000000000002,1550.0,1860.0,1380.0,1260.0,1380.0,1500.0,1740.0,1680.0,1380.0,1080.0,1680.0,1380.0,2160.0,1560.0,1740.0,1620.0,1440.0,1260.0,1980.0,1020.0,1320.0,1620.0,1500.0,1320.0,1140.0,1260.0,2100.0,1320.0,2280.0,1680.0,1860.0
19.75,1560.0,1800.0,1440.0,1380.0,1380.0,1500.0,1740.0,1800.0,1380.0,1260.0,1680.0,1380.0,2040.0,1620.0,1740.0,1500.0,1500.0,1260.0,1980.0,1020.0,1260.0,1500.0,1440.0,1320.0,1200.0,1260.0,2040.0,1380.0,2280.0,1740.0,1980.0
19.76,1556.0,1740.0,1380.0,1320.0,1380.0,1320.0,1860.0,1680.0,1440.0,1260.0,1620.0,1380.0,2040.0,1560.0,1800.0,1560.0,1380.0,1260.0,2040.0,1020.0,1380.0,1440.0,1440.0,1320.0,1200.0,1500.0,2100.0,1380.0,2160.0,1680.0,2040.0
19.77,1530.0,1740.0,1380.0,1320.0,1260.0,1380.0,1800.0,1620.0,1440.0,1260.0,1680.0,1440.0,1920.0,1680.0,1800.0,1500.0,1260.0,1200.0,1980.0,960.0,1440.0,1440.0,1500.0,1260.0,1200.0,1440.0,1980.0,1320.0,2100.0,1620.0,1980.0
19.78,1520.0,1740.0,1500.0,1200.0,1380.0,1380.0,1680.0,1560.0,1440.0,1200.0,1680.0,1440.0,1920.0,1740.0,1920.0,1500.0,1200.0,1320.0,2040.0,1020.0,1380.0,1380.0,1560.0,1140.0,1140.0,1380.0,1920.0,1320.0,2040.0,1560.0,1920.0
19.79,1536.0,1800.0,1620.0,1200.0,1380.0,1440.0,1740.0,1440.0,1380.0,1260.0,1860.0,1380.0,1980.0,1860.0,2040.0,1500.0,1320.0,1260.0,2100.0,1020.0,1380.0,1380.0,1560.0,1080.0,1200.0,1380.0,1920.0,1320.0,1920.0,1440.0,1920.0
19.8,1540.0,1860.0,1680.0,1200.0,1440.0,1380.0,1740.0,1500.0,1440.0,1260.0,1920.0,1380.0,1980.0,1860.0,1920.0,1500.0,1320.0,1260.0,2040.0,960.0,1260.0,1380.0,1680.0,1080.0,1200.0,1320.0,1860.0,1320.0,1920.0,1500.0,2040.0
19.81,1546.0,1800.0,1620.0,1200.0,1500.0,1500.0,1680.0,1560.0,1380.0,1200.0,1920.0,1320.0,1980.0,1920.0,1740.0,1500.0,1380.0,1320.0,2040.0,1020.0,1200.0,1380.0,1620.0,1080.0,1380.0,1380.0,1860.0,1380.0,1860.0,1560.0,2100.0
19.82,1548.0,1620.0,1620.0,1260.0,1560.0,1560.0,1620.0,1560.0,1380.0,1320.0,1800.0,1200.0,1920.0,1860.0,1740.0,1440.0,1440.0,1320.0,1920.0,1200.0,1200.0,1380.0,1680.0,1140.0,1320.0,1380.0,2100.0,1320.0,1800.0,1560.0,2220.0
19.830000000000002,1574.0,1800.0,1620.0,1380.0,1680.0,1620.0,1800.0,1620.0,1440.0,1200.0,1860.0,1260.0,1920.0,1860.0,1680.0,1440.0,1440.0,1320.0,1980.0,1200.0,1260.0,1380.0,1620.0,1140.0,1320.0,1500.0,1980.0,1380.0,1740.0,1560.0,2220.0
19.84,1598.0,1860.0,1620.0,1380.0,1620.0,1620.0,1980.0,1740.0,1440.0,1200.0,1980.0,1320.0,1980.0,1980.0,1740.0,1500.0,1440.0,1260.0,2040.0,1260.0,1260.0,1440.0,1740.0,1140.0,1320.0,1560.0,1920.0,1320.0,1680.0,1500.0,2100.0
19.85,1614.0,1800.0,1680.0,1440.0,1620.0,1920.0,1980.0,1620.0,1560.0,1320.0,1980.0,1380.0,1920.0,2100.0,1740.0,1620.0,1500.0,1320.0,2040.0,1380.0,1200.0,1500.0,1620.0,1080.0,1200.0,1560.0,1860.0,1380.0,1680.0,1440.0,1980.0
19.86,1580.0,1620.0,1740.0,1500.0,1560.0,1920.0,1920.0,1500.0,1560.0,1320.0,1980.0,1440.0,1800.0,2160.0,1560.0,1560.0,1500.0,1320.0,1980.0,1440.0,1140.0,1380.0,1680.0,1140.0,1200.0,1560.0,1800.0,1200.0,1560.0,1440.0,1920.0
19.87,1588.0,1560.0,1620.0,1500.0,1620.0,2040.0,1920.0,1560.0,1620.0,1440.0,1920.0,1500.0,1620.0,2160.0,1560.0,1560.0,1440.0,1380.0,1920.0,1500.0,1020.0,1500.0,1740.0,1260.0,1140.0,1620.0,1740.0,1260.0,1620.0,1440.0,1860.0
19.88,1584.0,1380.0,1560.0,1620.0,1620.0,2100.0,1920.0,1560.0,1620.0,1500.0,1920.0,1560.0,1620.0,2280.0,1500.0,1560.0,1440.0,1380.0,1800.0,1500.0,1020.0,1500.0,1680.0,1140.0,1200.0,1620.0,1740.0,1320.0,1620.0,1440.0,1800.0
19.89,1562.0,1320.0,1560.0,1500.0,1680.0,2100.0,1920.0,1620.0,1560.0,1440.0,1980.0,1800.0,1560.0,2340.0,1320.0,1560.0,1500.0,1320.0,1800.0,1560.0,960.0,1440.0,1680.0,1080.0,1140.0,1560.0,1740.0,1200.0,1560.0,1440.0,1620.0
19.900000000000002,1556.0,1380.0,1560.0,1380.0,1680.0,2100.0,1920.0,1620.0,1380.0,1440.0,1980.0,1680.0,1560.0,2400.0,1320.0,1560.0,1560.0,1320.0,1560.0,1500.0,960.0,1380.0,1620.0,1140.0,1380.0,1500.0,1680.0,1380.0,1680.0,1380.0,1680.0
19.91,1550.0,1440.0,1620.0,1500.0,1740.0,2040.0,1980.0,1560.0,1440.0,1500.0,1740.0,1620.0,1560.0,2340.0,1380.0,1500.0,1560.0,1380.0,1680.0,1560.0,1020.0,1320.0,1620.0,1140.0,1260.0,1500.0,1380.0,1380.0,1680.0,1320.0,1740.0
19.92,1574.0,1380.0,1800.0,1560.0,1860.0,2220.0,1860.0,1560.0,1500.0,1560.0,1680.0,1560.0,1560.0,2340.0,1380.0,1560.0,1380.0,1440.0,1680.0,1440.0,1080.0,1380.0,1740.0,1260.0,1320.0,1560.0,1380.0,1440.0,1740.0,1320.0,1680.0
19.93,1572.0,1320.0,1800.0,1620.0,1800.0,2160.0,1800.0,1560.0,1620.0,1500.0,1680.0,1500.0,1560.0,2280.0,1380.0,1560.0,1380.0,1500.0,1800.0,1620.0,1140.0,1380.0,1740.0,1380.0,1320.0,1620.0,1260.0,1380.0,1560.0,1380.0,1560.0
19.94,1550.0,1320.0,1800.0,1800.0,1740.0,2040.0,1740.0,1560.0,1560.0,1500.0,1620.0,1500.0,1500.0,2280.0,1440.0,1500.0,1320.0,1380.0,1800.0,1680.0,1140.0,1320.0,1620.0,1560.0,1320.0,1740.0,1080.0,1320.0,1440.0,1320.0,1560.0
19.95,1516.0,1260.0,1680.0,1800.0,1800.0,2040.0,1620.0,1560.0,1560.0,1560.0,1500.0,1380.0,1380.0,2220.0,1380.0,1500.0,1440.0,1380.0,1860.0,1620.0,1080.0,1260.0,1560.0,1560.0,1320.0,1620.0,1140.0,1320.0,1380.0,1140.0,1560.0
19.96,1520.0,1320.0,1620.0,1620.0,1860.0,2040.0,1620.0,1620.0,1560.0,1560.0,1440.0,1200.0,1260.0,2340.0,1500.0,1440.0,1440.0,1560.0,1920.0,1800.0,1020.0,1200.0,1500.0,1620.0,1320.0,1680.0,1140.0,1440.0,1320.0,1140.0,1500.0
19.97,1510.0,1260.0,1680.0,1620.0,1860.0,2100.0,1620.0,1740.0,1440.0,1560.0,1440.0,1140.0,1200.0,2340.0,1500.0,1440.0,1500.0,1500.0,1860.0,1860.0,900.0,1020.0,1440.0,1680.0,1320.0,1680.0,1200.0,1440.0,1380.0,1140.0,1440.0
19.98,1502.0,1200.0,1620.0,1680.0,1860.0,2100.0,1620.0,1860.0,1500.0,1380.0,1500.0,1140.0,1380.0,2280.0,1500.0,1440.0,1500.0,1500.0,1740.0,1860.0,840.0,1020.0,1380.0,1680.0,1200.0,1680.0,1200.0,1500.0,1500.0,1140.0,1260.0
19.990000000000002,1508.0,1320.0,1620.0,1740.0,1920.0,2040.0,1560.0,2040.0,1560.0,1380.0,1500.0,1140.0,1380.0,2160.0,1620.0,1500.0,1440.0,1440.0,1740.0,1860.0,780.0,1020.0,1440.0,1620.0,1140.0,1740.0,1140.0,1500.0,1440.0,1140.0,1320.0
20.0,1470.0,1320.0,1500.0,1800.0,1920.0,1920.0,1560.0,2160.0,1500.0,1380.0,1440.0,1140.0,1380.0,2100.0,1500.0,1440.0,1440.0,1380.0,1680.0,1860.0,720.0,900.0,1380.0,1500.0,1080.0,1680.0,1140.0,1380.0,1440.0,1140.0,1320.0
20.01,1450.0,1260.0,1560.0,1860.0,1920.0,1980.0,1500.0,1980.0,1560.0,1380.0,1380.0,1260.0,1320.0,2100.0,1620.0,1380.0,1440.0,1380.0,1680.0,1860.0,660.0,960.0,1320.0,1380.0,1020.0,1620.0,960.0,1260.0,1500.0,1080.0,1320.0
20.02,1466.0,1140.0,1740.0,1800.0,1980.0,2100.0,1560.0,2040.0,1800.0,1380.0,1380.0,1200.0,1380.0,2160.0,1560.0,1500.0,1380.0,1380.0,1740.0,1800.0,660.0,960.0,1200.0,1440.0,1080.0,1620.0,900.0,1200.0,1500.0,1020.0,1380.0
20.03,1474.0,1200.0,1680.0,1860.0,1980.0,2040.0,1500.0,2100.0,1860.0,1380.0,1380.0,1320.0,1440.0,1980.0,1560.0,1380.0,1320.0,1440.0,1740.0,1800.0,720.0,960.0,1200.0,1500.0,1020.0,1560.0,900.0,1140.0,1560.0,1020.0,1680.0
20.04,1502.0,1260.0,1680.0,1860.0,1920.0,2100.0,1500.0,2100.0,1920.0,1380.0,1560.0,1440.0,1500.0,1980.0,1620.0,1500.0,1380.0,1440.0,1740.0,1800.0,720.0,960.0,1140.0,1560.0,1140.0,1440.0,840.0,1140.0,1680.0,1080.0,1680.0
20.05,1534.0,1200.0,1680.0,1800.0,1980.0,2040.0,1620.0,2160.0,1920.0,1380.0,1740.0,1440.0,1440.0,1980.0,1680.0,1440.0,1320.0,1560.0,1800.0,1980.0,780.0,1020.0,1080.0,1680.0,1200.0,1380.0,960.0,1200.0,1740.0,1020.0,1800.0
20.06,1528.0,1200.0,1740.0,1800.0,1980.0,1740.0,1740.0,2160.0,1980.0,1320.0,1740.0,1680.0,1260.0,1800.0,1620.0,1380.0,1320.0,1620.0,1800.0,1920.0,780.0,1200.0,960.0,1620.0,1260.0,1440.0,1080.0,1140.0,1740.0,1080.0,1740.0
20.07,1518.0,1260.0,1680.0,1740.0,2040.0,1680.0,1560.0,2100.0,2040.0,1260.0,1680.0,1620.0,1320.0,1740.0,1500.0,1380.0,1320.0,1740.0,1680.0,1980.0,720.0,1260.0,900.0,1680.0,1380.0,1440.0,1140.0,1080.0,1800.0,1080.0,1740.0
20.080000000000002,1494.0,1320.0,1620.0,1620.0,2040.0,1620.0,1620.0,1980.0,2040.0,1200.0,1560.0,1620.0,1320.0,1680.0,1440.0,1440.0,1380.0,1740.0,1440.0,1920.0,660.0,1380.0,960.0,1620.0,1380.0,1500.0,1260.0,900.0,1680.0,1080.0,1800.0
20.09,1480.0,1320.0,1680.0,1800.0,1920.0,1620.0,1560.0,1980.0,1920.0,1020.0,1560.0,1740.0,1380.0,1680.0,1380.0,1320.0,1320.0,1680.0,1320.0,2040.0,720.0,1440.0,960.0,1560.0,1380.0,1440.0,1200.0,1080.0,1680.0,1080.0,1620.0
20.1,1494.0,1440.0,1740.0,1800.0,1980.0,1740.0,1620.0,1800.0,1980.0,900.0,1560.0,1740.0,1560.0,1860.0,1260.0,1320.0,1260.0,1620.0,1500.0,2100.0,720.0,1560.0,900.0,1620.0,1320.0,1440.0,1140.0,1020.0,1800.0,1080.0,1440.0
20.11,1498.0,1380.0,1680.0,1920.0,1980.0,1560.0,1680.0,1800.0,1980.0,900.0,1560.0,1800.0,1620.0,1920.0,1260.0,1320.0,1260.0,1620.0,1500.0,1980.0,900.0,1560.0,900.0,1680.0,1260.0,1380.0,1200.0,1080.0,1800.0,1080.0,1380.0
20.12,1494.0,1440.0,1620.0,1920.0,1980.0,1500.0,1680.0,1740.0,1920.0,900.0,1500.0,1800.0,1560.0,1920.0,1200.0,1320.0,1320.0,1740.0,1500.0,1920.0,900.0,1560.0,720.0,1680.0,1380.0,1320.0,1200.0,1140.0,1800.0,1200.0,1440.0
20.13,1492.0,1380.0,1500.0,1980.0,1980.0,1620.0,1680.0,1560.0,1740.0,900.0,1500.0,1860.0,1560.0,1980.0,1260.0,1440.0,1380.0,1680.0,1500.0,1860.0,840.0,1620.0,780.0,1800.0,1500.0,1380.0,1140.0,1140.0,1740.0,1020.0,1440.0
20.14,1476.0,1440.0,1380.0,1980.0,1860.0,1560.0,1560.0,1560.0,1860.0,900.0,1560.0,1740.0,1500.0,1800.0,1140.0,1560.0,1320.0,1680.0,1560.0,1800.0,840.0,1680.0,780.0,1680.0,1500.0,1320.0,1140.0,1140.0,1680.0,1200.0,1560.0
20.150000000000002,1436.0,1320.0,1440.0,1920.0,1860.0,1560.0,1440.0,1560.0,1800.0,780.0,1620.0,1740.0,1380.0,1680.0,1140.0,1500.0,1320.0,1620.0,1500.0,1680.0,840.0,1680.0,780.0,1620.0,1620.0,1380.0,1020.0,1140.0,1620.0,1080.0,1440.0
20.16,1414.0,1380.0,1320.0,1860.0,1920.0,1620.0,1440.0,1440.0,1620.0,840.0,1560.0,1800.0,1260.0,1560.0,1020.0,1440.0,1320.0,1500.0,1560.0,1620.0,960.0,1680.0,840.0,1680.0,1620.0,1500.0,960.0,1080.0,1440.0,1140.0,1440.0
20.17,1380.0,1320.0,1380.0,1920.0,1920.0,1680.0,1320.0,1200.0,1740.0,780.0,1500.0,1620.0,1260.0,1620.0,960.0,1560.0,1200.0,1440.0,1560.0,1500.0,960.0,1680.0,780.0,1620.0,1620.0,1320.0,900.0,1080.0,1380.0,1140.0,1440.0
20.18,1384.0,1320.0,1380.0,1800.0,1980.0,1620.0,1440.0,1200.0,1800.0,780.0,1380.0,1620.0,1320.0,1740.0,1080.0,1560.0,1200.0,1380.0,1560.0,1560.0,1020.0,1740.0,780.0,1680.0,1560.0,1260.0,960.0,1080.0,1260.0,1140.0,1320.0
20.19,1398.0,1380.0,1380.0,1800.0,1980.0,1680.0,1440.0,1140.0,1860.0,840.0,1440.0,1560.0,1320.0,1740.0,960.0,1740.0,1140.0,1140.0,1560.0,1620.0,1140.0,1740.0,780.0,1620.0,1620.0,1200.0,1140.0,1080.0,1380.0,1200.0,1320.0
20.2,1420.0,1380.0,1260.0,1800.0,1860.0,1620.0,1380.0,1200.0,1980.0,1020.0,1440.0,1560.0,1380.0,1740.0,1080.0,1740.0,1260.0,1080.0,1740.0,1680.0,1080.0,1800.0,780.0,1500.0,1680.0,1140.0,1200.0,1140.0,1380.0,1380.0,1320.0
20.21,1410.0,1440.0,1080.0,1740.0,1860.0,1620.0,1380.0,1200.0,1860.0,1080.0,1380.0,1500.0,1320.0,1740.0,1140.0,1560.0,1440.0,1020.0,1740.0,1740.0,1140.0,1860.0,840.0,1560.0,1560.0,1140.0,1260.0,1140.0,1260.0,1380.0,1320.0
20.22,1402.0,1440.0,1080.0,1680.0,1740.0,1440.0,1320.0,1200.0,1800.0,1080.0,1380.0,1560.0,1320.0,1680.0,1140.0,1500.0,1560.0,1080.0,1860.0,1680.0,1080.0,1860.0,900.0,1620.0,1620.0,1140.0,1260.0,1140.0,1260.0,1380.0,1260.0
20.23,1404.0,1440.0,1200.0,1800.0,1620.0,1380.0,1380.0,1140.0,1860.0,1080.0,1380.0,1500.0,1320.0,1680.0,1080.0,1500.0,1560.0,1020.0,1860.0,1800.0,1020.0,1860.0,1020.0,1500.0,1620.0,1200.0,1260.0,1080.0,1260.0,1380.0,1320.0
20.240000000000002,1380.0,1260.0,1320.0,1620.0,1560.0,1380.0,1440.0,1200.0,1980.0,1080.0,1380.0,1260.0,1500.0,1560.0,1140.0,1380.0,1560.0,1020.0,1860.0,1680.0,1080.0,1800.0,1080.0,1320.0,1560.0,1260.0,1260.0,1080.0,1200.0,1380.0,1200.0
20.25,1382.0,1260.0,1440.0,1680.0,1380.0,1380.0,1440.0,1260.0,2040.0,1140.0,1260.0,1320.0,1680.0,1440.0,1140.0,1380.0,1560.0,1020.0,1980.0,1560.0,1080.0,1800.0,1080.0,1260.0,1500.0,1140.0,1260.0,1140.0,1260.0,1320.0,1260.0
20.26,1384.0,1200.0,1380.0,1620.0,1440.0,1500.0,1500.0,1260.0,1980.0,1140.0,1260.0,1380.0,1680.0,1560.0,1200.0,1320.0,1500.0,1020.0,1860.0,1560.0,1140.0,1740.0,1080.0,1260.0,1500.0,1140.0,1380.0,1140.0,1260.0,1260.0,1260.0
20.27,1386.0,1140.0,1380.0,1680.0,1440.0,1560.0,1560.0,1200.0,1860.0,1260.0,1260.0,1380.0,1740.0,1500.0,1320.0,1260.0,1440.0,1080.0,1920.0,1560.0,1140.0,1620.0,1140.0,1260.0,1440.0,1140.0,1380.0,1140.0,1200.0,1320.0,1260.0
20.28,1390.0,1260.0,1440.0,1620.0,1440.0,1500.0,1500.0,1260.0,1980.0,1260.0,1260.0,1560.0,1740.0,1500.0,1320.0,1140.0,1440.0,1140.0,1860.0,1620.0,1320.0,1620.0,1080.0,1140.0,1500.0,1080.0,1440.0,1020.0,1200.0,1260.0,1200.0
20.29,1398.0,1260.0,1500.0,1680.0,1440.0,1500.0,1560.0,1320.0,1860.0,1260.0,1200.0,1500.0,1740.0,1500.0,1260.0,1200.0,1440.0,1140.0,1920.0,1560.0,1320.0,1440.0,1080.0,1080.0,1500.0,1200.0,1560.0,1020.0,1320.0,1320.0,1260.0
20.3,1390.0,1320.0,1440.0,1620.0,1440.0,1560.0,1680.0,1320.0,1860.0,1260.0,1260.0,1440.0,1740.0,1560.0,1260.0,1140.0,1500.0,1140.0,1860.0,1440.0,1320.0,1380.0,1140.0,1080.0,1320.0,1200.0,1620.0,1020.0,1320.0,1320.0,1140.0
20.31,1412.0,1260.0,1620.0,1620.0,1440.0,1620.0,1680.0,1380.0,1800.0,1320.0,1380.0,1440.0,1800.0,1500.0,1200.0,1200.0,1560.0,1200.0,1860.0,1380.0,1260.0,1380.0,1140.0,1140.0,1260.0,1140.0,1620.0,1260.0,1380.0,1380.0,1140.0
20.32,1416.0,1380.0,1560.0,1560.0,1440.0,1680.0,1740.0,1260.0,1860.0,1380.0,1320.0,1440.0,1860.0,1440.0,1260.0,1320.0,1560.0,1140.0,1920.0,1260.0,1320.0,1320.0,1320.0,1080.0,1200.0,1080.0,1680.0,1260.0,1380.0,1320.0,1140.0
20.330000000000002,1390.0,1320.0,1440.0,1500.0,1440.0,1620.0,1740.0,1140.0,1800.0,1380.0,1260.0,1380.0,1800.0,1500.0,1380.0,1260.0,1500.0,1080.0,1860.0,1320.0,1380.0,1080.0,1380.0,1020.0,1260.0,1020.0,1740.0,1260.0,1380.0,1320.0,1140.0
20.34,1374.0,1380.0,1380.0,1560.0,1500.0,1620.0,1740.0,1200.0,1680.0,1500.0,1320.0,1320.0,1740.0,1440.0,1440.0,1140.0,1440.0,960.0,1800.0,1260.0,1380.0,1020.0,1440.0,1020.0,1200.0,960.0,1740.0,1260.0,1320.0,1440.0,1020.0
20.35,1370.0,1500.0,1320.0,1620.0,1500.0,1560.0,1680.0,1200.0,1740.0,1560.0,1440.0,1260.0,1740.0,1380.0,1320.0,1140.0,1440.0,1020.0,1680.0,1200.0,1260.0,960.0,1560.0,960.0,1200.0,960.0,1860.0,1380.0,1260.0,1440.0,960.0
20.36,1370.0,1440.0,1380.0,1620.0,1620.0,1620.0,1440.0,1080.0,1620.0,1560.0,1320.0,1200.0,1980.0,1320.0,1380.0,1140.0,1440.0,960.0,1620.0,1260.0,1200.0,900.0,1560.0,960.0,1200.0,1080.0,1920.0,1500.0,1320.0,1500.0,960.0
20.37,1368.0,1560.0,1440.0,1620.0,1680.0,1560.0,1380.0,1080.0,1560.0,1560.0,1380.0,1200.0,2040.0,1140.0,1320.0,1200.0,1440.0,960.0,1560.0,1200.0,1200.0,840.0,1560.0,960.0,1200.0,1140.0,1920.0,1380.0,1380.0,1500.0,1080.0
20.38,1366.0,1560.0,1500.0,1620.0,1680.0,1620.0,1440.0,1140.0,1560.0,1620.0,1320.0,1200.0,1860.0,1140.0,1380.0,1200.0,1380.0,900.0,1560.0,1200.0,1080.0,840.0,1500.0,1080.0,1140.0,1260.0,1800.0,1380.0,1380.0,1440.0,1200.0
20.39,1376.0,1620.0,1500.0,1620.0,1560.0,1560.0,1440.0,1200.0,1680.0,1620.0,1260.0,1140.0,1920.0,1260.0,1380.0,1200.0,1320.0,900.0,1560.0,1320.0,1080.0,840.0,1680.0,1140.0,1140.0,1320.0,1740.0,1320.0,1320.0,1320.0,1320.0
20.400000000000002,1376.0,1620.0,1500.0,1680.0,1560.0,1440.0,1320.0,1380.0,1740.0,1560.0,1200.0,1080.0,2040.0,1200.0,1320.0,1200.0,1380.0,1080.0,1620.0,1320.0,1200.0,720.0,1620.0,1080.0,1140.0,1140.0,1740.0,1380.0,1320.0,1320.0,1380.0
20.41,1382.0,1620.0,1560.0,1800.0,1620.0,1500.0,1380.0,1380.0,1800.0,1560.0,1320.0,960.0,2040.0,1080.0,1320.0,1260.0,1260.0,1200.0,1680.0,1440.0,1140.0,840.0,1620.0,1080.0,960.0,1200.0,1680.0,1380.0,1260.0,1080.0,1440.0
20.42,1384.0,1560.0,1620.0,1800.0,1560.0,1500.0,1380.0,1560.0,1620.0,1560.0,1260.0,960.0,2040.0,1140.0,1320.0,1260.0,1140.0,1200.0,1740.0,1500.0,1080.0,900.0,1560.0,1200.0,960.0,1140.0,1680.0,1500.0,1380.0,1020.0,1380.0
20.43,1394.0,1500.0,1680.0,1860.0,1440.0,1320.0,1200.0,1560.0,1560.0,1560.0,1260.0,900.0,2040.0,1260.0,1320.0,1260.0,1260.0,1200.0,1740.0,1740.0,1200.0,1020.0,1560.0,1200.0,1020.0,1080.0,1740.0,1380.0,1320.0,1140.0,1500.0
20.44,1384.0,1500.0,1680.0,1800.0,1320.0,1260.0,1140.0,1620.0,1560.0,1500.0,1260.0,840.0,1980.0,1320.0,1320.0,1320.0,1200.0,1320.0,1680.0,1740.0,1200.0,1020.0,1560.0,1140.0,960.0,1140.0,1800.0,1440.0,1440.0,1080.0,1380.0
20.45,1394.0,1500.0,1620.0,1980.0,1380.0,1320.0,1140.0,1440.0,1380.0,1560.0,1200.0,720.0,1920.0,1320.0,1440.0,1380.0,1260.0,1320.0,1620.0,1680.0,1200.0,1020.0,1680.0,1140.0,960.0,1260.0,1740.0,1560.0,1500.0,1080.0,1500.0
20.46,1398.0,1500.0,1560.0,2100.0,1260.0,1380.0,1140.0,1440.0,1500.0,1560.0,1320.0,720.0,1920.0,1200.0,1380.0,1440.0,1260.0,1380.0,1680.0,1800.0,1200.0,1080.0,1680.0,1140.0,720.0,1260.0,1740.0,1560.0,1440.0,1080.0,1500.0
20.47,1396.0,1560.0,1500.0,2220.0,1380.0,1320.0,1140.0,1440.0,1440.0,1380.0,1260.0,660.0,1980.0,1260.0,1440.0,1500.0,1320.0,1320.0,1800.0,1680.0,1020.0,1140.0,1740.0,1140.0,720.0,1260.0,1620.0,1620.0,1440.0,1080.0,1500.0
20.48,1398.0,1500.0,1560.0,2280.0,1440.0,1140.0,960.0,1500.0,1440.0,1500.0,1320.0,780.0,1980.0,1320.0,1380.0,1560.0,1260.0,1320.0,1740.0,1620.0,960.0,1200.0,1680.0,1200.0,840.0,1260.0,1560.0,1620.0,1440.0,1080.0,1500.0
20.490000000000002,1390.0,1500.0,1560.0,2280.0,1380.0,1140.0,960.0,1560.0,1440.0,1500.0,1140.0,780.0,1860.0,1440.0,1380.0,1620.0,1200.0,1260.0,1680.0,1620.0,900.0,1260.0,1680.0,1260.0,840.0,1380.0,1440.0,1500.0,1560.0,1200.0,1380.0
20.5,1382.0,1500.0,1620.0,2220.0,1440.0,1140.0,1020.0,1500.0,1440.0,1440.0,1080.0,780.0,1980.0,1440.0,1380.0,1560.0,1260.0,1260.0,1620.0,1680.0,840.0,1200.0,1620.0,1260.0,840.0,1380.0,1380.0,1440.0,1560.0,1200.0,1380.0
20.51,1392.0,1560.0,1620.0,2160.0,1500.0,1140.0,1020.0,1440.0,1260.0,1320.0,1140.0,780.0,1980.0,1380.0,1380.0,1560.0,1260.0,1320.0,1620.0,1740.0,900.0,1260.0,1620.0,1320.0,900.0,1380.0,1380.0,1500.0,1680.0,1140.0,1500.0
20.52,1408.0,1560.0,1620.0,2160.0,1620.0,1140.0,1020.0,1440.0,1200.0,1260.0,1200.0,900.0,2040.0,1320.0,1380.0,1620.0,1140.0,1260.0,1620.0,1740.0,780.0,1500.0,1800.0,1380.0,900.0,1440.0,1260.0,1500.0,1740.0,1200.0,1500.0
20.53,1404.0,1560.0,1380.0,2220.0,1740.0,1200.0,1080.0,1440.0,1200.0,1260.0,1260.0,960.0,1980.0,1380.0,1440.0,1500.0,1260.0,1140.0,1560.0,1680.0,780.0,1500.0,1920.0,1380.0,960.0,1380.0,1140.0,1500.0,1620.0,1200.0,1500.0
20.54,1430.0,1680.0,1440.0,2220.0,1740.0,1140.0,1080.0,1560.0,1200.0,1320.0,1260.0,1080.0,1980.0,1260.0,1440.0,1440.0,1260.0,1200.0,1620.0,1680.0,840.0,1620.0,1980.0,1440.0,960.0,1500.0,1080.0,1440.0,1560.0,1260.0,1620.0
20.55,1446.0,1620.0,1500.0,2100.0,1800.0,1140.0,1080.0,1500.0,1200.0,1440.0,1440.0,1080.0,1980.0,1140.0,1380.0,1440.0,1260.0,1260.0,1620.0,1680.0,1020.0,1620.0,1980.0,1440.0,1080.0,1560.0,1080.0,1320.0,1680.0,1320.0,1620.0
20.56,1432.0,1680.0,1620.0,2040.0,1860.0,1020.0,1140.0,1500.0,1260.0,1440.0,1320.0,1020.0,2100.0,1080.0,1320.0,1500.0,1260.0,1200.0,1560.0,1620.0,960.0,1620.0,2040.0,1500.0,1020.0,1500.0,1080.0,1260.0,1560.0,1320.0,1560.0
20.57,1430.0,1680.0,1620.0,2100.0,1860.0,1020.0,1140.0,1500.0,1320.0,1500.0,1320.0,1020.0,1980.0,1080.0,1260.0,1500.0,1200.0,1140.0,1620.0,1800.0,1140.0,1560.0,2040.0,1500.0,1020.0,1320.0,960.0,1140.0,1620.0,1320.0,1620.0
20.580000000000002,1426.0,1620.0,1560.0,2040.0,1860.0,1020.0,1140.0,1560.0,1320.0,1500.0,1380.0,1080.0,1980.0,1140.0,1260.0,1380.0,1200.0,1140.0,1440.0,1860.0,1200.0,1500.0,1860.0,1560.0,1260.0,1260.0,960.0,1140.0,1620.0,1320.0,1620.0
20.59,1440.0,1620.0,1620.0,2100.0,1860.0,1080.0,1080.0,1620.0,1320.0,1440.0,1260.0,1140.0,2040.0,1200.0,1380.0,1380.0,1200.0,1140.0,1380.0,1860.0,1260.0,1680.0,1860.0,1440.0,1320.0,1320.0,960.0,1020.0,1680.0,1380.0,1560.0
20.6,1448.0,1680.0,1680.0,2160.0,1800.0,1080.0,1080.0,1560.0,1320.0,1500.0,1320.0,1140.0,2100.0,1200.0,1320.0,1380.0,1140.0,1200.0,1440.0,1800.0,1320.0,1740.0,1800.0,1440.0,1260.0,1500.0,960.0,1020.0,1680.0,1320.0,1500.0
20.61,1440.0,1620.0,1680.0,2100.0,1800.0,1020.0,1140.0,1560.0,1440.0,1380.0,1320.0,1140.0,1920.0,1200.0,1200.0,1260.0,1140.0,1320.0,1440.0,1740.0,1200.0,1920.0,1860.0,1500.0,1260.0,1500.0,1080.0,960.0,1680.0,1260.0,1560.0
20.62,1436.0,1560.0,1620.0,2280.0,1920.0,1020.0,1020.0,1560.0,1380.0,1440.0,1320.0,1200.0,1680.0,1140.0,1260.0,1320.0,1140.0,1200.0,1500.0,1740.0,1260.0,1860.0,1920.0,1560.0,1260.0,1500.0,1140.0,960.0,1620.0,1140.0,1560.0
20.63,1442.0,1560.0,1680.0,2220.0,1920.0,1020.0,1140.0,1560.0,1440.0,1500.0,1260.0,1260.0,1560.0,1140.0,1200.0,1380.0,1200.0,1260.0,1500.0,1740.0,1320.0,1920.0,1920.0,1620.0,1200.0,1620.0,1020.0,1020.0,1500.0,1140.0,1440.0
20.64,1432.0,1500.0,1680.0,2100.0,1800.0,840.0,1140.0,1560.0,1440.0,1560.0,1200.0,1260.0,1620.0,1200.0,1140.0,1440.0,1200.0,1320.0,1500.0,1740.0,1380.0,1980.0,1860.0,1680.0,1020.0,1620.0,960.0,1020.0,1680.0,1140.0,1380.0
20.650000000000002,1434.0,1560.0,1740.0,2160.0,1920.0,900.0,1140.0,1440.0,1440.0,1380.0,1200.0,1380.0,1560.0,1200.0,1200.0,1440.0,1200.0,1260.0,1500.0,1560.0,1440.0,2040.0,1800.0,1680.0,1080.0,1560.0,1020.0,960.0,1740.0,1140.0,1380.0
20.66,1422.0,1620.0,1860.0,2100.0,1680.0,900.0,1020.0,1440.0,1500.0,1380.0,1200.0,1380.0,1680.0,1200.0,1080.0,1500.0,1260.0,1320.0,1260.0,1500.0,1500.0,2040.0,1740.0,1680.0,1140.0,1560.0,1080.0,960.0,1560.0,1200.0,1320.0
20.67,1418.0,1500.0,1800.0,2040.0,1620.0,900.0,960.0,1500.0,1500.0,1440.0,1260.0,1440.0,1740.0,1140.0,1020.0,1560.0,1320.0,1320.0,1260.0,1380.0,1500.0,2100.0,1740.0,1680.0,1140.0,1620.0,1080.0,840.0,1620.0,1200.0,1320.0
20.68,1406.0,1500.0,1740.0,2100.0,1620.0,840.0,1020.0,1380.0,1440.0,1500.0,1320.0,1620.0,1620.0,1140.0,960.0,1440.0,1200.0,1260.0,1140.0,1380.0,1620.0,2100.0,1860.0,1680.0,1260.0,1440.0,1020.0,960.0,1500.0,1200.0,1320.0
20.69,1396.0,1560.0,1800.0,2160.0,1680.0,780.0,1020.0,1380.0,1380.0,1500.0,1380.0,1620.0,1560.0,1140.0,840.0,1440.0,1140.0,1140.0,1080.0,1200.0,1680.0,2100.0,1860.0,1680.0,1320.0,1440.0,1020.0,1020.0,1560.0,1140.0,1260.0
20.7,1400.0,1620.0,1800.0,2160.0,1680.0,840.0,960.0,1380.0,1320.0,1440.0,1440.0,1560.0,1440.0,1140.0,900.0,1500.0,1200.0,1020.0,1140.0,1320.0,1680.0,2100.0,1920.0,1620.0,1380.0,1440.0,1080.0,1080.0,1620.0,1140.0,1080.0
20.71,1416.0,1680.0,1740.0,2100.0,1740.0,900.0,960.0,1440.0,1320.0,1440.0,1500.0,1560.0,1380.0,1260.0,780.0,1560.0,1200.0,840.0,1080.0,1380.0,1740.0,2100.0,1920.0,1860.0,1380.0,1560.0,1080.0,1200.0,1620.0,1080.0,1080.0
20.72,1442.0,1740.0,1740.0,2040.0,1800.0,900.0,900.0,1440.0,1380.0,1500.0,1560.0,1560.0,1320.0,1260.0,900.0,1620.0,1260.0,840.0,1080.0,1320.0,1800.0,2040.0,1980.0,1980.0,1440.0,1620.0,1140.0,1200.0,1620.0,1140.0,1140.0
20.73,1432.0,1680.0,1680.0,2100.0,1740.0,1080.0,840.0,1500.0,1380.0,1560.0,1560.0,1500.0,1020.0,1260.0,900.0,1560.0,1260.0,1020.0,1080.0,1200.0,1800.0,1980.0,1920.0,1920.0,1500.0,1560.0,1080.0,1140.0,1680.0,1200.0,1260.0
20.740000000000002,1438.0,1680.0,1620.0,2100.0,1620.0,1140.0,780.0,1560.0,1320.0,1620.0,1740.0,1500.0,1020.0,1320.0,1020.0,1440.0,1260.0,1080.0,1140.0,1260.0,1800.0,1980.0,1860.0,1980.0,1440.0,1500.0,1080.0,1260.0,1620.0,1140.0,1260.0
20.75,1438.0,1740.0,1620.0,2100.0,1560.0,1140.0,840.0,1500.0,1260.0,1620.0,1620.0,1380.0,1080.0,1440.0,1080.0,1500.0,1320.0,1140.0,1140.0,1320.0,1920.0,1980.0,1740.0,1980.0,1380.0,1440.0,1020.0,1320.0,1560.0,1200.0,1200.0
20.76,1422.0,1560.0,1560.0,2100.0,1500.0,1260.0,960.0,1440.0,1260.0,1620.0,1680.0,1320.0,1020.0,1440.0,1080.0,1560.0,1320.0,1140.0,1140.0,1200.0,1860.0,1800.0,1740.0,1800.0,1500.0,1560.0,1020.0,1380.0,1560.0,1200.0,1080.0
20.77,1418.0,1560.0,1500.0,1980.0,1500.0,1260.0,960.0,1500.0,1200.0,1800.0,1620.0,1260.0,1020.0,1380.0,1020.0,1680.0,1320.0,1140.0,1140.0,1140.0,1740.0,1740.0,1620.0,1800.0,1560.0,1680.0,1080.0,1380.0,1740.0,1200.0,1020.0
20.78,1432.0,1560.0,1500.0,1920.0,1500.0,1380.0,1080.0,1500.0,1260.0,1800.0,1620.0,1380.0,1020.0,1260.0,1080.0,1620.0,1320.0,1140.0,1080.0,1080.0,1800.0,1800.0,1680.0,1800.0,1680.0,1680.0,1140.0,1380.0,1680.0,1200.0,1020.0
20.79,1414.0,1560.0,1560.0,1980.0,1500.0,1260.0,1140.0,1560.0,1260.0,1800.0,1500.0,1380.0,840.0,1200.0,1080.0,1680.0,1380.0,1020.0,1020.0,1020.0,1860.0,1800.0,1620.0,1800.0,1620.0,1680.0,1200.0,1380.0,1680.0,1080.0,960.0
20.8,1400.0,1740.0,1560.0,1980.0,1500.0,1320.0,1140.0,1440.0,1320.0,1860.0,1440.0,1380.0,840.0,1140.0,1020.0,1620.0,1320.0,1020.0,960.0,1020.0,1620.0,1680.0,1620.0,1800.0,1620.0,1680.0,1080.0,1440.0,1800.0,1080.0,960.0
20.81,1400.0,1740.0,1380.0,1800.0,1440.0,1380.0,1260.0,1380.0,1320.0,1800.0,1440.0,1440.0,900.0,1200.0,900.0,1620.0,1260.0,1260.0,900.0,960.0,1680.0,1740.0,1620.0,1800.0,1560.0,1740.0,1020.0,1500.0,1920.0,1080.0,960.0
20.82,1364.0,1740.0,1380.0,1860.0,1500.0,1260.0,1080.0,1320.0,1320.0,1680.0,1380.0,1500.0,840.0,1200.0,900.0,1560.0,1260.0,1200.0,900.0,1020.0,1620.0,1680.0,1560.0,1620.0,1500.0,1740.0,1020.0,1320.0,1920.0,1020.0,1020.0
20.830000000000002,1356.0,1800.0,1380.0,1620.0,1440.0,1260.0,1020.0,1260.0,1440.0,1800.0,1500.0,1440.0,900.0,1140.0,1020.0,1560.0,1200.0,1260.0,780.0,1020.0,1620.0,1560.0,1560.0,1680.0,1500.0,1740.0,1020.0,1200.0,1860.0,1080.0,1020.0
20.84,1358.0,1800.0,1380.0,1680.0,1440.0,1200.0,1080.0,1440.0,1500.0,1740.0,1680.0,1380.0,900.0,1320.0,960.0,1620.0,1140.0,1200.0,720.0,960.0,1440.0,1680.0,1560.0,1560.0,1380.0,1800.0,900.0,1320.0,1800.0,1080.0,1080.0
20.85,1344.0,1680.0,1440.0,1740.0,1500.0,1140.0,1080.0,1320.0,1440.0,1800.0,1440.0,1380.0,960.0,1200.0,960.0,1620.0,1260.0,1140.0,660.0,1020.0,1380.0,1860.0,1560.0,1680.0,1380.0,1680.0,900.0,1320.0,1740.0,1020.0,1020.0
20.86,1378.0,1740.0,1380.0,1860.0,1500.0,1200.0,1080.0,1440.0,1500.0,1800.0,1560.0,1500.0,1140.0,1320.0,1020.0,1680.0,1260.0,1140.0,600.0,1080.0,1380.0,1860.0,1560.0,1620.0,1440.0,1680.0,900.0,1320.0,1800.0,960.0,1020.0
20.87,1378.0,1620.0,1380.0,1680.0,1440.0,1200.0,1140.0,1440.0,1500.0,1740.0,1560.0,1440.0,1140.0,1320.0,1140.0,1740.0,1440.0,1140.0,600.0,1140.0,1380.0,1980.0,1500.0,1620.0,1380.0,1620.0,840.0,1320.0,1860.0,960.0,1080.0
20.88,1388.0,1560.0,1320.0,1680.0,1500.0,1200.0,1080.0,1440.0,1500.0,1680.0,1560.0,1320.0,1140.0,1380.0,1200.0,1680.0,1560.0,1140.0,600.0,1200.0,1440.0,1920.0,1440.0,1800.0,1380.0,1620.0,840.0,1440.0,1980.0,900.0,1140.0
20.89,1380.0,1440.0,1320.0,1680.0,1560.0,1200.0,1080.0,1440.0,1440.0,1620.0,1560.0,1380.0,1140.0,1380.0,1200.0,1740.0,1500.0,1140.0,660.0,1200.0,1500.0,1860.0,1620.0,1800.0,1260.0,1680.0,780.0,1320.0,2040.0,780.0,1080.0
20.900000000000002,1376.0,1320.0,1440.0,1680.0,1560.0,1380.0,1080.0,1320.0,1380.0,1620.0,1560.0,1380.0,1080.0,1320.0,1260.0,1680.0,1560.0,1080.0,660.0,1200.0,1440.0,1740.0,1620.0,1800.0,1260.0,1740.0,960.0,1260.0,2100.0,660.0,1140.0
20.91,1368.0,1380.0,1260.0,1620.0,1620.0,1320.0,1140.0,1260.0,1260.0,1620.0,1560.0,1500.0,1200.0,1440.0,1260.0,1560.0,1560.0,1020.0,540.0,1260.0,1380.0,1680.0,1680.0,1680.0,1320.0,1740.0,1080.0,1200.0,2100.0,660.0,1140.0
20.92,1364.0,1440.0,1260.0,1620.0,1620.0,1380.0,1140.0,1260.0,1320.0,1740.0,1560.0,1680.0,1140.0,1440.0,1200.0,1560.0,1560.0,1080.0,600.0,1260.0,1380.0,1560.0,1500.0,1620.0,1320.0,1560.0,1080.0,1200.0,1980.0,720.0,1140.0
20.93,1338.0,1260.0,1320.0,1680.0,1440.0,1260.0,1140.0,1140.0,1380.0,1560.0,1560.0,1620.0,1080.0,1440.0,1200.0,1560.0,1500.0,1140.0,540.0,1320.0,1320.0,1620.0,1500.0,1620.0,1320.0,1440.0,1080.0,1200.0,2040.0,660.0,1200.0
20.94,1302.0,1140.0,1200.0,1680.0,1380.0,1260.0,1200.0,1140.0,1320.0,1560.0,1440.0,1620.0,1080.0,1440.0,1080.0,1620.0,1500.0,960.0,540.0,1260.0,1200.0,1500.0,1380.0,1560.0,1380.0,1500.0,1020.0,1260.0,1980.0,660.0,1200.0
20.95,1310.0,1320.0,1200.0,1500.0,1500.0,1260.0,1140.0,1200.0,1260.0,1500.0,1380.0,1620.0,1200.0,1440.0,1020.0,1680.0,1380.0,900.0,540.0,1260.0,1200.0,1560.0,1380.0,1560.0,1440.0,1500.0,1080.0,1320.0,1920.0,780.0,1260.0
20.96,1300.0,1320.0,1140.0,1440.0,1560.0,1200.0,1080.0,1140.0,1320.0,1440.0,1380.0,1560.0,1320.0,1440.0,960.0,1680.0,1380.0,1020.0,420.0,1140.0,1260.0,1500.0,1260.0,1500.0,1500.0,1560.0,1260.0,1320.0,1800.0,780.0,1320.0
20.97,1318.0,1320.0,1140.0,1440.0,1500.0,1320.0,1140.0,1200.0,1440.0,1380.0,1380.0,1500.0,1380.0,1380.0,960.0,1560.0,1500.0,1080.0,420.0,1140.0,1260.0,1500.0,1320.0,1620.0,1380.0,1500.0,1260.0,1440.0,1740.0,840.0,1500.0
20.98,1296.0,1320.0,1200.0,1440.0,1380.0,1440.0,1020.0,1200.0,1440.0,1440.0,1260.0,1560.0,1320.0,1380.0,840.0,1500.0,1500.0,1140.0,420.0,1140.0,1260.0,1440.0,1260.0,1680.0,1380.0,1440.0,1260.0,1440.0,1440.0,840.0,1500.0
20.990000000000002,1278.0,1320.0,1200.0,1500.0,1440.0,1560.0,1080.0,960.0,1320.0,1440.0,1140.0,1500.0,1380.0,1320.0,960.0,1440.0,1500.0,1140.0,540.0,960.0,1260.0,1440.0,1260.0,1680.0,1140.0,1500.0,1320.0,1500.0,1320.0,900.0,1320.0
21.0,1288.0,1320.0,1200.0,1500.0,1500.0,1620.0,1080.0,1020.0,1320.0,1560.0,1140.0,1500.0,1320.0,1380.0,1020.0,1320.0,1500.0,1200.0,660.0,840.0,1260.0,1380.0,1380.0,1800.0,1080.0,1440.0,1320.0,1440.0,1260.0,900.0,1380.0
21.01,1290.0,1380.0,1020.0,1380.0,1440.0,1680.0,1140.0,1020.0,1380.0,1560.0,1200.0,1440.0,1320.0,1260.0,1020.0,1320.0,1500.0,1140.0,720.0,900.0,1260.0,1380.0,1380.0,1800.0,1140.0,1440.0,1320.0,1500.0,1200.0,1020.0,1440.0
21.02,1308.0,1440.0,1080.0,1440.0,1380.0,1680.0,1140.0,1140.0,1560.0,1680.0,1260.0,1440.0,1260.0,1380.0,1020.0,1320.0,1260.0,1080.0,840.0,900.0,1260.0,1200.0,1380.0,1920.0,1140.0,1440.0,1380.0,1440.0,1260.0,1080.0,1440.0
21.03,1300.0,1440.0,1080.0,1440.0,1260.0,1680.0,1200.0,1020.0,1500.0,1620.0,1200.0,1320.0,1140.0,1500.0,1020.0,1260.0,1200.0,1140.0,780.0,840.0,1320.0,1260.0,1560.0,1920.0,1140.0,1500.0,1380.0,1500.0,1320.0,1020.0,1440.0
21.04,1312.0,1500.0,1020.0,1560.0,1200.0,1740.0,1200.0,1140.0,1440.0,1620.0,1140.0,1320.0,1260.0,1440.0,1020.0,1200.0,1200.0,1140.0,780.0,900.0,1380.0,1260.0,1620.0,1860.0,1200.0,1500.0,1440.0,1500.0,1320.0,900.0,1560.0
21.05,1320.0,1560.0,960.0,1680.0,1140.0,1860.0,1260.0,1200.0,1380.0,1500.0,1200.0,1380.0,1200.0,1380.0,1020.0,1260.0,1380.0,1140.0,900.0,840.0,1260.0,1200.0,1560.0,1800.0,1080.0,1560.0,1620.0,1500.0,1380.0,840.0,1560.0
21.06,1320.0,1440.0,900.0,1680.0,1140.0,1800.0,1260.0,1260.0,1320.0,1500.0,1140.0,1320.0,1140.0,1500.0,1140.0,1320.0,1260.0,1080.0,840.0,1080.0,1380.0,1320.0,1560.0,1740.0,1080.0,1620.0,1620.0,1440.0,1260.0,960.0,1500.0
21.07,1324.0,1380.0,900.0,1740.0,1020.0,1800.0,1320.0,1140.0,1380.0,1440.0,1260.0,1320.0,1140.0,1380.0,1260.0,1380.0,1440.0,1080.0,840.0,1080.0,1380.0,1320.0,1560.0,1800.0,1080.0,1620.0,1560.0,1380.0,1260.0,1020.0,1440.0
21.080000000000002,1336.0,1440.0,900.0,1740.0,1080.0,1860.0,1320.0,1140.0,1320.0,1320.0,1200.0,1200.0,1080.0,1380.0,1380.0,1320.0,1500.0,1200.0,840.0,1080.0,1380.0,1440.0,1620.0,1860.0,1020.0,1680.0,1620.0,1260.0,1200.0,1140.0,1560.0
21.09,1336.0,1500.0,1020.0,1740.0,1020.0,1920.0,1320.0,1200.0,1380.0,1320.0,1140.0,1200.0,1080.0,1320.0,1500.0,1260.0,1620.0,1200.0,780.0,1080.0,1440.0,1380.0,1560.0,1800.0,1020.0,1680.0,1500.0,1320.0,1200.0,1020.0,1560.0
21.1,1334.0,1500.0,1200.0,1620.0,1020.0,1860.0,1320.0,1320.0,1440.0,1260.0,1200.0,1260.0,1140.0,1380.0,1560.0,1260.0,1560.0,1200.0,720.0,1080.0,1320.0,1380.0,1560.0,1800.0,1020.0,1620.0,1560.0,1320.0,1140.0,900.0,1500.0
21.11,1338.0,1560.0,1260.0,1560.0,900.0,1860.0,1260.0,1320.0,1440.0,1200.0,1200.0,1320.0,1140.0,1320.0,1620.0,1320.0,1500.0,1140.0,720.0,1200.0,1380.0,1380.0,1680.0,1620.0,1080.0,1620.0,1620.0,1380.0,1080.0,900.0,1560.0
21.12,1354.0,1560.0,1260.0,1620.0,840.0,1860.0,1260.0,1320.0,1380.0,1140.0,1080.0,1320.0,1200.0,1380.0,1620.0,1500.0,1620.0,1080.0,780.0,1140.0,1440.0,1440.0,1740.0,1620.0,1020.0,1800.0,1560.0,1440.0,1140.0,900.0,1560.0
21.13,1364.0,1560.0,1320.0,1620.0,780.0,1800.0,1380.0,1440.0,1380.0,1200.0,1140.0,1260.0,1140.0,1380.0,1680.0,1380.0,1680.0,1140.0,780.0,1200.0,1440.0,1440.0,1740.0,1740.0,960.0,1620.0,1620.0,1440.0,1140.0,1020.0,1500.0
21.14,1376.0,1500.0,1260.0,1560.0,780.0,1860.0,1320.0,1380.0,1320.0,1080.0,1140.0,1260.0,1200.0,1560.0,1680.0,1440.0,1740.0,1200.0,780.0,1260.0,1320.0,1380.0,1860.0,1800.0,1020.0,1740.0,1620.0,1500.0,1140.0,1080.0,1500.0
21.150000000000002,1388.0,1440.0,1380.0,1500.0,780.0,1920.0,1380.0,1440.0,1260.0,1080.0,1140.0,1260.0,1200.0,1440.0,1740.0,1440.0,1860.0,1260.0,780.0,1260.0,1260.0,1320.0,1860.0,1800.0,1020.0,1980.0,1620.0,1440.0,1140.0,1080.0,1560.0
21.16,1348.0,1380.0,1380.0,1320.0,840.0,1740.0,1320.0,1440.0,1140.0,1020.0,1140.0,1320.0,1260.0,1380.0,1560.0,1440.0,1800.0,1260.0,840.0,1140.0,1260.0,1320.0,1860.0,1680.0,1020.0,1980.0,1560.0,1440.0,1080.0,1020.0,1500.0
21.17,1354.0,1380.0,1500.0,1320.0,840.0,1800.0,1380.0,1440.0,1140.0,1020.0,1020.0,1320.0,1140.0,1500.0,1500.0,1380.0,1800.0,1200.0,1020.0,1080.0,1320.0,1320.0,1920.0,1740.0,1020.0,1980.0,1500.0,1440.0,900.0,1020.0,1680.0
21.18,1356.0,1500.0,1620.0,1320.0,900.0,1740.0,1320.0,1380.0,1080.0,900.0,1020.0,1260.0,1020.0,1500.0,1620.0,1320.0,1740.0,1260.0,1080.0,1140.0,1140.0,1320.0,1860.0,1860.0,1020.0,1980.0,1560.0,1440.0,960.0,1140.0,1680.0
21.19,1346.0,1380.0,1740.0,1320.0,960.0,1560.0,1320.0,1620.0,1020.0,900.0,1020.0,1140.0,1020.0,1440.0,1560.0,1260.0,1800.0,1200.0,1080.0,1020.0,1080.0,1260.0,1920.0,1800.0,1020.0,1920.0,1680.0,1620.0,960.0,1200.0,1560.0
21.2,1322.0,1440.0,1620.0,1260.0,960.0,1500.0,1320.0,1500.0,1140.0,900.0,1020.0,1080.0,960.0,1380.0,1560.0,1140.0,1740.0,1080.0,1080.0,1020.0,1140.0,1260.0,1800.0,1740.0,1020.0,1860.0,1740.0,1740.0,900.0,1200.0,1560.0
21.21,1322.0,1500.0,1680.0,1260.0,1020.0,1560.0,1380.0,1500.0,1140.0,900.0,1020.0,1140.0,840.0,1380.0,1440.0,1020.0,1620.0,1140.0,1080.0,1200.0,1380.0,1200.0,1800.0,1800.0,960.0,1800.0,1620.0,1680.0,900.0,1140.0,1560.0
21.22,1328.0,1440.0,1800.0,1260.0,960.0,1620.0,1380.0,1500.0,1080.0,960.0,1080.0,1260.0,840.0,1440.0,1380.0,1080.0,1680.0,1140.0,1200.0,1080.0,1260.0,1260.0,1920.0,1740.0,900.0,1740.0,1620.0,1560.0,900.0,1140.0,1620.0
21.23,1342.0,1560.0,1740.0,1320.0,1080.0,1800.0,1500.0,1380.0,1080.0,960.0,1140.0,1260.0,1080.0,1440.0,1440.0,1020.0,1560.0,1200.0,1200.0,1200.0,1260.0,1260.0,1860.0,1680.0,900.0,1740.0,1500.0,1500.0,900.0,1200.0,1500.0
21.240000000000002,1344.0,1500.0,1680.0,1260.0,1200.0,1620.0,1500.0,1380.0,1140.0,1020.0,1200.0,1260.0,1140.0,1440.0,1380.0,900.0,1620.0,1260.0,1200.0,1320.0,1260.0,1200.0,1860.0,1740.0,1020.0,1560.0,1440.0,1440.0,960.0,1320.0,1500.0
21.25,1350.0,1560.0,1620.0,1380.0,1080.0,1560.0,1440.0,1440.0,1140.0,1080.0,1200.0,1260.0,1200.0,1380.0,1560.0,960.0,1680.0,1260.0,1200.0,1320.0,1260.0,1320.0,1620.0,1680.0,1080.0,1620.0,1380.0,1380.0,960.0,1320.0,1560.0
21.26,1324.0,1500.0,1560.0,1320.0,1020.0,1560.0,1440.0,1380.0,1200.0,1080.0,1200.0,1260.0,1140.0,1320.0,1500.0,960.0,1620.0,1260.0,1320.0,1320.0,1260.0,1260.0,1620.0,1680.0,1020.0,1440.0,1380.0,1260.0,960.0,1380.0,1500.0
21.27,1326.0,1500.0,1680.0,1380.0,1020.0,1560.0,1440.0,1380.0,1200.0,1140.0,1200.0,1260.0,1200.0,1200.0,1440.0,1080.0,1620.0,1260.0,1380.0,1380.0,1260.0,1260.0,1560.0,1500.0,1020.0,1440.0,1380.0,1260.0,1020.0,1320.0,1440.0
21.28,1344.0,1560.0,1680.0,1440.0,1080.0,1740.0,1560.0,1380.0,1200.0,1080.0,1260.0,1260.0,1200.0,1260.0,1440.0,1140.0,1500.0,1260.0,1380.0,1320.0,1260.0,1320.0,1680.0,1440.0,960.0,1500.0,1320.0,1260.0,1080.0,1380.0,1380.0
21.29,1326.0,1560.0,1620.0,1440.0,960.0,1680.0,1440.0,1380.0,1020.0,1020.0,1200.0,1260.0,1200.0,1200.0,1500.0,1080.0,1560.0,1140.0,1500.0,1320.0,1380.0,1260.0,1680.0,1500.0,960.0,1500.0,1440.0,1320.0,960.0,1380.0,1320.0
21.3,1322.0,1560.0,1620.0,1440.0,900.0,1680.0,1380.0,1380.0,1020.0,960.0,1320.0,1440.0,1320.0,1140.0,1500.0,1140.0,1500.0,1080.0,1620.0,1320.0,1320.0,1260.0,1680.0,1440.0,900.0,1560.0,1380.0,1320.0,1020.0,1200.0,1260.0
21.31,1338.0,1500.0,1680.0,1500.0,960.0,1680.0,1380.0,1380.0,1020.0,960.0,1320.0,1440.0,1500.0,1200.0,1500.0,1140.0,1500.0,1140.0,1620.0,1260.0,1380.0,1200.0,1560.0,1320.0,960.0,1560.0,1620.0,1140.0,1140.0,1320.0,1260.0
21.32,1316.0,1500.0,1560.0,1440.0,960.0,1680.0,1320.0,1260.0,1020.0,960.0,1380.0,1500.0,1440.0,1140.0,1500.0,1200.0,1560.0,1140.0,1680.0,1260.0,1440.0,1200.0,1620.0,1320.0,960.0,1440.0,1500.0,960.0,1020.0,1260.0,1260.0
21.330000000000002,1330.0,1560.0,1620.0,1380.0,1020.0,1680.0,1320.0,1440.0,1020.0,900.0,1380.0,1440.0,1560.0,1140.0,1440.0,1260.0,1440.0,1140.0,1860.0,1260.0,1440.0,1140.0,1500.0,1320.0,1080.0,1440.0,1560.0,1080.0,1020.0,1260.0,1200.0
21.34,1316.0,1500.0,1560.0,1380.0,1020.0,1680.0,1320.0,1380.0,1020.0,1020.0,1320.0,1380.0,1560.0,1080.0,1440.0,1320.0,1440.0,1080.0,1740.0,1260.0,1440.0,1260.0,1500.0,1320.0,960.0,1500.0,1320.0,1080.0,960.0,1320.0,1320.0
21.35,1336.0,1380.0,1680.0,1380.0,1080.0,1620.0,1320.0,1440.0,1020.0,1020.0,1260.0,1560.0,1620.0,1140.0,1320.0,1260.0,1500.0,1140.0,1740.0,1320.0,1560.0,1260.0,1500.0,1380.0,1020.0,1500.0,1320.0,1140.0,960.0,1260.0,1380.0
21.36,1316.0,1380.0,1560.0,1320.0,1020.0,1680.0,1380.0,1440.0,1020.0,1080.0,1260.0,1440.0,1680.0,1080.0,1200.0,1260.0,1440.0,1200.0,1680.0,1260.0,1500.0,1320.0,1440.0,1380.0,960.0,1500.0,1320.0,1080.0,900.0,1380.0,1320.0
21.37,1330.0,1440.0,1500.0,1320.0,1080.0,1620.0,1320.0,1500.0,960.0,1200.0,1260.0,1380.0,1680.0,1080.0,1200.0,1200.0,1440.0,1140.0,1680.0,1380.0,1440.0,1320.0,1380.0,1500.0,960.0,1500.0,1320.0,1140.0,1020.0,1500.0,1440.0
21.38,1354.0,1500.0,1500.0,1200.0,1260.0,1740.0,1320.0,1380.0,1020.0,1260.0,1380.0,1440.0,1680.0,1140.0,1200.0,1260.0,1320.0,1200.0,1680.0,1320.0,1560.0,1380.0,1440.0,1560.0,960.0,1500.0,1320.0,1140.0,1020.0,1500.0,1440.0
21.39,1356.0,1620.0,1620.0,1080.0,1260.0,1740.0,1260.0,1440.0,1020.0,1260.0,1380.0,1500.0,1680.0,1020.0,1200.0,1260.0,1440.0,1140.0,1740.0,1260.0,1740.0,1320.0,1320.0,1500.0,960.0,1440.0,1260.0,1140.0,1020.0,1440.0,1620.0
21.400000000000002,1350.0,1500.0,1560.0,1140.0,1260.0,1620.0,1500.0,1320.0,1020.0,1260.0,1440.0,1560.0,1680.0,1080.0,1200.0,1140.0,1440.0,1080.0,1800.0,1260.0,1740.0,1320.0,1260.0,1440.0,960.0,1320.0,1320.0,1140.0,1080.0,1440.0,1620.0
21.41,1326.0,1380.0,1500.0,1140.0,1320.0,1500.0,1380.0,1260.0,960.0,1440.0,1440.0,1560.0,1680.0,1140.0,1140.0,1320.0,1380.0,960.0,1800.0,1320.0,1860.0,1320.0,1200.0,1380.0,840.0,1140.0,1260.0,1200.0,1140.0,1380.0,1440.0
21.42,1326.0,1320.0,1440.0,1140.0,1380.0,1380.0,1500.0,1200.0,960.0,1440.0,1440.0,1560.0,1680.0,1080.0,1140.0,1260.0,1440.0,900.0,1680.0,1380.0,1980.0,1320.0,1260.0,1440.0,840.0,1140.0,1260.0,1260.0,1200.0,1320.0,1440.0
21.43,1328.0,1260.0,1440.0,1200.0,1440.0,1440.0,1560.0,1200.0,960.0,1440.0,1500.0,1680.0,1680.0,1200.0,1020.0,1200.0,1440.0,900.0,1560.0,1380.0,1920.0,1320.0,1320.0,1500.0,900.0,1080.0,1320.0,1200.0,1080.0,1260.0,1440.0
21.44,1300.0,1200.0,1440.0,1140.0,1560.0,1500.0,1500.0,1020.0,960.0,1320.0,1440.0,1680.0,1620.0,1200.0,840.0,1140.0,1380.0,900.0,1620.0,1380.0,1740.0,1260.0,1200.0,1500.0,960.0,1020.0,1500.0,1260.0,1020.0,1260.0,1440.0
21.45,1306.0,1260.0,1440.0,1020.0,1620.0,1320.0,1500.0,1080.0,900.0,1320.0,1440.0,1800.0,1620.0,1320.0,840.0,1140.0,1560.0,840.0,1740.0,1260.0,1740.0,1320.0,1140.0,1500.0,960.0,1020.0,1440.0,1320.0,1020.0,1260.0,1440.0
21.46,1312.0,1320.0,1500.0,1020.0,1620.0,1320.0,1440.0,1020.0,900.0,1260.0,1380.0,1800.0,1560.0,1320.0,900.0,1200.0,1560.0,840.0,1860.0,1260.0,1680.0,1260.0,1140.0,1500.0,1020.0,960.0,1560.0,1260.0,1140.0,1320.0,1440.0
21.47,1292.0,1260.0,1440.0,960.0,1560.0,1260.0,1380.0,1080.0,900.0,1320.0,1260.0,1740.0,1500.0,1380.0,840.0,1260.0,1560.0,960.0,1800.0,1200.0,1740.0,1200.0,1140.0,1500.0,1020.0,960.0,1560.0,1260.0,1080.0,1320.0,1320.0
21.48,1284.0,1260.0,1320.0,1020.0,1440.0,1200.0,1440.0,1080.0,960.0,1260.0,1320.0,1680.0,1440.0,1320.0,840.0,1200.0,1500.0,1020.0,1860.0,1140.0,1680.0,1140.0,1260.0,1560.0,1020.0,960.0,1620.0,1260.0,1080.0,1320.0,1320.0
21.490000000000002,1274.0,1260.0,1320.0,1020.0,1440.0,1140.0,1380.0,1080.0,960.0,1320.0,1140.0,1680.0,1380.0,1320.0,1020.0,1140.0,1500.0,1020.0,2040.0,1140.0,1680.0,1080.0,1200.0,1560.0,960.0,960.0,1620.0,1200.0,1080.0,1200.0,1380.0
21.5,1272.0,1140.0,1440.0,1020.0,1440.0,1140.0,1320.0,1080.0,840.0,1260.0,1080.0,1800.0,1380.0,1380.0,1080.0,1200.0,1440.0,1140.0,1980.0,1020.0,1620.0,1080.0,1200.0,1500.0,1080.0,1020.0,1740.0,1260.0,1140.0,1080.0,1260.0
21.51,1272.0,1080.0,1380.0,960.0,1260.0,1200.0,1320.0,1080.0,960.0,1380.0,1080.0,1740.0,1320.0,1320.0,1080.0,1200.0,1440.0,1140.0,1800.0,1080.0,1740.0,1080.0,1200.0,1560.0,1020.0,1140.0,1740.0,1260.0,1200.0,1080.0,1320.0
21.52,1240.0,1080.0,1380.0,900.0,1080.0,1140.0,1200.0,1020.0,960.0,1380.0,1140.0,1620.0,1320.0,1320.0,1020.0,1200.0,1380.0,1080.0,1860.0,1080.0,1740.0,1080.0,1200.0,1620.0,900.0,1140.0,1860.0,1140.0,1140.0,960.0,1260.0
21.53,1254.0,1140.0,1260.0,900.0,1020.0,1020.0,1140.0,1020.0,900.0,1380.0,1080.0,1560.0,1380.0,1320.0,1020.0,1440.0,1500.0,1260.0,1800.0,1080.0,1920.0,1200.0,1260.0,1680.0,1020.0,1200.0,1680.0,1140.0,1200.0,900.0,1200.0
21.54,1242.0,1140.0,1320.0,840.0,960.0,960.0,960.0,1020.0,840.0,1440.0,960.0,1560.0,1380.0,1320.0,960.0,1500.0,1500.0,1260.0,1860.0,1200.0,1920.0,1140.0,1320.0,1740.0,1080.0,1140.0,1560.0,1020.0,1200.0,960.0,1200.0
21.55,1240.0,1200.0,1320.0,960.0,900.0,900.0,1020.0,1020.0,960.0,1380.0,900.0,1560.0,1380.0,1260.0,960.0,1560.0,1500.0,1260.0,1980.0,1200.0,2040.0,1080.0,1200.0,1620.0,1080.0,1080.0,1500.0,1020.0,1200.0,960.0,1200.0
21.56,1240.0,1200.0,1320.0,900.0,780.0,900.0,1020.0,1080.0,1080.0,1380.0,1080.0,1500.0,1440.0,1380.0,900.0,1560.0,1500.0,1260.0,1980.0,1200.0,2040.0,1020.0,1080.0,1620.0,1080.0,1080.0,1560.0,1020.0,1200.0,960.0,1080.0
21.57,1262.0,1200.0,1320.0,900.0,780.0,840.0,1020.0,1080.0,1080.0,1440.0,1140.0,1560.0,1500.0,1440.0,960.0,1620.0,1560.0,1320.0,2040.0,1200.0,2040.0,1080.0,1260.0,1560.0,1020.0,1140.0,1500.0,1020.0,1200.0,900.0,1140.0
21.580000000000002,1258.0,1200.0,1320.0,900.0,720.0,840.0,1020.0,1140.0,1080.0,1320.0,1080.0,1560.0,1320.0,1440.0,1020.0,1740.0,1560.0,1260.0,2040.0,1140.0,2160.0,1140.0,1200.0,1500.0,1080.0,1140.0,1500.0,1080.0,1200.0,900.0,1140.0
21.59,1252.0,1140.0,1320.0,960.0,720.0,780.0,900.0,1200.0,1080.0,1260.0,960.0,1620.0,1260.0,1560.0,1020.0,1740.0,1560.0,1200.0,2040.0,1140.0,2220.0,1140.0,1140.0,1380.0,1140.0,1140.0,1500.0,1020.0,1260.0,960.0,1200.0
21.6,1244.0,1140.0,1260.0,960.0,720.0,840.0,900.0,1200.0,960.0,1260.0,900.0,1620.0,1200.0,1620.0,1080.0,1620.0,1620.0,1320.0,1980.0,1140.0,2160.0,1140.0,1140.0,1320.0,1260.0,1260.0,1380.0,1080.0,1140.0,960.0,1140.0
21.61,1236.0,1200.0,1200.0,960.0,660.0,780.0,900.0,1200.0,1020.0,1080.0,960.0,1740.0,1080.0,1620.0,1260.0,1620.0,1560.0,1260.0,1920.0,1140.0,2040.0,1260.0,1080.0,1260.0,1140.0,1260.0,1380.0,1140.0,1200.0,1020.0,1140.0
21.62,1230.0,1260.0,1140.0,960.0,720.0,780.0,900.0,1260.0,1020.0,1080.0,840.0,1740.0,1140.0,1560.0,1260.0,1740.0,1620.0,1320.0,1800.0,1140.0,1980.0,1260.0,1080.0,1320.0,1080.0,1200.0,1440.0,1020.0,1140.0,960.0,1140.0
21.63,1220.0,1080.0,1260.0,960.0,780.0,780.0,840.0,1200.0,960.0,1020.0,840.0,1620.0,1140.0,1620.0,1260.0,1740.0,1620.0,1320.0,1800.0,1140.0,1920.0,1200.0,1140.0,1200.0,1200.0,1140.0,1500.0,960.0,1140.0,1020.0,1200.0
21.64,1210.0,1020.0,1200.0,900.0,720.0,660.0,900.0,1260.0,1080.0,1080.0,840.0,1620.0,1140.0,1560.0,1200.0,1620.0,1500.0,1320.0,1680.0,1080.0,1920.0,1260.0,1200.0,1200.0,1140.0,1140.0,1560.0,1020.0,1260.0,1020.0,1200.0
21.650000000000002,1208.0,960.0,1140.0,960.0,720.0,720.0,900.0,1260.0,1140.0,1080.0,840.0,1680.0,1140.0,1620.0,1140.0,1680.0,1560.0,1380.0,1560.0,1020.0,1860.0,1380.0,1200.0,1200.0,1140.0,1080.0,1560.0,1020.0,1260.0,960.0,1080.0
21.66,1188.0,960.0,1140.0,900.0,720.0,720.0,900.0,1260.0,1080.0,1080.0,900.0,1800.0,1080.0,1440.0,1200.0,1740.0,1500.0,1260.0,1500.0,1020.0,1860.0,1320.0,1200.0,1200.0,1260.0,1020.0,1440.0,900.0,1200.0,960.0,1080.0
21.67,1158.0,960.0,1020.0,900.0,840.0,780.0,840.0,1020.0,1020.0,1020.0,900.0,1800.0,1200.0,1320.0,1200.0,1620.0,1380.0,1260.0,1500.0,960.0,1800.0,1200.0,1140.0,1200.0,1380.0,1080.0,1380.0,900.0,1140.0,900.0,1080.0
21.68,1140.0,960.0,1020.0,900.0,840.0,780.0,780.0,1020.0,1020.0,1020.0,900.0,1920.0,1140.0,1380.0,1140.0,1680.0,1260.0,1320.0,1380.0,1020.0,1860.0,1200.0,1080.0,1200.0,1320.0,1080.0,1260.0,840.0,1080.0,840.0,960.0
21.69,1152.0,1020.0,1020.0,960.0,840.0,900.0,840.0,960.0,1020.0,1020.0,960.0,1800.0,1140.0,1440.0,1080.0,1620.0,1320.0,1260.0,1440.0,1080.0,1920.0,1140.0,1080.0,1200.0,1260.0,1080.0,1320.0,960.0,1140.0,780.0,960.0
21.7,1156.0,1020.0,1080.0,900.0,900.0,960.0,900.0,960.0,960.0,1140.0,960.0,1800.0,1200.0,1380.0,1020.0,1620.0,1500.0,1140.0,1380.0,1020.0,1920.0,1080.0,1080.0,1320.0,1200.0,1140.0,1260.0,840.0,1200.0,780.0,1020.0
21.71,1126.0,1020.0,1140.0,900.0,900.0,960.0,720.0,900.0,780.0,1020.0,1020.0,1740.0,1260.0,1500.0,1020.0,1620.0,1440.0,1140.0,1260.0,960.0,1920.0,1140.0,1140.0,1200.0,1140.0,1080.0,1140.0,720.0,1260.0,780.0,960.0
21.72,1128.0,960.0,1140.0,900.0,960.0,1020.0,720.0,960.0,720.0,1080.0,1020.0,1740.0,1260.0,1440.0,1140.0,1560.0,1440.0,1140.0,1080.0,1080.0,1740.0,1080.0,1140.0,1200.0,1140.0,1140.0,1080.0,780.0,1440.0,780.0,960.0
21.73,1112.0,1080.0,1200.0,840.0,960.0,1020.0,780.0,780.0,720.0,1080.0,960.0,1800.0,1200.0,1440.0,1320.0,1500.0,1380.0,1140.0,1080.0,1080.0,1740.0,1020.0,1080.0,1200.0,1080.0,1020.0,960.0,840.0,1380.0,780.0,900.0
21.740000000000002,1110.0,1080.0,1140.0,840.0,960.0,1140.0,840.0,840.0,720.0,1020.0,960.0,1860.0,1200.0,1440.0,1200.0,1440.0,1320.0,1140.0,1080.0,1020.0,1860.0,1020.0,1020.0,1200.0,1080.0,960.0,1080.0,840.0,1320.0,780.0,900.0
21.75,1122.0,1140.0,1200.0,900.0,960.0,1200.0,840.0,780.0,780.0,1200.0,1020.0,1800.0,1260.0,1440.0,1200.0,1320.0,1320.0,1200.0,1080.0,1020.0,1740.0,1080.0,1020.0,1140.0,1080.0,960.0,1080.0,840.0,1320.0,780.0,960.0
21.76,1128.0,1200.0,1140.0,1020.0,960.0,1260.0,960.0,960.0,840.0,1200.0,960.0,1740.0,1260.0,1320.0,1200.0,1380.0,1260.0,1200.0,1020.0,1080.0,1740.0,1020.0,1080.0,1140.0,960.0,960.0,1080.0,780.0,1320.0,840.0,960.0
21.77,1146.0,1140.0,1080.0,1140.0,1080.0,1320.0,960.0,1080.0,780.0,1140.0,900.0,1740.0,1200.0,1260.0,1200.0,1380.0,1200.0,1020.0,1140.0,1140.0,1740.0,1020.0,1140.0,1260.0,960.0,1080.0,1140.0,780.0,1380.0,960.0,1020.0
21.78,1128.0,1200.0,1080.0,1140.0,1080.0,1320.0,960.0,1320.0,720.0,1140.0,780.0,1620.0,1260.0,1260.0,1140.0,1200.0,1200.0,960.0,1140.0,1140.0,1740.0,900.0,1140.0,1140.0,840.0,1080.0,1140.0,840.0,1380.0,960.0,1020.0
21.79,1126.0,1140.0,1140.0,1200.0,1080.0,1320.0,1020.0,1260.0,720.0,1200.0,780.0,1620.0,1260.0,1320.0,1140.0,1080.0,1200.0,840.0,1140.0,1020.0,1740.0,900.0,1140.0,1140.0,900.0,960.0,1260.0,840.0,1500.0,960.0,960.0
21.8,1136.0,1260.0,1200.0,1140.0,1080.0,1320.0,1080.0,1320.0,840.0,1200.0,780.0,1560.0,1260.0,1260.0,1080.0,1020.0,1140.0,840.0,1020.0,1020.0,1800.0,1080.0,1020.0,1140.0,960.0,1080.0,1200.0,840.0,1560.0,1020.0,960.0
21.81,1140.0,1260.0,1260.0,1080.0,1140.0,1320.0,1200.0,1320.0,1020.0,1140.0,780.0,1560.0,1140.0,1380.0,960.0,1020.0,1140.0,840.0,1080.0,960.0,1800.0,1020.0,960.0,1140.0,1020.0,1080.0,1200.0,840.0,1560.0,960.0,1020.0
21.82,1128.0,1140.0,1320.0,1080.0,1080.0,1320.0,1200.0,1320.0,1020.0,1020.0,840.0,1500.0,1020.0,1320.0,960.0,1020.0,1140.0,840.0,1140.0,960.0,1920.0,1020.0,960.0,1200.0,900.0,1020.0,1260.0,840.0,1500.0,960.0,1020.0
21.830000000000002,1126.0,1260.0,1320.0,1080.0,1140.0,1200.0,1080.0,1320.0,1020.0,1020.0,900.0,1620.0,840.0,1320.0,1020.0,960.0,1140.0,840.0,1200.0,780.0,1800.0,1020.0,1020.0,1320.0,900.0,960.0,1200.0,900.0,1560.0,960.0,1080.0
21.84,1116.0,1200.0,1320.0,1020.0,1020.0,1200.0,960.0,1320.0,1020.0,1020.0,900.0,1680.0,960.0,1260.0,1140.0,900.0,1200.0,840.0,1260.0,780.0,1680.0,1020.0,1080.0,1260.0,840.0,1020.0,1260.0,900.0,1500.0,840.0,1080.0
21.85,1126.0,1200.0,1320.0,1020.0,960.0,1200.0,960.0,1380.0,1080.0,1020.0,1020.0,1680.0,1080.0,1200.0,1080.0,900.0,1200.0,840.0,1200.0,900.0,1620.0,960.0,1080.0,1260.0,1020.0,1020.0,1260.0,900.0,1440.0,900.0,1080.0
21.86,1112.0,1140.0,1200.0,1080.0,960.0,1200.0,840.0,1320.0,1080.0,960.0,1020.0,1560.0,1020.0,1200.0,1080.0,840.0,1200.0,840.0,1260.0,1020.0,1500.0,960.0,1020.0,1380.0,1020.0,1020.0,1260.0,960.0,1380.0,960.0,1080.0
21.87,1120.0,1080.0,1260.0,1020.0,960.0,1200.0,960.0,1320.0,1140.0,1020.0,960.0,1560.0,1020.0,1260.0,1140.0,900.0,1080.0,840.0,1260.0,1080.0,1380.0,1020.0,1080.0,1380.0,1020.0,1080.0,1320.0,960.0,1320.0,960.0,1020.0
21.88,1102.0,1080.0,1140.0,1020.0,900.0,1140.0,840.0,1320.0,1140.0,1080.0,900.0,1560.0,1020.0,1200.0,1200.0,840.0,1080.0,720.0,1260.0,1080.0,1320.0,960.0,1080.0,1320.0,1020.0,1020.0,1320.0,1020.0,1560.0,900.0,1020.0
21.89,1108.0,1080.0,1200.0,1080.0,900.0,1200.0,840.0,1380.0,1140.0,1200.0,900.0,1500.0,960.0,1260.0,1140.0,840.0,1140.0,600.0,1260.0,1020.0,1200.0,960.0,1140.0,1320.0,1140.0,1080.0,1260.0,1080.0,1440.0,1020.0,960.0
21.900000000000002,1106.0,1080.0,1260.0,960.0,840.0,1200.0,960.0,1380.0,1080.0,1140.0,900.0,1560.0,1020.0,1260.0,1080.0,840.0,1140.0,660.0,1320.0,1080.0,1140.0,900.0,1140.0,1380.0,1080.0,1020.0,1320.0,1080.0,1380.0,1080.0,900.0
21.91,1118.0,1080.0,1260.0,900.0,840.0,1260.0,960.0,1380.0,1260.0,1140.0,840.0,1560.0,1080.0,1200.0,1140.0,840.0,1140.0,660.0,1200.0,1200.0,1140.0,900.0,1260.0,1440.0,1080.0,1020.0,1380.0,1080.0,1380.0,1020.0,900.0
21.92,1118.0,1140.0,1440.0,900.0,840.0,1200.0,1020.0,1380.0,1200.0,960.0,840.0,1440.0,1080.0,1200.0,1140.0,900.0,1200.0,720.0,1320.0,1200.0,1080.0,840.0,1260.0,1440.0,1080.0,1020.0,1380.0,1020.0,1380.0,1020.0,900.0
21.93,1102.0,1080.0,1380.0,840.0,720.0,1080.0,960.0,1380.0,1380.0,900.0,900.0,1440.0,1140.0,1200.0,1080.0,900.0,1140.0,780.0,1200.0,1200.0,1080.0,840.0,1200.0,1380.0,1080.0,900.0,1500.0,1020.0,1380.0,1020.0,960.0
21.94,1106.0,1140.0,1200.0,840.0,660.0,960.0,960.0,1440.0,1320.0,900.0,900.0,1380.0,1140.0,1260.0,1080.0,900.0,1140.0,780.0,1260.0,1200.0,1200.0,840.0,1200.0,1380.0,960.0,1020.0,1560.0,1020.0,1560.0,1020.0,960.0
21.95,1094.0,1140.0,1260.0,780.0,660.0,1140.0,1020.0,1380.0,1320.0,900.0,780.0,1320.0,1140.0,1320.0,1080.0,900.0,960.0,840.0,1260.0,1200.0,1140.0,840.0,1200.0,1260.0,780.0,960.0,1500.0,1020.0,1560.0,1080.0,1080.0
21.96,1096.0,1080.0,1260.0,900.0,660.0,1140.0,900.0,1380.0,1260.0,900.0,780.0,1260.0,1200.0,1260.0,1020.0,900.0,960.0,780.0,1380.0,1200.0,1080.0,900.0,1260.0,1260.0,900.0,960.0,1560.0,960.0,1560.0,1140.0,1080.0
21.97,1082.0,1080.0,1200.0,960.0,720.0,1080.0,840.0,1200.0,1440.0,900.0,660.0,1080.0,1260.0,1320.0,1020.0,900.0,900.0,720.0,1320.0,1200.0,1140.0,960.0,1200.0,1140.0,720.0,1020.0,1620.0,900.0,1680.0,1080.0,1200.0
21.98,1096.0,1080.0,1260.0,900.0,780.0,1020.0,960.0,1200.0,1500.0,960.0,720.0,1080.0,1200.0,1440.0,1020.0,1080.0,840.0,720.0,1320.0,1260.0,1080.0,900.0,1200.0,1200.0,720.0,1080.0,1500.0,900.0,1680.0,1140.0,1140.0
21.990000000000002,1098.0,960.0,1200.0,1020.0,720.0,1140.0,1020.0,1320.0,1500.0,960.0,780.0,960.0,1260.0,1500.0,1020.0,1140.0,840.0,900.0,1320.0,1200.0,1020.0,960.0,1140.0,1200.0,720.0,1080.0,1320.0,900.0,1620.0,1200.0,1020.0
22.0,1084.0,960.0,1320.0,960.0,720.0,1140.0,1020.0,1260.0,1380.0,960.0,720.0,900.0,1260.0,1440.0,900.0,1140.0,780.0,900.0,1260.0,1260.0,1020.0,840.0,1080.0,1200.0,720.0,1140.0,1380.0,1020.0,1620.0,1260.0,960.0
22.01,1068.0,960.0,1320.0,900.0,720.0,1080.0,1080.0,1200.0,1320.0,960.0,720.0,840.0,1200.0,1380.0,960.0,1140.0,780.0,900.0,1260.0,1320.0,1020.0,840.0,1080.0,1260.0,660.0,1200.0,1260.0,900.0,1560.0,1260.0,960.0
22.02,1058.0,900.0,1260.0,840.0,780.0,1080.0,1140.0,1260.0,1320.0,840.0,780.0,900.0,1140.0,1200.0,1080.0,1020.0,840.0,1020.0,1260.0,1320.0,960.0,840.0,1020.0,1260.0,660.0,1140.0,1320.0,960.0,1440.0,1260.0,900.0
22.03,1054.0,840.0,1260.0,960.0,840.0,1020.0,1080.0,1200.0,1320.0,840.0,900.0,840.0,1260.0,1200.0,1080.0,1140.0,780.0,1020.0,1200.0,1320.0,1020.0,780.0,1020.0,1260.0,660.0,1080.0,1380.0,900.0,1320.0,1260.0,840.0
22.04,1044.0,840.0,1260.0,1020.0,780.0,1020.0,1140.0,1200.0,1320.0,780.0,900.0,840.0,1440.0,1140.0,1020.0,1020.0,720.0,1020.0,1200.0,1260.0,1020.0,780.0,960.0,1380.0,660.0,1140.0,1380.0,840.0,1200.0,1320.0,720.0
22.05,1046.0,840.0,1260.0,1020.0,720.0,1080.0,1140.0,1200.0,1380.0,780.0,960.0,780.0,1440.0,1200.0,1080.0,1020.0,780.0,900.0,1200.0,1140.0,960.0,720.0,960.0,1440.0,660.0,1200.0,1380.0,840.0,1200.0,1260.0,840.0
22.06,1066.0,900.0,1320.0,1020.0,720.0,1020.0,1140.0,1080.0,1380.0,900.0,1080.0,780.0,1440.0,1200.0,1260.0,960.0,780.0,900.0,1320.0,1080.0,960.0,660.0,1140.0,1440.0,600.0,1200.0,1440.0,840.0,1200.0,1320.0,900.0
22.07,1080.0,1020.0,1440.0,1020.0,780.0,1020.0,1140.0,1020.0,1320.0,900.0,1080.0,840.0,1440.0,1200.0,1320.0,900.0,720.0,960.0,1380.0,1020.0,1020.0,660.0,1200.0,1440.0,600.0,1320.0,1440.0,840.0,1200.0,1260.0,900.0
22.080000000000002,1076.0,1020.0,1380.0,1200.0,840.0,1080.0,1200.0,1020.0,1320.0,840.0,1020.0,840.0,1500.0,1200.0,1320.0,840.0,720.0,900.0,1380.0,780.0,1020.0,720.0,1320.0,1380.0,660.0,1260.0,1500.0,780.0,1080.0,1260.0,900.0
22.09,1084.0,1080.0,1380.0,1260.0,900.0,1080.0,1260.0,960.0,1260.0,780.0,1020.0,780.0,1620.0,1260.0,1320.0,840.0,780.0,900.0,1380.0,780.0,1080.0,660.0,1320.0,1440.0,660.0,1260.0,1500.0,780.0,1080.0,1200.0,900.0
22.1,1068.0,1200.0,1380.0,1260.0,780.0,960.0,1260.0,840.0,1260.0,780.0,1020.0,720.0,1620.0,1200.0,1380.0,900.0,780.0,900.0,1260.0,840.0,1080.0,660.0,1320.0,1380.0,600.0,1320.0,1440.0,780.0,1020.0,1200.0,900.0
22.11,1064.0,1200.0,1380.0,1260.0,720.0,1020.0,1320.0,780.0,1260.0,780.0,1020.0,660.0,1560.0,1200.0,1380.0,840.0,780.0,1020.0,1200.0,840.0,1080.0,600.0,1380.0,1320.0,660.0,1320.0,1320.0,840.0,1020.0,1140.0,1020.0
22.12,1058.0,1380.0,1200.0,1260.0,720.0,1020.0,1320.0,840.0,1200.0,780.0,960.0,600.0,1500.0,1200.0,1380.0,840.0,840.0,1020.0,1140.0,900.0,960.0,660.0,1200.0,1320.0,660.0,1320.0,1260.0,960.0,1020.0,1140.0,1140.0
22.13,1044.0,1200.0,1200.0,1320.0,780.0,1020.0,1260.0,780.0,1140.0,720.0,900.0,600.0,1380.0,1260.0,1440.0,840.0,960.0,1020.0,1080.0,900.0,960.0,660.0,1200.0,1320.0,660.0,1320.0,1320.0,960.0,840.0,1140.0,1140.0
22.14,1038.0,1080.0,1200.0,1260.0,720.0,960.0,1260.0,660.0,1140.0,780.0,900.0,660.0,1320.0,1320.0,1500.0,780.0,1020.0,960.0,1020.0,1020.0,1080.0,600.0,1140.0,1380.0,720.0,1320.0,1320.0,900.0,960.0,1020.0,1140.0
22.150000000000002,1044.0,1200.0,1200.0,1320.0,780.0,960.0,1260.0,600.0,1140.0,900.0,900.0,840.0,1320.0,1320.0,1500.0,840.0,1020.0,960.0,780.0,1020.0,960.0,600.0,1140.0,1320.0,720.0,1380.0,1320.0,900.0,960.0,1020.0,1140.0
22.16,1048.0,1200.0,1260.0,1260.0,840.0,960.0,1260.0,540.0,1020.0,900.0,900.0,840.0,1380.0,1320.0,1380.0,840.0,960.0,960.0,840.0,1140.0,960.0,720.0,1200.0,1260.0,660.0,1380.0,1260.0,960.0,900.0,1080.0,1260.0
22.17,1046.0,1140.0,1080.0,1200.0,840.0,1020.0,1200.0,540.0,1020.0,900.0,900.0,900.0,1320.0,1200.0,1380.0,900.0,960.0,1020.0,780.0,1200.0,900.0,720.0,1260.0,1380.0,720.0,1260.0,1320.0,1020.0,900.0,1140.0,1260.0
22.18,1046.0,1140.0,1020.0,1020.0,780.0,960.0,1200.0,540.0,1080.0,900.0,1020.0,840.0,1200.0,1200.0,1380.0,840.0,960.0,1140.0,780.0,1320.0,900.0,660.0,1260.0,1440.0,840.0,1260.0,1320.0,1020.0,900.0,1080.0,1380.0
22.19,1032.0,1080.0,1140.0,900.0,780.0,960.0,1200.0,540.0,1080.0,780.0,900.0,780.0,1140.0,1200.0,1320.0,960.0,1020.0,1140.0,720.0,1380.0,840.0,660.0,1260.0,1440.0,960.0,1260.0,1260.0,1020.0,840.0,1020.0,1380.0
22.2,1028.0,1080.0,1140.0,900.0,660.0,960.0,1080.0,540.0,1200.0,840.0,960.0,840.0,1200.0,1200.0,1380.0,960.0,960.0,1080.0,780.0,1500.0,840.0,600.0,1200.0,1440.0,840.0,1200.0,1200.0,960.0,840.0,1020.0,1440.0
22.21,1018.0,1080.0,1380.0,960.0,600.0,840.0,1020.0,480.0,1080.0,840.0,960.0,780.0,1260.0,1260.0,1380.0,900.0,960.0,1080.0,720.0,1560.0,840.0,540.0,1200.0,1320.0,840.0,1080.0,1140.0,960.0,900.0,1140.0,1440.0
22.22,1004.0,1020.0,1440.0,900.0,540.0,840.0,1020.0,480.0,1080.0,840.0,960.0,720.0,1260.0,1200.0,1380.0,900.0,960.0,1080.0,720.0,1500.0,780.0,660.0,1140.0,1260.0,900.0,1020.0,1140.0,900.0,960.0,1140.0,1380.0
22.23,1012.0,1020.0,1440.0,960.0,600.0,900.0,1080.0,480.0,1080.0,900.0,900.0,780.0,1200.0,1260.0,1260.0,960.0,900.0,900.0,900.0,1500.0,840.0,660.0,1200.0,1200.0,900.0,960.0,1140.0,960.0,960.0,1140.0,1380.0
22.240000000000002,984.0,1080.0,1380.0,1020.0,540.0,960.0,1020.0,540.0,960.0,840.0,840.0,840.0,1140.0,1200.0,1320.0,780.0,900.0,960.0,840.0,1380.0,840.0,660.0,1140.0,1200.0,900.0,900.0,1020.0,1020.0,960.0,1080.0,1260.0
22.25,998.0,1080.0,1260.0,1140.0,600.0,900.0,960.0,540.0,1080.0,900.0,900.0,840.0,1200.0,1200.0,1380.0,840.0,960.0,960.0,840.0,1560.0,840.0,660.0,1140.0,1200.0,900.0,780.0,960.0,1020.0,960.0,1080.0,1260.0
22.26,992.0,1080.0,1320.0,1140.0,600.0,900.0,960.0,480.0,1020.0,900.0,1020.0,780.0,1080.0,1140.0,1380.0,840.0,960.0,900.0,900.0,1620.0,840.0,720.0,1140.0,1200.0,900.0,720.0,900.0,1020.0,900.0,1080.0,1320.0
22.27,986.0,1020.0,1320.0,1080.0,600.0,900.0,1020.0,480.0,960.0,900.0,960.0,840.0,840.0,1200.0,1320.0,840.0,1080.0,900.0,900.0,1620.0,900.0,780.0,1200.0,1020.0,900.0,720.0,960.0,1020.0,840.0,1080.0,1380.0
22.28,964.0,1020.0,1260.0,1080.0,540.0,780.0,960.0,480.0,960.0,960.0,900.0,840.0,840.0,960.0,1260.0,720.0,1140.0,900.0,840.0,1620.0,900.0,780.0,1320.0,900.0,900.0,660.0,1080.0,1020.0,780.0,1140.0,1380.0
22.29,952.0,1020.0,1200.0,1080.0,660.0,780.0,960.0,540.0,900.0,720.0,960.0,840.0,840.0,960.0,1260.0,720.0,1140.0,1080.0,720.0,1680.0,900.0,780.0,1200.0,840.0,840.0,600.0,1080.0,900.0,840.0,1200.0,1320.0
22.3,966.0,1020.0,1200.0,960.0,660.0,780.0,1020.0,540.0,1020.0,660.0,1020.0,840.0,780.0,960.0,1320.0,840.0,1200.0,1200.0,720.0,1800.0,960.0,840.0,1260.0,780.0,780.0,600.0,1080.0,840.0,900.0,1260.0,1140.0
22.31,972.0,900.0,1200.0,1020.0,720.0,660.0,1020.0,540.0,1080.0,720.0,1080.0,840.0,660.0,960.0,1320.0,960.0,1140.0,1260.0,720.0,1860.0,960.0,900.0,1260.0,840.0,660.0,660.0,1080.0,840.0,900.0,1260.0,1140.0
22.32,972.0,1020.0,1260.0,1020.0,720.0,780.0,960.0,540.0,1140.0,720.0,900.0,900.0,660.0,960.0,1260.0,1020.0,1140.0,1260.0,660.0,1740.0,960.0,900.0,1320.0,780.0,720.0,660.0,1080.0,780.0,900.0,1260.0,1140.0
22.330000000000002,962.0,1020.0,1260.0,1020.0,720.0,780.0,900.0,540.0,1200.0,720.0,960.0,840.0,660.0,960.0,1200.0,1020.0,1080.0,1140.0,660.0,1800.0,900.0,960.0,1140.0,780.0,720.0,720.0,1080.0,660.0,960.0,1260.0,1200.0
22.34,964.0,1020.0,1320.0,1080.0,780.0,840.0,900.0,540.0,1140.0,780.0,960.0,840.0,660.0,960.0,1020.0,1020.0,1080.0,1140.0,600.0,1860.0,900.0,1020.0,1140.0,840.0,720.0,840.0,960.0,660.0,960.0,1140.0,1200.0
22.35,956.0,1080.0,1320.0,960.0,720.0,780.0,780.0,480.0,1320.0,780.0,960.0,840.0,720.0,960.0,900.0,1080.0,1020.0,1140.0,660.0,1920.0,840.0,1020.0,1140.0,840.0,720.0,840.0,900.0,600.0,1020.0,1080.0,1260.0
22.36,956.0,1140.0,1260.0,960.0,720.0,720.0,720.0,480.0,1260.0,840.0,900.0,840.0,840.0,1080.0,960.0,1080.0,960.0,1200.0,660.0,1740.0,840.0,1140.0,1140.0,840.0,780.0,900.0,900.0,600.0,1020.0,1020.0,1140.0
22.37,950.0,1140.0,1140.0,1020.0,720.0,720.0,660.0,360.0,1380.0,900.0,960.0,840.0,900.0,1020.0,840.0,1080.0,1020.0,1140.0,600.0,1680.0,840.0,1140.0,1140.0,780.0,900.0,900.0,840.0,660.0,1080.0,1020.0,1080.0
22.38,936.0,1140.0,1080.0,960.0,660.0,660.0,720.0,360.0,1380.0,900.0,960.0,840.0,900.0,1020.0,780.0,1080.0,1020.0,1140.0,660.0,1560.0,900.0,1020.0,1260.0,720.0,840.0,840.0,780.0,720.0,1020.0,1080.0,1080.0
22.39,928.0,1140.0,1080.0,900.0,660.0,720.0,720.0,360.0,1380.0,780.0,1020.0,780.0,900.0,1020.0,720.0,1080.0,1020.0,1080.0,660.0,1560.0,960.0,1020.0,1140.0,780.0,840.0,840.0,780.0,660.0,1020.0,1080.0,1140.0
22.400000000000002,914.0,1020.0,1080.0,1020.0,600.0,660.0,660.0,480.0,1500.0,840.0,900.0,840.0,900.0,1080.0,720.0,960.0,1080.0,960.0,660.0,1500.0,960.0,1020.0,1080.0,840.0,840.0,720.0,780.0,660.0,900.0,1080.0,1080.0
22.41,920.0,960.0,1080.0,1080.0,540.0,660.0,660.0,540.0,1500.0,900.0,900.0,840.0,900.0,1020.0,720.0,1080.0,1020.0,900.0,720.0,1440.0,960.0,1020.0,1200.0,840.0,960.0,720.0,720.0,660.0,960.0,1020.0,1080.0
22.42,906.0,960.0,960.0,1080.0,540.0,720.0,660.0,540.0,1560.0,900.0,840.0,840.0,840.0,1020.0,600.0,1080.0,1020.0,960.0,780.0,1380.0,900.0,1080.0,1140.0,780.0,840.0,660.0,720.0,660.0,900.0,1020.0,1200.0
22.43,898.0,1080.0,960.0,1080.0,540.0,720.0,720.0,540.0,1380.0,900.0,840.0,840.0,840.0,1020.0,600.0,1020.0,1020.0,960.0,840.0,1260.0,840.0,1080.0,1080.0,780.0,840.0,600.0,780.0,720.0,900.0,1020.0,1140.0
22.44,902.0,1140.0,1020.0,1140.0,540.0,780.0,660.0,540.0,1380.0,840.0,900.0,780.0,840.0,1140.0,540.0,1020.0,960.0,900.0,780.0,1260.0,840.0,1080.0,1140.0,840.0,840.0,660.0,900.0,660.0,900.0,900.0,1140.0
22.45,908.0,1200.0,1020.0,1320.0,660.0,720.0,600.0,600.0,1380.0,840.0,900.0,780.0,780.0,1020.0,540.0,1020.0,960.0,840.0,840.0,1200.0,840.0,1080.0,1260.0,780.0,840.0,720.0,900.0,720.0,900.0,900.0,1080.0
22.46,900.0,1080.0,840.0,1260.0,720.0,780.0,660.0,600.0,1380.0,780.0,960.0,720.0,780.0,1020.0,420.0,1020.0,960.0,900.0,840.0,1200.0,900.0,960.0,1260.0,720.0,840.0,780.0,900.0,780.0,900.0,1020.0,1020.0
22.47,908.0,1080.0,840.0,1320.0,780.0,720.0,600.0,600.0,1380.0,840.0,1020.0,720.0,840.0,960.0,420.0,1020.0,960.0,900.0,720.0,1140.0,960.0,1080.0,1260.0,720.0,900.0,720.0,900.0,780.0,960.0,1080.0,1020.0
22.48,898.0,960.0,900.0,1320.0,780.0,720.0,600.0,540.0,1320.0,780.0,1020.0,840.0,600.0,960.0,480.0,1020.0,960.0,840.0,660.0,1080.0,1020.0,1080.0,1320.0,780.0,900.0,600.0,900.0,900.0,1020.0,1080.0,960.0
22.490000000000002,906.0,1020.0,900.0,1320.0,780.0,720.0,600.0,480.0,1140.0,720.0,1020.0,840.0,660.0,1020.0,480.0,1020.0,1020.0,840.0,720.0,1140.0,1020.0,1080.0,1440.0,780.0,900.0,600.0,900.0,840.0,1140.0,1080.0,960.0
22.5,902.0,1080.0,1020.0,1320.0,720.0,780.0,600.0,540.0,1080.0,840.0,1080.0,660.0,660.0,960.0,480.0,960.0,1080.0,720.0,660.0,1080.0,1020.0,1080.0,1440.0,780.0,900.0,540.0,900.0,900.0,1080.0,1080.0,1020.0
22.51,882.0,900.0,960.0,1320.0,720.0,780.0,540.0,540.0,1020.0,900.0,960.0,660.0,720.0,960.0,480.0,840.0,1080.0,660.0,600.0,1200.0,1020.0,1020.0,1440.0,780.0,840.0,540.0,960.0,900.0,1080.0,1020.0,1020.0
22.52,888.0,960.0,1020.0,1260.0,720.0,780.0,540.0,540.0,1020.0,840.0,960.0,720.0,780.0,960.0,480.0,840.0,1140.0,720.0,600.0,1200.0,960.0,1020.0,1440.0,780.0,900.0,540.0,960.0,840.0,1080.0,960.0,1080.0
22.53,868.0,1020.0,960.0,1260.0,720.0,720.0,540.0,600.0,960.0,840.0,1020.0,720.0,780.0,720.0,480.0,840.0,1140.0,780.0,600.0,1200.0,900.0,900.0,1380.0,780.0,900.0,600.0,960.0,780.0,1020.0,900.0,1020.0
22.54,878.0,1020.0,960.0,1380.0,720.0,840.0,600.0,600.0,1020.0,900.0,1020.0,720.0,720.0,720.0,420.0,840.0,1140.0,720.0,540.0,1140.0,960.0,960.0,1380.0,840.0,960.0,600.0,960.0,840.0,960.0,960.0,900.0
22.55,892.0,960.0,840.0,1380.0,780.0,840.0,660.0,600.0,1020.0,1080.0,1020.0,720.0,840.0,900.0,480.0,840.0,1140.0,660.0,540.0,960.0,1080.0,900.0,1320.0,900.0,1080.0,660.0,900.0,720.0,1140.0,900.0,900.0
22.56,882.0,1020.0,840.0,1320.0,780.0,960.0,660.0,660.0,1020.0,960.0,960.0,720.0,780.0,960.0,480.0,720.0,1200.0,660.0,480.0,960.0,960.0,900.0,1320.0,900.0,1080.0,660.0,840.0,600.0,1200.0,960.0,900.0
22.57,870.0,960.0,900.0,1320.0,780.0,900.0,660.0,600.0,960.0,1020.0,900.0,840.0,780.0,960.0,480.0,780.0,1200.0,600.0,480.0,900.0,960.0,900.0,1200.0,900.0,1020.0,660.0,780.0,600.0,1260.0,900.0,900.0
22.580000000000002,854.0,960.0,900.0,1380.0,720.0,900.0,600.0,540.0,960.0,1080.0,840.0,840.0,780.0,840.0,480.0,780.0,1200.0,720.0,420.0,900.0,900.0,900.0,1080.0,960.0,1020.0,660.0,720.0,660.0,1140.0,900.0,840.0
22.59,846.0,900.0,900.0,1440.0,720.0,900.0,540.0,540.0,900.0,1080.0,900.0,840.0,720.0,840.0,600.0,780.0,1140.0,720.0,480.0,900.0,900.0,840.0,1020.0,900.0,1080.0,600.0,720.0,660.0,1140.0,840.0,840.0
22.6,824.0,900.0,900.0,1380.0,660.0,840.0,600.0,480.0,780.0,1140.0,1020.0,780.0,660.0,840.0,660.0,720.0,1080.0,780.0,480.0,960.0,840.0,780.0,840.0,840.0,1080.0,600.0,780.0,660.0,1200.0,720.0,720.0
22.61,820.0,900.0,960.0,1380.0,660.0,900.0,540.0,480.0,780.0,1140.0,1020.0,840.0,720.0,840.0,600.0,720.0,1080.0,780.0,480.0,960.0,780.0,780.0,960.0,720.0,1020.0,540.0,720.0,720.0,1200.0,720.0,660.0
22.62,820.0,840.0,900.0,1440.0,600.0,1020.0,540.0,480.0,840.0,1140.0,1080.0,840.0,540.0,780.0,600.0,720.0,1020.0,840.0,480.0,900.0,780.0,840.0,960.0,660.0,1020.0,660.0,720.0,780.0,1200.0,720.0,660.0
22.63,828.0,960.0,960.0,1440.0,600.0,1080.0,540.0,480.0,840.0,1080.0,1080.0,840.0,540.0,720.0,660.0,660.0,1080.0,780.0,480.0,960.0,840.0,840.0,900.0,720.0,1020.0,660.0,720.0,780.0,1140.0,780.0,660.0
22.64,828.0,1020.0,900.0,1440.0,600.0,1140.0,540.0,480.0,900.0,1020.0,1080.0,900.0,540.0,720.0,720.0,720.0,1080.0,660.0,420.0,960.0,840.0,840.0,900.0,720.0,1020.0,660.0,660.0,780.0,1140.0,720.0,720.0
22.650000000000002,820.0,1020.0,780.0,1440.0,540.0,1080.0,540.0,420.0,900.0,960.0,960.0,960.0,600.0,780.0,660.0,720.0,1020.0,660.0,420.0,960.0,840.0,900.0,1020.0,780.0,960.0,660.0,660.0,780.0,1140.0,780.0,660.0
22.66,816.0,960.0,840.0,1440.0,600.0,1020.0,600.0,420.0,900.0,960.0,960.0,1020.0,600.0,780.0,660.0,660.0,960.0,660.0,480.0,900.0,900.0,780.0,1020.0,720.0,1020.0,720.0,540.0,780.0,1140.0,720.0,720.0
22.67,822.0,960.0,900.0,1500.0,600.0,1020.0,600.0,480.0,960.0,1020.0,840.0,1020.0,540.0,840.0,660.0,600.0,1020.0,660.0,480.0,960.0,900.0,840.0,1020.0,720.0,1020.0,720.0,480.0,720.0,1140.0,660.0,780.0
22.68,830.0,1020.0,900.0,1440.0,480.0,1020.0,600.0,540.0,1080.0,1080.0,780.0,1140.0,540.0,840.0,780.0,720.0,960.0,600.0,480.0,1020.0,900.0,780.0,960.0,720.0,960.0,720.0,540.0,660.0,1080.0,660.0,900.0
22.69,838.0,960.0,840.0,1440.0,600.0,1020.0,600.0,600.0,1080.0,1080.0,780.0,1020.0,540.0,840.0,720.0,720.0,900.0,600.0,540.0,1020.0,900.0,840.0,960.0,780.0,960.0,780.0,600.0,660.0,1140.0,720.0,900.0
22.7,836.0,960.0,840.0,1440.0,420.0,1020.0,660.0,540.0,1140.0,1020.0,720.0,1140.0,480.0,840.0,720.0,660.0,900.0,660.0,540.0,1020.0,840.0,840.0,900.0,840.0,960.0,600.0,780.0,660.0,1200.0,780.0,960.0
22.71,834.0,1020.0,840.0,1440.0,420.0,1020.0,600.0,600.0,1140.0,1020.0,780.0,1140.0,480.0,840.0,720.0,660.0,900.0,660.0,540.0,960.0,840.0,900.0,960.0,840.0,960.0,600.0,660.0,660.0,1140.0,780.0,900.0
22.72,840.0,960.0,900.0,1440.0,480.0,1020.0,540.0,600.0,1260.0,1080.0,600.0,1140.0,420.0,840.0,720.0,780.0,900.0,660.0,600.0,1020.0,840.0,900.0,960.0,840.0,960.0,600.0,660.0,660.0,1140.0,780.0,900.0
22.73,846.0,960.0,960.0,1440.0,480.0,1080.0,600.0,540.0,1260.0,1080.0,600.0,1080.0,480.0,840.0,660.0,780.0,900.0,720.0,600.0,1140.0,720.0,900.0,900.0,780.0,960.0,720.0,660.0,720.0,1140.0,780.0,900.0
22.740000000000002,834.0,900.0,960.0,1440.0,480.0,1020.0,600.0,540.0,1140.0,1020.0,660.0,1020.0,480.0,900.0,600.0,780.0,900.0,780.0,540.0,1200.0,660.0,840.0,900.0,900.0,900.0,840.0,660.0,660.0,1080.0,720.0,900.0
22.75,826.0,1020.0,960.0,1260.0,540.0,1020.0,660.0,540.0,1140.0,1020.0,720.0,1020.0,600.0,780.0,540.0,780.0,900.0,780.0,480.0,1260.0,600.0,720.0,900.0,840.0,780.0,780.0,660.0,600.0,1260.0,720.0,900.0
22.76,834.0,960.0,1020.0,1140.0,540.0,1080.0,720.0,660.0,1200.0,960.0,900.0,1020.0,600.0,840.0,660.0,720.0,900.0,840.0,420.0,1200.0,600.0,720.0,960.0,780.0,780.0,720.0,720.0,600.0,1140.0,720.0,900.0
22.77,832.0,960.0,900.0,1140.0,600.0,1020.0,660.0,660.0,1140.0,960.0,1020.0,1140.0,600.0,840.0,780.0,720.0,840.0,900.0,420.0,1140.0,600.0,660.0,840.0,900.0,840.0,720.0,660.0,600.0,1140.0,600.0,960.0
22.78,834.0,960.0,900.0,1140.0,600.0,1080.0,660.0,660.0,1140.0,960.0,1020.0,1140.0,600.0,840.0,780.0,660.0,960.0,1020.0,420.0,1080.0,540.0,540.0,840.0,900.0,900.0,660.0,720.0,600.0,1140.0,600.0,960.0
22.79,828.0,960.0,1020.0,1200.0,540.0,1080.0,660.0,840.0,1080.0,960.0,1020.0,1140.0,600.0,780.0,840.0,600.0,900.0,1020.0,420.0,1080.0,540.0,540.0,720.0,900.0,900.0,660.0,720.0,660.0,1080.0,540.0,840.0
22.8,840.0,960.0,1080.0,1140.0,480.0,1020.0,600.0,840.0,1080.0,960.0,1080.0,1140.0,660.0,780.0,900.0,660.0,900.0,1020.0,480.0,1080.0,720.0,660.0,660.0,900.0,900.0,660.0,720.0,660.0,1080.0,600.0,780.0
22.81,836.0,840.0,1140.0,1140.0,480.0,960.0,540.0,840.0,1140.0,1080.0,1080.0,1020.0,660.0,720.0,900.0,660.0,900.0,1020.0,480.0,1080.0,720.0,540.0,660.0,1020.0,960.0,660.0,720.0,660.0,1020.0,660.0,780.0
22.82,832.0,900.0,1200.0,1080.0,480.0,960.0,600.0,780.0,1320.0,1080.0,1080.0,960.0,660.0,780.0,780.0,660.0,900.0,960.0,480.0,1020.0,720.0,480.0,720.0,1080.0,960.0,600.0,720.0,600.0,1020.0,600.0,780.0
22.830000000000002,822.0,900.0,1200.0,1080.0,540.0,960.0,600.0,780.0,1320.0,1080.0,1020.0,900.0,600.0,900.0,780.0,720.0,900.0,1020.0,480.0,900.0,660.0,480.0,720.0,960.0,900.0,600.0,780.0,540.0,960.0,660.0,720.0
22.84,830.0,900.0,1260.0,1080.0,540.0,960.0,600.0,780.0,1440.0,1140.0,960.0,840.0,600.0,900.0,780.0,660.0,900.0,1020.0,540.0,900.0,720.0,540.0,780.0,960.0,900.0,600.0,720.0,540.0,960.0,540.0,840.0
22.85,830.0,840.0,1260.0,1020.0,600.0,1020.0,660.0,840.0,1320.0,1140.0,900.0,840.0,600.0,900.0,780.0,720.0,900.0,1080.0,540.0,900.0,780.0,600.0,720.0,960.0,960.0,600.0,720.0,480.0,960.0,420.0,840.0
22.86,824.0,840.0,1200.0,1080.0,660.0,960.0,720.0,840.0,1260.0,1080.0,900.0,900.0,480.0,900.0,720.0,720.0,900.0,1080.0,540.0,780.0,720.0,600.0,780.0,960.0,1020.0,660.0,720.0,540.0,840.0,420.0,900.0
22.87,816.0,780.0,1200.0,1080.0,720.0,960.0,660.0,780.0,1200.0,1080.0,900.0,900.0,540.0,960.0,720.0,600.0,960.0,960.0,540.0,780.0,720.0,600.0,900.0,780.0,960.0,720.0,780.0,600.0,840.0,360.0,900.0
22.88,816.0,780.0,1200.0,1080.0,780.0,840.0,660.0,720.0,1200.0,1080.0,900.0,900.0,600.0,1020.0,720.0,600.0,960.0,900.0,480.0,720.0,720.0,600.0,900.0,840.0,960.0,780.0,720.0,720.0,900.0,300.0,900.0
22.89,818.0,780.0,1260.0,1080.0,900.0,900.0,600.0,600.0,1140.0,1140.0,1020.0,900.0,660.0,1020.0,660.0,600.0,900.0,960.0,480.0,780.0,720.0,600.0,900.0,720.0,960.0,780.0,780.0,780.0,840.0,300.0,780.0
22.900000000000002,812.0,780.0,1260.0,1080.0,840.0,900.0,600.0,540.0,1140.0,1080.0,960.0,900.0,660.0,1080.0,660.0,540.0,840.0,1020.0,420.0,780.0,780.0,600.0,900.0,720.0,900.0,840.0,720.0,840.0,840.0,360.0,780.0
22.91,800.0,720.0,1260.0,1020.0,840.0,900.0,660.0,600.0,1080.0,1200.0,960.0,780.0,660.0,1020.0,720.0,480.0,720.0,900.0,420.0,780.0,840.0,600.0,840.0,780.0,900.0,840.0,600.0,840.0,900.0,360.0,780.0
22.92,812.0,720.0,1260.0,1020.0,840.0,960.0,720.0,600.0,960.0,1260.0,1020.0,780.0,600.0,960.0,660.0,420.0,720.0,900.0,480.0,840.0,780.0,660.0,840.0,840.0,960.0,1020.0,600.0,900.0,900.0,360.0,780.0
22.93,784.0,780.0,1260.0,960.0,840.0,840.0,660.0,540.0,960.0,1440.0,1020.0,660.0,540.0,1020.0,600.0,540.0,600.0,840.0,480.0,660.0,780.0,660.0,720.0,840.0,900.0,1020.0,600.0,780.0,840.0,360.0,780.0
22.94,758.0,840.0,1140.0,900.0,780.0,780.0,720.0,480.0,960.0,1380.0,1020.0,660.0,540.0,960.0,660.0,540.0,660.0,840.0,480.0,600.0,720.0,720.0,720.0,900.0,840.0,1020.0,420.0,780.0,720.0,360.0,600.0
22.95,748.0,840.0,1140.0,900.0,780.0,780.0,720.0,480.0,1020.0,1380.0,1020.0,780.0,420.0,900.0,600.0,600.0,660.0,840.0,480.0,660.0,720.0,720.0,660.0,960.0,840.0,960.0,360.0,660.0,720.0,360.0,480.0
22.96,742.0,780.0,1140.0,960.0,720.0,780.0,720.0,420.0,1020.0,1260.0,1020.0,780.0,480.0,900.0,540.0,600.0,600.0,900.0,420.0,720.0,720.0,720.0,660.0,960.0,840.0,960.0,360.0,720.0,720.0,420.0,420.0
22.97,744.0,840.0,1140.0,900.0,780.0,840.0,660.0,420.0,1020.0,1260.0,1020.0,780.0,480.0,900.0,600.0,720.0,600.0,900.0,480.0,720.0,660.0,660.0,540.0,960.0,840.0,960.0,360.0,660.0,720.0,480.0,420.0
22.98,748.0,840.0,1140.0,840.0,780.0,780.0,720.0,420.0,960.0,1200.0,960.0,780.0,540.0,900.0,660.0,720.0,600.0,960.0,480.0,540.0,660.0,660.0,660.0,1020.0,780.0,1020.0,360.0,720.0,720.0,600.0,420.0
22.990000000000002,732.0,780.0,1140.0,840.0,720.0,780.0,720.0,420.0,960.0,900.0,960.0,720.0,540.0,900.0,540.0,720.0,600.0,960.0,420.0,540.0,720.0,660.0,660.0,960.0,780.0,1200.0,360.0,720.0,720.0,600.0,420.0
23.0,734.0,900.0,1080.0,900.0,720.0,720.0,720.0,420.0,900.0,960.0,840.0,720.0,540.0,840.0,540.0,660.0,600.0,1020.0,480.0,540.0,720.0,660.0,600.0,1020.0,840.0,1200.0,360.0,840.0,600.0,660.0,420.0
23.01,724.0,900.0,1080.0,780.0,720.0,720.0,600.0,420.0,960.0,960.0,780.0,720.0,540.0,660.0,540.0,660.0,600.0,960.0,480.0,600.0,720.0,660.0,540.0,1020.0,840.0,1200.0,360.0,900.0,600.0,780.0,420.0
23.02,726.0,840.0,1140.0,720.0,780.0,780.0,480.0,480.0,1020.0,960.0,720.0,720.0,420.0,780.0,540.0,720.0,660.0,960.0,420.0,600.0,720.0,660.0,540.0,960.0,840.0,1200.0,420.0,900.0,600.0,720.0,480.0
23.03,728.0,840.0,1020.0,720.0,840.0,780.0,540.0,480.0,960.0,1020.0,780.0,780.0,420.0,780.0,540.0,720.0,720.0,1020.0,360.0,660.0,720.0,600.0,540.0,1020.0,780.0,1200.0,360.0,900.0,540.0,720.0,480.0
23.04,726.0,840.0,1080.0,600.0,840.0,780.0,540.0,480.0,840.0,1080.0,720.0,720.0,420.0,660.0,660.0,720.0,720.0,960.0,360.0,660.0,780.0,600.0,540.0,1080.0,780.0,1140.0,480.0,960.0,540.0,720.0,480.0
23.05,720.0,840.0,900.0,600.0,840.0,780.0,540.0,540.0,780.0,1140.0,780.0,720.0,480.0,660.0,660.0,720.0,660.0,1080.0,300.0,600.0,720.0,660.0,480.0,1080.0,780.0,1080.0,480.0,960.0,600.0,720.0,420.0
23.06,708.0,840.0,840.0,540.0,780.0,780.0,420.0,540.0,840.0,1020.0,600.0,720.0,480.0,660.0,720.0,660.0,660.0,1080.0,420.0,660.0,780.0,600.0,420.0,1080.0,780.0,1020.0,480.0,1020.0,660.0,720.0,420.0
23.07,710.0,840.0,840.0,480.0,840.0,720.0,420.0,720.0,900.0,960.0,660.0,780.0,480.0,600.0,780.0,660.0,600.0,1080.0,420.0,720.0,780.0,600.0,420.0,1020.0,780.0,1080.0,480.0,1020.0,600.0,660.0,360.0
23.080000000000002,706.0,720.0,780.0,540.0,840.0,780.0,360.0,660.0,840.0,1020.0,600.0,720.0,420.0,600.0,780.0,660.0,660.0,1020.0,480.0,660.0,780.0,780.0,420.0,1020.0,780.0,1080.0,480.0,1020.0,600.0,720.0,360.0
23.09,698.0,720.0,720.0,540.0,840.0,780.0,360.0,660.0,840.0,1020.0,660.0,540.0,360.0,600.0,840.0,720.0,660.0,1080.0,480.0,720.0,780.0,780.0,480.0,900.0,780.0,1080.0,480.0,1020.0,480.0,660.0,360.0
23.1,704.0,720.0,780.0,600.0,780.0,780.0,360.0,660.0,840.0,1020.0,720.0,600.0,360.0,540.0,840.0,720.0,600.0,1200.0,480.0,660.0,780.0,840.0,480.0,900.0,780.0,1080.0,480.0,1080.0,480.0,600.0,360.0
23.11,714.0,720.0,720.0,600.0,780.0,840.0,420.0,660.0,900.0,1020.0,780.0,660.0,360.0,540.0,720.0,780.0,600.0,1080.0,480.0,720.0,780.0,900.0,480.0,960.0,840.0,1140.0,480.0,1080.0,480.0,540.0,360.0
23.12,714.0,720.0,720.0,600.0,780.0,780.0,420.0,720.0,780.0,1020.0,900.0,720.0,420.0,600.0,660.0,780.0,600.0,1020.0,540.0,780.0,780.0,900.0,420.0,960.0,780.0,1080.0,480.0,1020.0,540.0,540.0,360.0
23.13,718.0,720.0,660.0,600.0,840.0,780.0,480.0,720.0,900.0,1080.0,900.0,840.0,420.0,600.0,660.0,900.0,600.0,900.0,540.0,840.0,660.0,840.0,360.0,960.0,720.0,1020.0,540.0,1020.0,540.0,540.0,360.0
23.14,718.0,780.0,660.0,480.0,840.0,780.0,540.0,720.0,960.0,1080.0,840.0,780.0,420.0,540.0,660.0,960.0,600.0,840.0,480.0,900.0,600.0,900.0,420.0,960.0,780.0,1020.0,600.0,960.0,540.0,600.0,300.0
23.150000000000002,728.0,840.0,720.0,420.0,840.0,780.0,540.0,720.0,900.0,1080.0,900.0,780.0,360.0,600.0,660.0,1020.0,600.0,840.0,480.0,900.0,660.0,840.0,420.0,960.0,780.0,1020.0,720.0,1080.0,480.0,600.0,300.0
23.16,732.0,840.0,720.0,420.0,900.0,720.0,480.0,720.0,900.0,1080.0,1020.0,840.0,360.0,600.0,840.0,960.0,600.0,720.0,540.0,960.0,660.0,900.0,420.0,900.0,720.0,900.0,780.0,1080.0,480.0,600.0,300.0
23.17,738.0,840.0,660.0,360.0,840.0,660.0,540.0,660.0,900.0,1200.0,1080.0,900.0,360.0,660.0,840.0,960.0,600.0,660.0,540.0,960.0,660.0,960.0,420.0,1080.0,720.0,840.0,720.0,1140.0,480.0,600.0,300.0
23.18,734.0,840.0,660.0,360.0,960.0,600.0,540.0,660.0,960.0,1140.0,1080.0,960.0,300.0,600.0,960.0,900.0,600.0,660.0,540.0,1020.0,540.0,960.0,420.0,1020.0,660.0,900.0,600.0,1140.0,480.0,600.0,360.0
23.19,736.0,840.0,600.0,360.0,1020.0,660.0,600.0,660.0,900.0,1080.0,1080.0,960.0,300.0,660.0,1080.0,900.0,660.0,720.0,480.0,900.0,540.0,960.0,420.0,960.0,660.0,840.0,600.0,1080.0,480.0,720.0,360.0
23.2,744.0,840.0,540.0,300.0,1140.0,720.0,600.0,600.0,840.0,960.0,1020.0,960.0,360.0,660.0,1200.0,900.0,600.0,780.0,600.0,960.0,540.0,900.0,360.0,960.0,660.0,900.0,660.0,1080.0,480.0,720.0,480.0
23.21,734.0,720.0,540.0,300.0,1140.0,780.0,540.0,600.0,900.0,1020.0,960.0,1020.0,360.0,600.0,1080.0,900.0,600.0,780.0,600.0,960.0,480.0,840.0,360.0,960.0,660.0,840.0,720.0,1140.0,480.0,660.0,480.0
23.22,728.0,660.0,540.0,300.0,1080.0,780.0,480.0,660.0,900.0,1020.0,960.0,1020.0,480.0,600.0,1080.0,840.0,540.0,780.0,600.0,960.0,540.0,780.0,360.0,960.0,660.0,840.0,660.0,1140.0,480.0,660.0,480.0
23.23,720.0,660.0,480.0,300.0,1080.0,780.0,540.0,660.0,900.0,900.0,960.0,1020.0,420.0,600.0,1020.0,840.0,600.0,780.0,600.0,900.0,480.0,840.0,360.0,1020.0,660.0,840.0,660.0,1080.0,540.0,660.0,420.0
23.240000000000002,742.0,660.0,480.0,360.0,1080.0,780.0,600.0,660.0,1020.0,840.0,1020.0,1020.0,420.0,600.0,1020.0,840.0,660.0,840.0,600.0,900.0,540.0,840.0,420.0,960.0,780.0,900.0,660.0,1140.0,660.0,540.0,420.0
23.25,732.0,780.0,480.0,300.0,960.0,780.0,660.0,720.0,960.0,900.0,960.0,960.0,420.0,600.0,900.0,720.0,720.0,900.0,600.0,960.0,540.0,840.0,300.0,960.0,780.0,840.0,600.0,1200.0,660.0,540.0,420.0
23.26,730.0,720.0,600.0,300.0,900.0,780.0,720.0,840.0,900.0,900.0,960.0,900.0,420.0,600.0,900.0,600.0,720.0,960.0,540.0,960.0,600.0,840.0,360.0,840.0,780.0,900.0,600.0,1140.0,720.0,480.0,420.0
23.27,736.0,720.0,600.0,360.0,840.0,780.0,720.0,840.0,840.0,900.0,840.0,840.0,480.0,540.0,900.0,660.0,720.0,1020.0,480.0,1080.0,600.0,840.0,480.0,840.0,840.0,900.0,540.0,1260.0,720.0,480.0,420.0
23.28,728.0,720.0,660.0,360.0,840.0,780.0,660.0,840.0,840.0,900.0,900.0,840.0,480.0,480.0,840.0,660.0,720.0,960.0,480.0,1080.0,600.0,840.0,480.0,840.0,780.0,900.0,600.0,1200.0,720.0,420.0,420.0
23.29,734.0,660.0,660.0,360.0,720.0,840.0,660.0,900.0,900.0,1020.0,840.0,900.0,480.0,420.0,840.0,720.0,720.0,960.0,480.0,1140.0,660.0,780.0,420.0,900.0,840.0,900.0,600.0,1020.0,780.0,480.0,420.0
23.3,734.0,660.0,600.0,360.0,660.0,780.0,540.0,960.0,900.0,1020.0,840.0,960.0,480.0,420.0,840.0,720.0,720.0,960.0,420.0,1140.0,600.0,780.0,420.0,960.0,960.0,960.0,600.0,1080.0,780.0,480.0,420.0
23.31,722.0,600.0,540.0,360.0,540.0,780.0,540.0,960.0,960.0,1020.0,840.0,840.0,540.0,420.0,840.0,660.0,720.0,960.0,420.0,1080.0,600.0,780.0,420.0,900.0,1020.0,900.0,600.0,1080.0,780.0,540.0,420.0
23.32,704.0,600.0,540.0,360.0,540.0,720.0,660.0,900.0,960.0,840.0,780.0,900.0,420.0,420.0,780.0,720.0,780.0,840.0,420.0,1020.0,600.0,840.0,420.0,900.0,900.0,900.0,600.0,1080.0,720.0,540.0,420.0
23.330000000000002,696.0,600.0,600.0,300.0,660.0,720.0,660.0,900.0,900.0,780.0,780.0,900.0,420.0,300.0,720.0,720.0,600.0,840.0,480.0,1020.0,540.0,840.0,420.0,900.0,900.0,900.0,540.0,1140.0,840.0,540.0,420.0
23.34,686.0,600.0,660.0,240.0,720.0,600.0,720.0,900.0,840.0,780.0,660.0,960.0,480.0,300.0,720.0,660.0,600.0,780.0,480.0,1020.0,540.0,780.0,420.0,960.0,900.0,900.0,480.0,1080.0,780.0,600.0,420.0
23.35,700.0,600.0,660.0,300.0,720.0,540.0,720.0,960.0,840.0,840.0,660.0,900.0,480.0,360.0,720.0,660.0,600.0,780.0,480.0,960.0,600.0,780.0,480.0,1020.0,960.0,840.0,600.0,1140.0,780.0,600.0,420.0
23.36,694.0,540.0,660.0,300.0,720.0,600.0,780.0,960.0,840.0,840.0,600.0,780.0,480.0,420.0,660.0,660.0,600.0,780.0,540.0,960.0,660.0,720.0,480.0,1020.0,900.0,840.0,600.0,1140.0,780.0,540.0,420.0
23.37,676.0,480.0,600.0,300.0,720.0,660.0,780.0,900.0,900.0,900.0,600.0,780.0,480.0,420.0,600.0,660.0,600.0,660.0,480.0,780.0,600.0,720.0,480.0,1020.0,900.0,780.0,600.0,1140.0,780.0,540.0,420.0
23.38,678.0,480.0,540.0,300.0,720.0,660.0,780.0,900.0,900.0,900.0,600.0,780.0,360.0,480.0,600.0,660.0,600.0,600.0,480.0,840.0,600.0,840.0,480.0,960.0,960.0,840.0,600.0,1140.0,780.0,540.0,420.0
23.39,672.0,540.0,540.0,300.0,840.0,660.0,780.0,960.0,900.0,840.0,480.0,780.0,360.0,480.0,660.0,780.0,600.0,540.0,360.0,840.0,720.0,780.0,480.0,960.0,960.0,840.0,480.0,1080.0,780.0,540.0,300.0
23.400000000000002,664.0,540.0,600.0,300.0,840.0,720.0,840.0,960.0,840.0,840.0,480.0,840.0,360.0,420.0,660.0,780.0,600.0,540.0,300.0,780.0,720.0,660.0,540.0,960.0,900.0,840.0,480.0,1020.0,720.0,540.0,300.0
23.41,662.0,540.0,660.0,360.0,840.0,720.0,900.0,960.0,840.0,840.0,480.0,840.0,360.0,360.0,600.0,780.0,540.0,480.0,300.0,840.0,720.0,600.0,480.0,1020.0,840.0,840.0,480.0,1080.0,720.0,540.0,300.0
23.42,664.0,540.0,720.0,360.0,900.0,720.0,900.0,900.0,780.0,840.0,540.0,720.0,360.0,360.0,600.0,780.0,660.0,480.0,360.0,960.0,720.0,600.0,480.0,1020.0,840.0,780.0,420.0,1020.0,720.0,540.0,300.0
23.43,658.0,600.0,720.0,300.0,900.0,840.0,900.0,780.0,780.0,900.0,540.0,720.0,420.0,360.0,540.0,720.0,660.0,480.0,360.0,1020.0,720.0,540.0,480.0,960.0,780.0,840.0,360.0,960.0,720.0,540.0,300.0
23.44,642.0,660.0,720.0,240.0,900.0,900.0,840.0,780.0,660.0,960.0,480.0,780.0,480.0,300.0,600.0,720.0,660.0,420.0,360.0,900.0,660.0,540.0,480.0,900.0,720.0,840.0,360.0,840.0,720.0,540.0,300.0
23.45,646.0,600.0,780.0,180.0,900.0,780.0,840.0,840.0,780.0,960.0,480.0,720.0,480.0,300.0,660.0,720.0,660.0,360.0,420.0,960.0,660.0,540.0,480.0,900.0,720.0,840.0,300.0,900.0,660.0,600.0,360.0
23.46,650.0,600.0,780.0,120.0,1020.0,900.0,840.0,840.0,900.0,960.0,420.0,720.0,480.0,300.0,720.0,900.0,660.0,300.0,420.0,840.0,660.0,480.0,480.0,840.0,720.0,840.0,360.0,900.0,600.0,540.0,360.0
23.47,656.0,600.0,780.0,120.0,960.0,960.0,840.0,900.0,960.0,900.0,420.0,660.0,600.0,240.0,720.0,900.0,660.0,300.0,420.0,900.0,600.0,480.0,480.0,900.0,720.0,900.0,360.0,900.0,600.0,600.0,300.0
23.48,654.0,600.0,780.0,120.0,960.0,1020.0,780.0,960.0,780.0,900.0,420.0,660.0,660.0,300.0,720.0,1020.0,780.0,300.0,420.0,780.0,540.0,480.0,480.0,900.0,600.0,900.0,360.0,900.0,540.0,540.0,420.0
23.490000000000002,648.0,660.0,720.0,240.0,900.0,1020.0,660.0,900.0,780.0,900.0,420.0,660.0,660.0,300.0,720.0,1020.0,780.0,300.0,420.0,840.0,600.0,480.0,480.0,840.0,600.0,840.0,360.0,900.0,480.0,540.0,420.0
23.5,636.0,660.0,660.0,360.0,900.0,1080.0,540.0,900.0,780.0,900.0,420.0,660.0,600.0,360.0,660.0,1020.0,720.0,300.0,480.0,840.0,660.0,420.0,420.0,780.0,600.0,780.0,300.0,900.0,480.0,480.0,420.0
23.51,628.0,660.0,660.0,360.0,900.0,1080.0,540.0,900.0,660.0,900.0,360.0,660.0,540.0,300.0,660.0,1080.0,780.0,300.0,540.0,900.0,660.0,420.0,360.0,780.0,600.0,720.0,300.0,780.0,480.0,480.0,480.0
23.52,614.0,660.0,660.0,420.0,840.0,1140.0,540.0,900.0,660.0,840.0,360.0,660.0,540.0,300.0,720.0,1020.0,780.0,300.0,600.0,780.0,660.0,360.0,360.0,720.0,600.0,660.0,300.0,540.0,480.0,480.0,540.0
23.53,622.0,660.0,600.0,420.0,840.0,1140.0,600.0,900.0,780.0,840.0,420.0,600.0,540.0,300.0,840.0,1020.0,720.0,300.0,720.0,780.0,600.0,360.0,360.0,660.0,600.0,720.0,360.0,540.0,480.0,420.0,540.0
23.54,624.0,540.0,600.0,420.0,840.0,1080.0,600.0,900.0,780.0,840.0,480.0,600.0,660.0,300.0,840.0,1020.0,780.0,420.0,720.0,780.0,600.0,300.0,360.0,720.0,540.0,660.0,360.0,540.0,540.0,420.0,480.0
23.55,626.0,540.0,600.0,480.0,840.0,1140.0,540.0,840.0,780.0,780.0,540.0,600.0,660.0,420.0,780.0,960.0,780.0,420.0,840.0,780.0,600.0,300.0,360.0,720.0,480.0,660.0,300.0,480.0,600.0,480.0,480.0
23.56,632.0,540.0,660.0,540.0,900.0,1140.0,540.0,840.0,720.0,720.0,600.0,660.0,660.0,420.0,900.0,900.0,720.0,360.0,840.0,780.0,600.0,360.0,360.0,720.0,420.0,660.0,360.0,420.0,660.0,420.0,540.0
23.57,632.0,540.0,600.0,480.0,900.0,1080.0,600.0,900.0,720.0,660.0,660.0,540.0,660.0,420.0,960.0,1020.0,720.0,360.0,840.0,720.0,600.0,360.0,420.0,720.0,300.0,660.0,420.0,480.0,660.0,420.0,540.0
23.580000000000002,646.0,600.0,600.0,480.0,900.0,1080.0,540.0,900.0,720.0,660.0,660.0,540.0,600.0,540.0,960.0,960.0,780.0,420.0,840.0,780.0,600.0,360.0,480.0,780.0,360.0,720.0,420.0,480.0,660.0,420.0,540.0
23.59,638.0,540.0,600.0,480.0,960.0,1020.0,480.0,780.0,660.0,660.0,660.0,540.0,600.0,540.0,960.0,1020.0,780.0,420.0,840.0,900.0,540.0,360.0,480.0,840.0,360.0,660.0,360.0,480.0,660.0,420.0,540.0
23.6,640.0,660.0,660.0,540.0,960.0,1080.0,480.0,720.0,780.0,660.0,660.0,480.0,540.0,540.0,960.0,1020.0,780.0,360.0,840.0,840.0,540.0,300.0,480.0,780.0,360.0,720.0,360.0,540.0,660.0,360.0,540.0
23.61,608.0,660.0,540.0,600.0,960.0,1080.0,480.0,720.0,720.0,660.0,600.0,300.0,480.0,540.0,900.0,960.0,780.0,360.0,840.0,840.0,540.0,300.0,540.0,720.0,180.0,660.0,300.0,480.0,720.0,300.0,480.0
23.62,610.0,660.0,540.0,600.0,840.0,1080.0,600.0,720.0,720.0,660.0,600.0,300.0,480.0,420.0,900.0,1080.0,720.0,360.0,840.0,840.0,540.0,240.0,600.0,720.0,180.0,720.0,300.0,480.0,780.0,300.0,480.0
23.63,610.0,600.0,480.0,660.0,840.0,1140.0,540.0,660.0,720.0,660.0,600.0,300.0,420.0,480.0,960.0,1080.0,780.0,480.0,840.0,780.0,540.0,240.0,600.0,780.0,240.0,720.0,240.0,360.0,780.0,300.0,480.0
23.64,618.0,600.0,540.0,660.0,780.0,1200.0,660.0,720.0,720.0,660.0,600.0,300.0,420.0,540.0,960.0,1080.0,720.0,420.0,840.0,780.0,540.0,240.0,600.0,780.0,240.0,840.0,240.0,360.0,780.0,240.0,480.0
23.650000000000002,614.0,540.0,480.0,660.0,780.0,1200.0,720.0,660.0,660.0,720.0,720.0,180.0,480.0,540.0,900.0,1080.0,780.0,480.0,840.0,720.0,600.0,240.0,600.0,660.0,240.0,780.0,240.0,360.0,840.0,240.0,480.0
23.66,614.0,480.0,480.0,600.0,840.0,1260.0,720.0,720.0,660.0,660.0,720.0,120.0,540.0,540.0,900.0,1080.0,840.0,480.0,840.0,660.0,600.0,360.0,600.0,660.0,240.0,780.0,240.0,360.0,840.0,180.0,420.0
23.67,608.0,480.0,480.0,600.0,780.0,1200.0,780.0,720.0,600.0,660.0,720.0,120.0,480.0,600.0,960.0,1080.0,840.0,480.0,840.0,660.0,600.0,300.0,600.0,660.0,180.0,720.0,240.0,420.0,840.0,180.0,420.0
23.68,614.0,480.0,540.0,600.0,840.0,1140.0,840.0,720.0,600.0,540.0,720.0,120.0,480.0,600.0,960.0,1080.0,960.0,540.0,840.0,600.0,600.0,300.0,660.0,720.0,180.0,600.0,240.0,420.0,900.0,180.0,420.0
23.69,628.0,600.0,600.0,660.0,780.0,1020.0,900.0,780.0,540.0,540.0,840.0,180.0,480.0,600.0,840.0,1020.0,960.0,540.0,840.0,660.0,600.0,300.0,780.0,720.0,240.0,600.0,300.0,420.0,900.0,180.0,420.0
23.7,630.0,600.0,600.0,660.0,780.0,1020.0,960.0,780.0,480.0,540.0,840.0,180.0,480.0,660.0,720.0,1080.0,900.0,600.0,720.0,660.0,600.0,300.0,840.0,720.0,300.0,600.0,240.0,420.0,900.0,240.0,480.0
23.71,644.0,600.0,540.0,720.0,840.0,1020.0,900.0,780.0,480.0,600.0,840.0,180.0,540.0,660.0,720.0,1080.0,960.0,600.0,840.0,540.0,660.0,300.0,900.0,720.0,360.0,540.0,240.0,420.0,840.0,300.0,600.0
23.72,644.0,600.0,540.0,720.0,840.0,1020.0,900.0,840.0,480.0,540.0,840.0,180.0,540.0,600.0,720.0,1200.0,960.0,540.0,840.0,540.0,660.0,300.0,840.0,720.0,360.0,540.0,240.0,540.0,780.0,300.0,600.0
23.73,636.0,600.0,480.0,600.0,840.0,1020.0,840.0,840.0,480.0,540.0,840.0,180.0,600.0,540.0,720.0,1260.0,960.0,480.0,840.0,480.0,660.0,360.0,840.0,720.0,360.0,600.0,180.0,540.0,720.0,360.0,600.0
23.740000000000002,640.0,600.0,540.0,600.0,840.0,1140.0,900.0,840.0,480.0,540.0,840.0,180.0,660.0,600.0,720.0,1260.0,900.0,480.0,840.0,480.0,660.0,300.0,840.0,720.0,360.0,600.0,180.0,480.0,720.0,300.0,600.0
23.75,636.0,540.0,480.0,600.0,840.0,1140.0,840.0,840.0,480.0,600.0,840.0,180.0,600.0,660.0,660.0,1200.0,900.0,360.0,780.0,540.0,780.0,360.0,780.0,720.0,360.0,600.0,240.0,480.0,780.0,300.0,600.0
23.76,634.0,480.0,480.0,600.0,840.0,1200.0,840.0,780.0,360.0,600.0,720.0,180.0,540.0,660.0,660.0,1260.0,900.0,420.0,900.0,540.0,840.0,420.0,840.0,720.0,420.0,540.0,240.0,540.0,720.0,300.0,480.0
23.77,620.0,540.0,480.0,540.0,840.0,1080.0,720.0,780.0,300.0,540.0,720.0,120.0,540.0,720.0,600.0,1200.0,900.0,420.0,840.0,540.0,840.0,420.0,840.0,720.0,480.0,540.0,240.0,540.0,720.0,300.0,540.0
23.78,612.0,540.0,480.0,540.0,780.0,1140.0,660.0,840.0,300.0,540.0,660.0,180.0,540.0,720.0,600.0,1260.0,900.0,360.0,780.0,480.0,780.0,420.0,780.0,720.0,480.0,540.0,240.0,540.0,660.0,300.0,600.0
23.79,612.0,480.0,480.0,540.0,840.0,1080.0,660.0,840.0,300.0,480.0,660.0,180.0,540.0,720.0,540.0,1260.0,900.0,480.0,660.0,480.0,840.0,420.0,900.0,780.0,480.0,540.0,240.0,540.0,660.0,300.0,540.0
23.8,598.0,480.0,480.0,420.0,840.0,1020.0,780.0,780.0,300.0,480.0,660.0,180.0,540.0,660.0,480.0,1260.0,900.0,480.0,600.0,480.0,840.0,420.0,900.0,720.0,480.0,600.0,240.0,540.0,660.0,240.0,480.0
23.81,594.0,480.0,540.0,480.0,840.0,1020.0,780.0,720.0,240.0,480.0,720.0,180.0,540.0,660.0,540.0,1260.0,780.0,480.0,600.0,360.0,840.0,420.0,900.0,600.0,480.0,600.0,300.0,600.0,720.0,240.0,420.0
23.82,580.0,420.0,540.0,420.0,660.0,1020.0,720.0,780.0,240.0,540.0,720.0,180.0,540.0,720.0,540.0,1200.0,780.0,480.0,540.0,360.0,840.0,420.0,840.0,660.0,480.0,660.0,300.0,540.0,660.0,240.0,360.0
23.830000000000002,578.0,420.0,540.0,420.0,720.0,1080.0,660.0,780.0,240.0,540.0,780.0,240.0,540.0,720.0,540.0,1200.0,720.0,420.0,540.0,300.0,840.0,420.0,780.0,660.0,480.0,660.0,240.0,540.0,720.0,240.0,360.0
23.84,570.0,360.0,540.0,420.0,600.0,1080.0,660.0,780.0,180.0,540.0,780.0,300.0,540.0,720.0,600.0,1260.0,720.0,420.0,540.0,240.0,780.0,360.0,780.0,660.0,480.0,660.0,240.0,540.0,660.0,360.0,300.0
23.85,566.0,360.0,540.0,420.0,600.0,900.0,660.0,780.0,180.0,540.0,780.0,360.0,540.0,780.0,480.0,1140.0,780.0,480.0,480.0,240.0,840.0,360.0,780.0,660.0,480.0,660.0,300.0,480.0,660.0,360.0,360.0
23.86,560.0,360.0,600.0,420.0,480.0,720.0,720.0,780.0,300.0,540.0,840.0,420.0,540.0,780.0,480.0,1140.0,660.0,480.0,480.0,240.0,780.0,360.0,780.0,660.0,480.0,660.0,300.0,480.0,600.0,300.0,420.0
23.87,562.0,420.0,540.0,480.0,540.0,720.0,720.0,720.0,240.0,540.0,960.0,420.0,480.0,720.0,480.0,1140.0,600.0,480.0,480.0,240.0,840.0,360.0,780.0,720.0,480.0,660.0,300.0,480.0,540.0,360.0,420.0
23.88,558.0,480.0,480.0,420.0,540.0,780.0,600.0,660.0,240.0,600.0,960.0,420.0,480.0,720.0,480.0,1020.0,600.0,420.0,480.0,240.0,840.0,360.0,780.0,780.0,480.0,660.0,300.0,540.0,540.0,420.0,420.0
23.89,536.0,480.0,480.0,420.0,540.0,780.0,600.0,600.0,240.0,480.0,960.0,420.0,480.0,780.0,480.0,1020.0,540.0,420.0,300.0,180.0,780.0,360.0,840.0,720.0,480.0,660.0,360.0,540.0,480.0,300.0,360.0
23.900000000000002,532.0,420.0,480.0,420.0,540.0,780.0,540.0,600.0,240.0,480.0,1020.0,420.0,540.0,720.0,480.0,960.0,540.0,420.0,300.0,240.0,840.0,300.0,780.0,720.0,540.0,600.0,360.0,600.0,480.0,300.0,300.0
23.91,540.0,420.0,600.0,480.0,540.0,840.0,600.0,600.0,240.0,480.0,960.0,480.0,540.0,720.0,540.0,840.0,540.0,480.0,300.0,240.0,840.0,360.0,720.0,660.0,480.0,660.0,420.0,600.0,420.0,300.0,300.0
23.92,530.0,420.0,660.0,480.0,480.0,780.0,600.0,600.0,240.0,480.0,960.0,540.0,420.0,660.0,480.0,840.0,480.0,480.0,300.0,240.0,840.0,360.0,720.0,660.0,480.0,660.0,420.0,600.0,420.0,300.0,300.0
23.93,524.0,480.0,660.0,480.0,420.0,660.0,600.0,660.0,240.0,480.0,780.0,540.0,420.0,660.0,600.0,780.0,540.0,540.0,360.0,240.0,660.0,420.0,720.0,600.0,480.0,660.0,420.0,600.0,360.0,360.0,300.0
23.94,530.0,480.0,720.0,480.0,360.0,720.0,660.0,540.0,240.0,480.0,780.0,540.0,420.0,660.0,660.0,840.0,540.0,540.0,360.0,240.0,660.0,420.0,720.0,600.0,480.0,660.0,420.0,600.0,420.0,360.0,300.0
23.95,540.0,540.0,720.0,480.0,360.0,660.0,720.0,540.0,420.0,480.0,780.0,540.0,480.0,660.0,660.0,840.0,540.0,600.0,360.0,240.0,660.0,420.0,720.0,600.0,480.0,660.0,420.0,540.0,420.0,360.0,300.0
23.96,544.0,540.0,720.0,540.0,360.0,660.0,720.0,420.0,480.0,600.0,780.0,600.0,540.0,600.0,660.0,840.0,540.0,600.0,420.0,180.0,660.0,300.0,720.0,600.0,540.0,660.0,420.0,540.0,360.0,360.0,360.0
23.97,536.0,660.0,660.0,480.0,360.0,660.0,660.0,420.0,480.0,600.0,780.0,600.0,540.0,600.0,660.0,840.0,420.0,540.0,420.0,180.0,660.0,360.0,660.0,720.0,540.0,600.0,420.0,540.0,300.0,300.0,420.0
23.98,532.0,600.0,660.0,480.0,300.0,540.0,660.0,360.0,540.0,660.0,780.0,600.0,540.0,600.0,660.0,840.0,360.0,540.0,420.0,180.0,600.0,360.0,720.0,720.0,480.0,660.0,480.0,540.0,300.0,360.0,420.0
23.990000000000002,554.0,660.0,660.0,480.0,300.0,540.0,720.0,360.0,540.0,660.0,840.0,660.0,600.0,540.0,660.0,900.0,360.0,540.0,420.0,180.0,660.0,480.0,840.0,660.0,540.0,660.0,480.0,540.0,300.0,360.0,480.0
