Time_h,Avg_Num_EVs,Num_Sim_1,Num_Sim_2,Num_Sim_3,Num_Sim_4,Num_Sim_5,Num_Sim_6,Num_Sim_7,Num_Sim_8,Num_Sim_9,Num_Sim_10,Num_Sim_11,Num_Sim_12,Num_Sim_13,Num_Sim_14,Num_Sim_15,Num_Sim_16,Num_Sim_17,Num_Sim_18,Num_Sim_19,Num_Sim_20,Num_Sim_21,Num_Sim_22,Num_Sim_23,Num_Sim_24,Num_Sim_25,Num_Sim_26,Num_Sim_27,Num_Sim_28,Num_Sim_29,Num_Sim_30
0.0,0.0,0.0,0.0,0.0,0.0,0.0,0.0,0.0,0.0,0.0,0.0,0.0,0.0,0.0,0.0,0.0,0.0,0.0,0.0,0.0,0.0,0.0,0.0,0.0,0.0,0.0,0.0,0.0,0.0,0.0,0.0
0.01,0.0,0.0,0.0,0.0,0.0,0.0,0.0,0.0,0.0,0.0,0.0,0.0,0.0,0.0,0.0,0.0,0.0,0.0,0.0,0.0,0.0,0.0,0.0,0.0,0.0,0.0,0.0,0.0,0.0,0.0,0.0
0.02,0.0,0.0,0.0,0.0,0.0,0.0,0.0,0.0,0.0,0.0,0.0,0.0,0.0,0.0,0.0,0.0,0.0,0.0,0.0,0.0,0.0,0.0,0.0,0.0,0.0,0.0,0.0,0.0,0.0,0.0,0.0
0.03,0.0,0.0,0.0,0.0,0.0,0.0,0.0,0.0,0.0,0.0,0.0,0.0,0.0,0.0,0.0,0.0,0.0,0.0,0.0,0.0,0.0,0.0,0.0,0.0,0.0,0.0,0.0,0.0,0.0,0.0,0.0
0.04,0.0,0.0,0.0,0.0,0.0,0.0,0.0,0.0,0.0,0.0,0.0,0.0,0.0,0.0,0.0,0.0,0.0,0.0,0.0,0.0,0.0,0.0,0.0,0.0,0.0,0.0,0.0,0.0,0.0,0.0,0.0
0.05,0.0,0.0,0.0,0.0,0.0,0.0,0.0,0.0,0.0,0.0,0.0,0.0,0.0,0.0,0.0,0.0,0.0,0.0,0.0,0.0,0.0,0.0,0.0,0.0,0.0,0.0,0.0,0.0,0.0,0.0,0.0
0.06,0.0,0.0,0.0,0.0,0.0,0.0,0.0,0.0,0.0,0.0,0.0,0.0,0.0,0.0,0.0,0.0,0.0,0.0,0.0,0.0,0.0,0.0,0.0,0.0,0.0,0.0,0.0,0.0,0.0,0.0,0.0
0.07,0.0,0.0,0.0,0.0,0.0,0.0,0.0,0.0,0.0,0.0,0.0,0.0,0.0,0.0,0.0,0.0,0.0,0.0,0.0,0.0,0.0,0.0,0.0,0.0,0.0,0.0,0.0,0.0,0.0,0.0,0.0
0.08,0.0,0.0,0.0,0.0,0.0,0.0,0.0,0.0,0.0,0.0,0.0,0.0,0.0,0.0,0.0,0.0,0.0,0.0,0.0,0.0,0.0,0.0,0.0,0.0,0.0,0.0,0.0,0.0,0.0,0.0,0.0
0.09,0.0,0.0,0.0,0.0,0.0,0.0,0.0,0.0,0.0,0.0,0.0,0.0,0.0,0.0,0.0,0.0,0.0,0.0,0.0,0.0,0.0,0.0,0.0,0.0,0.0,0.0,0.0,0.0,0.0,0.0,0.0
0.1,0.0,0.0,0.0,0.0,0.0,0.0,0.0,0.0,0.0,0.0,0.0,0.0,0.0,0.0,0.0,0.0,0.0,0.0,0.0,0.0,0.0,0.0,0.0,0.0,0.0,0.0,0.0,0.0,0.0,0.0,0.0
0.11,0.0,0.0,0.0,0.0,0.0,0.0,0.0,0.0,0.0,0.0,0.0,0.0,0.0,0.0,0.0,0.0,0.0,0.0,0.0,0.0,0.0,0.0,0.0,0.0,0.0,0.0,0.0,0.0,0.0,0.0,0.0
0.12,0.0,0.0,0.0,0.0,0.0,0.0,0.0,0.0,0.0,0.0,0.0,0.0,0.0,0.0,0.0,0.0,0.0,0.0,0.0,0.0,0.0,0.0,0.0,0.0,0.0,0.0,0.0,0.0,0.0,0.0,0.0
0.13,0.0,0.0,0.0,0.0,0.0,0.0,0.0,0.0,0.0,0.0,0.0,0.0,0.0,0.0,0.0,0.0,0.0,0.0,0.0,0.0,0.0,0.0,0.0,0.0,0.0,0.0,0.0,0.0,0.0,0.0,0.0
0.14,0.0,0.0,0.0,0.0,0.0,0.0,0.0,0.0,0.0,0.0,0.0,0.0,0.0,0.0,0.0,0.0,0.0,0.0,0.0,0.0,0.0,0.0,0.0,0.0,0.0,0.0,0.0,0.0,0.0,0.0,0.0
0.15,0.0,0.0,0.0,0.0,0.0,0.0,0.0,0.0,0.0,0.0,0.0,0.0,0.0,0.0,0.0,0.0,0.0,0.0,0.0,0.0,0.0,0.0,0.0,0.0,0.0,0.0,0.0,0.0,0.0,0.0,0.0
0.16,0.0,0.0,0.0,0.0,0.0,0.0,0.0,0.0,0.0,0.0,0.0,0.0,0.0,0.0,0.0,0.0,0.0,0.0,0.0,0.0,0.0,0.0,0.0,0.0,0.0,0.0,0.0,0.0,0.0,0.0,0.0
0.17,0.0,0.0,0.0,0.0,0.0,0.0,0.0,0.0,0.0,0.0,0.0,0.0,0.0,0.0,0.0,0.0,0.0,0.0,0.0,0.0,0.0,0.0,0.0,0.0,0.0,0.0,0.0,0.0,0.0,0.0,0.0
0.18,0.0,0.0,0.0,0.0,0.0,0.0,0.0,0.0,0.0,0.0,0.0,0.0,0.0,0.0,0.0,0.0,0.0,0.0,0.0,0.0,0.0,0.0,0.0,0.0,0.0,0.0,0.0,0.0,0.0,0.0,0.0
0.19,0.0,0.0,0.0,0.0,0.0,0.0,0.0,0.0,0.0,0.0,0.0,0.0,0.0,0.0,0.0,0.0,0.0,0.0,0.0,0.0,0.0,0.0,0.0,0.0,0.0,0.0,0.0,0.0,0.0,0.0,0.0
0.2,0.0,0.0,0.0,0.0,0.0,0.0,0.0,0.0,0.0,0.0,0.0,0.0,0.0,0.0,0.0,0.0,0.0,0.0,0.0,0.0,0.0,0.0,0.0,0.0,0.0,0.0,0.0,0.0,0.0,0.0,0.0
0.21,0.0,0.0,0.0,0.0,0.0,0.0,0.0,0.0,0.0,0.0,0.0,0.0,0.0,0.0,0.0,0.0,0.0,0.0,0.0,0.0,0.0,0.0,0.0,0.0,0.0,0.0,0.0,0.0,0.0,0.0,0.0
0.22,0.0,0.0,0.0,0.0,0.0,0.0,0.0,0.0,0.0,0.0,0.0,0.0,0.0,0.0,0.0,0.0,0.0,0.0,0.0,0.0,0.0,0.0,0.0,0.0,0.0,0.0,0.0,0.0,0.0,0.0,0.0
0.23,0.0,0.0,0.0,0.0,0.0,0.0,0.0,0.0,0.0,0.0,0.0,0.0,0.0,0.0,0.0,0.0,0.0,0.0,0.0,0.0,0.0,0.0,0.0,0.0,0.0,0.0,0.0,0.0,0.0,0.0,0.0
0.24,0.0,0.0,0.0,0.0,0.0,0.0,0.0,0.0,0.0,0.0,0.0,0.0,0.0,0.0,0.0,0.0,0.0,0.0,0.0,0.0,0.0,0.0,0.0,0.0,0.0,0.0,0.0,0.0,0.0,0.0,0.0
0.25,0.0,0.0,0.0,0.0,0.0,0.0,0.0,0.0,0.0,0.0,0.0,0.0,0.0,0.0,0.0,0.0,0.0,0.0,0.0,0.0,0.0,0.0,0.0,0.0,0.0,0.0,0.0,0.0,0.0,0.0,0.0
0.26,0.0,0.0,0.0,0.0,0.0,0.0,0.0,0.0,0.0,0.0,0.0,0.0,0.0,0.0,0.0,0.0,0.0,0.0,0.0,0.0,0.0,0.0,0.0,0.0,0.0,0.0,0.0,0.0,0.0,0.0,0.0
0.27,0.0,0.0,0.0,0.0,0.0,0.0,0.0,0.0,0.0,0.0,0.0,0.0,0.0,0.0,0.0,0.0,0.0,0.0,0.0,0.0,0.0,0.0,0.0,0.0,0.0,0.0,0.0,0.0,0.0,0.0,0.0
0.28,0.0,0.0,0.0,0.0,0.0,0.0,0.0,0.0,0.0,0.0,0.0,0.0,0.0,0.0,0.0,0.0,0.0,0.0,0.0,0.0,0.0,0.0,0.0,0.0,0.0,0.0,0.0,0.0,0.0,0.0,0.0
0.29,0.0,0.0,0.0,0.0,0.0,0.0,0.0,0.0,0.0,0.0,0.0,0.0,0.0,0.0,0.0,0.0,0.0,0.0,0.0,0.0,0.0,0.0,0.0,0.0,0.0,0.0,0.0,0.0,0.0,0.0,0.0
0.3,0.0,0.0,0.0,0.0,0.0,0.0,0.0,0.0,0.0,0.0,0.0,0.0,0.0,0.0,0.0,0.0,0.0,0.0,0.0,0.0,0.0,0.0,0.0,0.0,0.0,0.0,0.0,0.0,0.0,0.0,0.0
0.31,0.0,0.0,0.0,0.0,0.0,0.0,0.0,0.0,0.0,0.0,0.0,0.0,0.0,0.0,0.0,0.0,0.0,0.0,0.0,0.0,0.0,0.0,0.0,0.0,0.0,0.0,0.0,0.0,0.0,0.0,0.0
0.32,0.0,0.0,0.0,0.0,0.0,0.0,0.0,0.0,0.0,0.0,0.0,0.0,0.0,0.0,0.0,0.0,0.0,0.0,0.0,0.0,0.0,0.0,0.0,0.0,0.0,0.0,0.0,0.0,0.0,0.0,0.0
0.33,0.0,0.0,0.0,0.0,0.0,0.0,0.0,0.0,0.0,0.0,0.0,0.0,0.0,0.0,0.0,0.0,0.0,0.0,0.0,0.0,0.0,0.0,0.0,0.0,0.0,0.0,0.0,0.0,0.0,0.0,0.0
0.34,0.0,0.0,0.0,0.0,0.0,0.0,0.0,0.0,0.0,0.0,0.0,0.0,0.0,0.0,0.0,0.0,0.0,0.0,0.0,0.0,0.0,0.0,0.0,0.0,0.0,0.0,0.0,0.0,0.0,0.0,0.0
0.35000000000000003,0.0,0.0,0.0,0.0,0.0,0.0,0.0,0.0,0.0,0.0,0.0,0.0,0.0,0.0,0.0,0.0,0.0,0.0,0.0,0.0,0.0,0.0,0.0,0.0,0.0,0.0,0.0,0.0,0.0,0.0,0.0
0.36,0.0,0.0,0.0,0.0,0.0,0.0,0.0,0.0,0.0,0.0,0.0,0.0,0.0,0.0,0.0,0.0,0.0,0.0,0.0,0.0,0.0,0.0,0.0,0.0,0.0,0.0,0.0,0.0,0.0,0.0,0.0
0.37,0.0,0.0,0.0,0.0,0.0,0.0,0.0,0.0,0.0,0.0,0.0,0.0,0.0,0.0,0.0,0.0,0.0,0.0,0.0,0.0,0.0,0.0,0.0,0.0,0.0,0.0,0.0,0.0,0.0,0.0,0.0
0.38,0.0,0.0,0.0,0.0,0.0,0.0,0.0,0.0,0.0,0.0,0.0,0.0,0.0,0.0,0.0,0.0,0.0,0.0,0.0,0.0,0.0,0.0,0.0,0.0,0.0,0.0,0.0,0.0,0.0,0.0,0.0
0.39,0.0,0.0,0.0,0.0,0.0,0.0,0.0,0.0,0.0,0.0,0.0,0.0,0.0,0.0,0.0,0.0,0.0,0.0,0.0,0.0,0.0,0.0,0.0,0.0,0.0,0.0,0.0,0.0,0.0,0.0,0.0
0.4,0.0,0.0,0.0,0.0,0.0,0.0,0.0,0.0,0.0,0.0,0.0,0.0,0.0,0.0,0.0,0.0,0.0,0.0,0.0,0.0,0.0,0.0,0.0,0.0,0.0,0.0,0.0,0.0,0.0,0.0,0.0
0.41000000000000003,0.0,0.0,0.0,0.0,0.0,0.0,0.0,0.0,0.0,0.0,0.0,0.0,0.0,0.0,0.0,0.0,0.0,0.0,0.0,0.0,0.0,0.0,0.0,0.0,0.0,0.0,0.0,0.0,0.0,0.0,0.0
0.42,0.0,0.0,0.0,0.0,0.0,0.0,0.0,0.0,0.0,0.0,0.0,0.0,0.0,0.0,0.0,0.0,0.0,0.0,0.0,0.0,0.0,0.0,0.0,0.0,0.0,0.0,0.0,0.0,0.0,0.0,0.0
0.43,0.0,0.0,0.0,0.0,0.0,0.0,0.0,0.0,0.0,0.0,0.0,0.0,0.0,0.0,0.0,0.0,0.0,0.0,0.0,0.0,0.0,0.0,0.0,0.0,0.0,0.0,0.0,0.0,0.0,0.0,0.0
0.44,0.0,0.0,0.0,0.0,0.0,0.0,0.0,0.0,0.0,0.0,0.0,0.0,0.0,0.0,0.0,0.0,0.0,0.0,0.0,0.0,0.0,0.0,0.0,0.0,0.0,0.0,0.0,0.0,0.0,0.0,0.0
0.45,0.0,0.0,0.0,0.0,0.0,0.0,0.0,0.0,0.0,0.0,0.0,0.0,0.0,0.0,0.0,0.0,0.0,0.0,0.0,0.0,0.0,0.0,0.0,0.0,0.0,0.0,0.0,0.0,0.0,0.0,0.0
0.46,0.0,0.0,0.0,0.0,0.0,0.0,0.0,0.0,0.0,0.0,0.0,0.0,0.0,0.0,0.0,0.0,0.0,0.0,0.0,0.0,0.0,0.0,0.0,0.0,0.0,0.0,0.0,0.0,0.0,0.0,0.0
0.47000000000000003,0.0,0.0,0.0,0.0,0.0,0.0,0.0,0.0,0.0,0.0,0.0,0.0,0.0,0.0,0.0,0.0,0.0,0.0,0.0,0.0,0.0,0.0,0.0,0.0,0.0,0.0,0.0,0.0,0.0,0.0,0.0
0.48,0.0,0.0,0.0,0.0,0.0,0.0,0.0,0.0,0.0,0.0,0.0,0.0,0.0,0.0,0.0,0.0,0.0,0.0,0.0,0.0,0.0,0.0,0.0,0.0,0.0,0.0,0.0,0.0,0.0,0.0,0.0
0.49,0.0,0.0,0.0,0.0,0.0,0.0,0.0,0.0,0.0,0.0,0.0,0.0,0.0,0.0,0.0,0.0,0.0,0.0,0.0,0.0,0.0,0.0,0.0,0.0,0.0,0.0,0.0,0.0,0.0,0.0,0.0
0.5,0.0,0.0,0.0,0.0,0.0,0.0,0.0,0.0,0.0,0.0,0.0,0.0,0.0,0.0,0.0,0.0,0.0,0.0,0.0,0.0,0.0,0.0,0.0,0.0,0.0,0.0,0.0,0.0,0.0,0.0,0.0
0.51,0.0,0.0,0.0,0.0,0.0,0.0,0.0,0.0,0.0,0.0,0.0,0.0,0.0,0.0,0.0,0.0,0.0,0.0,0.0,0.0,0.0,0.0,0.0,0.0,0.0,0.0,0.0,0.0,0.0,0.0,0.0
0.52,0.0,0.0,0.0,0.0,0.0,0.0,0.0,0.0,0.0,0.0,0.0,0.0,0.0,0.0,0.0,0.0,0.0,0.0,0.0,0.0,0.0,0.0,0.0,0.0,0.0,0.0,0.0,0.0,0.0,0.0,0.0
0.53,0.0,0.0,0.0,0.0,0.0,0.0,0.0,0.0,0.0,0.0,0.0,0.0,0.0,0.0,0.0,0.0,0.0,0.0,0.0,0.0,0.0,0.0,0.0,0.0,0.0,0.0,0.0,0.0,0.0,0.0,0.0
0.54,0.0,0.0,0.0,0.0,0.0,0.0,0.0,0.0,0.0,0.0,0.0,0.0,0.0,0.0,0.0,0.0,0.0,0.0,0.0,0.0,0.0,0.0,0.0,0.0,0.0,0.0,0.0,0.0,0.0,0.0,0.0
0.55,0.0,0.0,0.0,0.0,0.0,0.0,0.0,0.0,0.0,0.0,0.0,0.0,0.0,0.0,0.0,0.0,0.0,0.0,0.0,0.0,0.0,0.0,0.0,0.0,0.0,0.0,0.0,0.0,0.0,0.0,0.0
0.56,0.0,0.0,0.0,0.0,0.0,0.0,0.0,0.0,0.0,0.0,0.0,0.0,0.0,0.0,0.0,0.0,0.0,0.0,0.0,0.0,0.0,0.0,0.0,0.0,0.0,0.0,0.0,0.0,0.0,0.0,0.0
0.5700000000000001,0.0,0.0,0.0,0.0,0.0,0.0,0.0,0.0,0.0,0.0,0.0,0.0,0.0,0.0,0.0,0.0,0.0,0.0,0.0,0.0,0.0,0.0,0.0,0.0,0.0,0.0,0.0,0.0,0.0,0.0,0.0
0.58,0.0,0.0,0.0,0.0,0.0,0.0,0.0,0.0,0.0,0.0,0.0,0.0,0.0,0.0,0.0,0.0,0.0,0.0,0.0,0.0,0.0,0.0,0.0,0.0,0.0,0.0,0.0,0.0,0.0,0.0,0.0
0.59,0.0,0.0,0.0,0.0,0.0,0.0,0.0,0.0,0.0,0.0,0.0,0.0,0.0,0.0,0.0,0.0,0.0,0.0,0.0,0.0,0.0,0.0,0.0,0.0,0.0,0.0,0.0,0.0,0.0,0.0,0.0
0.6,0.0,0.0,0.0,0.0,0.0,0.0,0.0,0.0,0.0,0.0,0.0,0.0,0.0,0.0,0.0,0.0,0.0,0.0,0.0,0.0,0.0,0.0,0.0,0.0,0.0,0.0,0.0,0.0,0.0,0.0,0.0
0.61,0.0,0.0,0.0,0.0,0.0,0.0,0.0,0.0,0.0,0.0,0.0,0.0,0.0,0.0,0.0,0.0,0.0,0.0,0.0,0.0,0.0,0.0,0.0,0.0,0.0,0.0,0.0,0.0,0.0,0.0,0.0
0.62,0.0,0.0,0.0,0.0,0.0,0.0,0.0,0.0,0.0,0.0,0.0,0.0,0.0,0.0,0.0,0.0,0.0,0.0,0.0,0.0,0.0,0.0,0.0,0.0,0.0,0.0,0.0,0.0,0.0,0.0,0.0
0.63,0.0,0.0,0.0,0.0,0.0,0.0,0.0,0.0,0.0,0.0,0.0,0.0,0.0,0.0,0.0,0.0,0.0,0.0,0.0,0.0,0.0,0.0,0.0,0.0,0.0,0.0,0.0,0.0,0.0,0.0,0.0
0.64,0.0,0.0,0.0,0.0,0.0,0.0,0.0,0.0,0.0,0.0,0.0,0.0,0.0,0.0,0.0,0.0,0.0,0.0,0.0,0.0,0.0,0.0,0.0,0.0,0.0,0.0,0.0,0.0,0.0,0.0,0.0
0.65,0.0,0.0,0.0,0.0,0.0,0.0,0.0,0.0,0.0,0.0,0.0,0.0,0.0,0.0,0.0,0.0,0.0,0.0,0.0,0.0,0.0,0.0,0.0,0.0,0.0,0.0,0.0,0.0,0.0,0.0,0.0
0.66,0.0,0.0,0.0,0.0,0.0,0.0,0.0,0.0,0.0,0.0,0.0,0.0,0.0,0.0,0.0,0.0,0.0,0.0,0.0,0.0,0.0,0.0,0.0,0.0,0.0,0.0,0.0,0.0,0.0,0.0,0.0
0.67,0.0,0.0,0.0,0.0,0.0,0.0,0.0,0.0,0.0,0.0,0.0,0.0,0.0,0.0,0.0,0.0,0.0,0.0,0.0,0.0,0.0,0.0,0.0,0.0,0.0,0.0,0.0,0.0,0.0,0.0,0.0
0.68,0.0,0.0,0.0,0.0,0.0,0.0,0.0,0.0,0.0,0.0,0.0,0.0,0.0,0.0,0.0,0.0,0.0,0.0,0.0,0.0,0.0,0.0,0.0,0.0,0.0,0.0,0.0,0.0,0.0,0.0,0.0
0.6900000000000001,0.0,0.0,0.0,0.0,0.0,0.0,0.0,0.0,0.0,0.0,0.0,0.0,0.0,0.0,0.0,0.0,0.0,0.0,0.0,0.0,0.0,0.0,0.0,0.0,0.0,0.0,0.0,0.0,0.0,0.0,0.0
0.7000000000000001,0.0,0.0,0.0,0.0,0.0,0.0,0.0,0.0,0.0,0.0,0.0,0.0,0.0,0.0,0.0,0.0,0.0,0.0,0.0,0.0,0.0,0.0,0.0,0.0,0.0,0.0,0.0,0.0,0.0,0.0,0.0
0.71,0.0,0.0,0.0,0.0,0.0,0.0,0.0,0.0,0.0,0.0,0.0,0.0,0.0,0.0,0.0,0.0,0.0,0.0,0.0,0.0,0.0,0.0,0.0,0.0,0.0,0.0,0.0,0.0,0.0,0.0,0.0
0.72,0.0,0.0,0.0,0.0,0.0,0.0,0.0,0.0,0.0,0.0,0.0,0.0,0.0,0.0,0.0,0.0,0.0,0.0,0.0,0.0,0.0,0.0,0.0,0.0,0.0,0.0,0.0,0.0,0.0,0.0,0.0
0.73,0.0,0.0,0.0,0.0,0.0,0.0,0.0,0.0,0.0,0.0,0.0,0.0,0.0,0.0,0.0,0.0,0.0,0.0,0.0,0.0,0.0,0.0,0.0,0.0,0.0,0.0,0.0,0.0,0.0,0.0,0.0
0.74,0.0,0.0,0.0,0.0,0.0,0.0,0.0,0.0,0.0,0.0,0.0,0.0,0.0,0.0,0.0,0.0,0.0,0.0,0.0,0.0,0.0,0.0,0.0,0.0,0.0,0.0,0.0,0.0,0.0,0.0,0.0
0.75,0.0,0.0,0.0,0.0,0.0,0.0,0.0,0.0,0.0,0.0,0.0,0.0,0.0,0.0,0.0,0.0,0.0,0.0,0.0,0.0,0.0,0.0,0.0,0.0,0.0,0.0,0.0,0.0,0.0,0.0,0.0
0.76,0.0,0.0,0.0,0.0,0.0,0.0,0.0,0.0,0.0,0.0,0.0,0.0,0.0,0.0,0.0,0.0,0.0,0.0,0.0,0.0,0.0,0.0,0.0,0.0,0.0,0.0,0.0,0.0,0.0,0.0,0.0
0.77,0.0,0.0,0.0,0.0,0.0,0.0,0.0,0.0,0.0,0.0,0.0,0.0,0.0,0.0,0.0,0.0,0.0,0.0,0.0,0.0,0.0,0.0,0.0,0.0,0.0,0.0,0.0,0.0,0.0,0.0,0.0
0.78,0.0,0.0,0.0,0.0,0.0,0.0,0.0,0.0,0.0,0.0,0.0,0.0,0.0,0.0,0.0,0.0,0.0,0.0,0.0,0.0,0.0,0.0,0.0,0.0,0.0,0.0,0.0,0.0,0.0,0.0,0.0
0.79,0.0,0.0,0.0,0.0,0.0,0.0,0.0,0.0,0.0,0.0,0.0,0.0,0.0,0.0,0.0,0.0,0.0,0.0,0.0,0.0,0.0,0.0,0.0,0.0,0.0,0.0,0.0,0.0,0.0,0.0,0.0
0.8,0.0,0.0,0.0,0.0,0.0,0.0,0.0,0.0,0.0,0.0,0.0,0.0,0.0,0.0,0.0,0.0,0.0,0.0,0.0,0.0,0.0,0.0,0.0,0.0,0.0,0.0,0.0,0.0,0.0,0.0,0.0
0.81,0.0,0.0,0.0,0.0,0.0,0.0,0.0,0.0,0.0,0.0,0.0,0.0,0.0,0.0,0.0,0.0,0.0,0.0,0.0,0.0,0.0,0.0,0.0,0.0,0.0,0.0,0.0,0.0,0.0,0.0,0.0
0.8200000000000001,0.0,0.0,0.0,0.0,0.0,0.0,0.0,0.0,0.0,0.0,0.0,0.0,0.0,0.0,0.0,0.0,0.0,0.0,0.0,0.0,0.0,0.0,0.0,0.0,0.0,0.0,0.0,0.0,0.0,0.0,0.0
0.8300000000000001,0.0,0.0,0.0,0.0,0.0,0.0,0.0,0.0,0.0,0.0,0.0,0.0,0.0,0.0,0.0,0.0,0.0,0.0,0.0,0.0,0.0,0.0,0.0,0.0,0.0,0.0,0.0,0.0,0.0,0.0,0.0
0.84,0.0,0.0,0.0,0.0,0.0,0.0,0.0,0.0,0.0,0.0,0.0,0.0,0.0,0.0,0.0,0.0,0.0,0.0,0.0,0.0,0.0,0.0,0.0,0.0,0.0,0.0,0.0,0.0,0.0,0.0,0.0
0.85,0.0,0.0,0.0,0.0,0.0,0.0,0.0,0.0,0.0,0.0,0.0,0.0,0.0,0.0,0.0,0.0,0.0,0.0,0.0,0.0,0.0,0.0,0.0,0.0,0.0,0.0,0.0,0.0,0.0,0.0,0.0
0.86,0.0,0.0,0.0,0.0,0.0,0.0,0.0,0.0,0.0,0.0,0.0,0.0,0.0,0.0,0.0,0.0,0.0,0.0,0.0,0.0,0.0,0.0,0.0,0.0,0.0,0.0,0.0,0.0,0.0,0.0,0.0
0.87,0.0,0.0,0.0,0.0,0.0,0.0,0.0,0.0,0.0,0.0,0.0,0.0,0.0,0.0,0.0,0.0,0.0,0.0,0.0,0.0,0.0,0.0,0.0,0.0,0.0,0.0,0.0,0.0,0.0,0.0,0.0
0.88,0.0,0.0,0.0,0.0,0.0,0.0,0.0,0.0,0.0,0.0,0.0,0.0,0.0,0.0,0.0,0.0,0.0,0.0,0.0,0.0,0.0,0.0,0.0,0.0,0.0,0.0,0.0,0.0,0.0,0.0,0.0
0.89,0.0,0.0,0.0,0.0,0.0,0.0,0.0,0.0,0.0,0.0,0.0,0.0,0.0,0.0,0.0,0.0,0.0,0.0,0.0,0.0,0.0,0.0,0.0,0.0,0.0,0.0,0.0,0.0,0.0,0.0,0.0
0.9,0.0,0.0,0.0,0.0,0.0,0.0,0.0,0.0,0.0,0.0,0.0,0.0,0.0,0.0,0.0,0.0,0.0,0.0,0.0,0.0,0.0,0.0,0.0,0.0,0.0,0.0,0.0,0.0,0.0,0.0,0.0
0.91,0.0,0.0,0.0,0.0,0.0,0.0,0.0,0.0,0.0,0.0,0.0,0.0,0.0,0.0,0.0,0.0,0.0,0.0,0.0,0.0,0.0,0.0,0.0,0.0,0.0,0.0,0.0,0.0,0.0,0.0,0.0
0.92,0.0,0.0,0.0,0.0,0.0,0.0,0.0,0.0,0.0,0.0,0.0,0.0,0.0,0.0,0.0,0.0,0.0,0.0,0.0,0.0,0.0,0.0,0.0,0.0,0.0,0.0,0.0,0.0,0.0,0.0,0.0
0.93,0.0,0.0,0.0,0.0,0.0,0.0,0.0,0.0,0.0,0.0,0.0,0.0,0.0,0.0,0.0,0.0,0.0,0.0,0.0,0.0,0.0,0.0,0.0,0.0,0.0,0.0,0.0,0.0,0.0,0.0,0.0
0.9400000000000001,0.0,0.0,0.0,0.0,0.0,0.0,0.0,0.0,0.0,0.0,0.0,0.0,0.0,0.0,0.0,0.0,0.0,0.0,0.0,0.0,0.0,0.0,0.0,0.0,0.0,0.0,0.0,0.0,0.0,0.0,0.0
0.9500000000000001,0.0,0.0,0.0,0.0,0.0,0.0,0.0,0.0,0.0,0.0,0.0,0.0,0.0,0.0,0.0,0.0,0.0,0.0,0.0,0.0,0.0,0.0,0.0,0.0,0.0,0.0,0.0,0.0,0.0,0.0,0.0
0.96,0.0,0.0,0.0,0.0,0.0,0.0,0.0,0.0,0.0,0.0,0.0,0.0,0.0,0.0,0.0,0.0,0.0,0.0,0.0,0.0,0.0,0.0,0.0,0.0,0.0,0.0,0.0,0.0,0.0,0.0,0.0
0.97,0.0,0.0,0.0,0.0,0.0,0.0,0.0,0.0,0.0,0.0,0.0,0.0,0.0,0.0,0.0,0.0,0.0,0.0,0.0,0.0,0.0,0.0,0.0,0.0,0.0,0.0,0.0,0.0,0.0,0.0,0.0
0.98,0.0,0.0,0.0,0.0,0.0,0.0,0.0,0.0,0.0,0.0,0.0,0.0,0.0,0.0,0.0,0.0,0.0,0.0,0.0,0.0,0.0,0.0,0.0,0.0,0.0,0.0,0.0,0.0,0.0,0.0,0.0
0.99,0.0,0.0,0.0,0.0,0.0,0.0,0.0,0.0,0.0,0.0,0.0,0.0,0.0,0.0,0.0,0.0,0.0,0.0,0.0,0.0,0.0,0.0,0.0,0.0,0.0,0.0,0.0,0.0,0.0,0.0,0.0
1.0,0.0,0.0,0.0,0.0,0.0,0.0,0.0,0.0,0.0,0.0,0.0,0.0,0.0,0.0,0.0,0.0,0.0,0.0,0.0,0.0,0.0,0.0,0.0,0.0,0.0,0.0,0.0,0.0,0.0,0.0,0.0
1.01,0.0,0.0,0.0,0.0,0.0,0.0,0.0,0.0,0.0,0.0,0.0,0.0,0.0,0.0,0.0,0.0,0.0,0.0,0.0,0.0,0.0,0.0,0.0,0.0,0.0,0.0,0.0,0.0,0.0,0.0,0.0
1.02,0.0,0.0,0.0,0.0,0.0,0.0,0.0,0.0,0.0,0.0,0.0,0.0,0.0,0.0,0.0,0.0,0.0,0.0,0.0,0.0,0.0,0.0,0.0,0.0,0.0,0.0,0.0,0.0,0.0,0.0,0.0
1.03,0.0,0.0,0.0,0.0,0.0,0.0,0.0,0.0,0.0,0.0,0.0,0.0,0.0,0.0,0.0,0.0,0.0,0.0,0.0,0.0,0.0,0.0,0.0,0.0,0.0,0.0,0.0,0.0,0.0,0.0,0.0
1.04,0.0,0.0,0.0,0.0,0.0,0.0,0.0,0.0,0.0,0.0,0.0,0.0,0.0,0.0,0.0,0.0,0.0,0.0,0.0,0.0,0.0,0.0,0.0,0.0,0.0,0.0,0.0,0.0,0.0,0.0,0.0
1.05,0.0,0.0,0.0,0.0,0.0,0.0,0.0,0.0,0.0,0.0,0.0,0.0,0.0,0.0,0.0,0.0,0.0,0.0,0.0,0.0,0.0,0.0,0.0,0.0,0.0,0.0,0.0,0.0,0.0,0.0,0.0
1.06,0.0,0.0,0.0,0.0,0.0,0.0,0.0,0.0,0.0,0.0,0.0,0.0,0.0,0.0,0.0,0.0,0.0,0.0,0.0,0.0,0.0,0.0,0.0,0.0,0.0,0.0,0.0,0.0,0.0,0.0,0.0
1.07,0.0,0.0,0.0,0.0,0.0,0.0,0.0,0.0,0.0,0.0,0.0,0.0,0.0,0.0,0.0,0.0,0.0,0.0,0.0,0.0,0.0,0.0,0.0,0.0,0.0,0.0,0.0,0.0,0.0,0.0,0.0
1.08,0.0,0.0,0.0,0.0,0.0,0.0,0.0,0.0,0.0,0.0,0.0,0.0,0.0,0.0,0.0,0.0,0.0,0.0,0.0,0.0,0.0,0.0,0.0,0.0,0.0,0.0,0.0,0.0,0.0,0.0,0.0
1.09,0.0,0.0,0.0,0.0,0.0,0.0,0.0,0.0,0.0,0.0,0.0,0.0,0.0,0.0,0.0,0.0,0.0,0.0,0.0,0.0,0.0,0.0,0.0,0.0,0.0,0.0,0.0,0.0,0.0,0.0,0.0
1.1,0.0,0.0,0.0,0.0,0.0,0.0,0.0,0.0,0.0,0.0,0.0,0.0,0.0,0.0,0.0,0.0,0.0,0.0,0.0,0.0,0.0,0.0,0.0,0.0,0.0,0.0,0.0,0.0,0.0,0.0,0.0
1.11,0.0,0.0,0.0,0.0,0.0,0.0,0.0,0.0,0.0,0.0,0.0,0.0,0.0,0.0,0.0,0.0,0.0,0.0,0.0,0.0,0.0,0.0,0.0,0.0,0.0,0.0,0.0,0.0,0.0,0.0,0.0
1.12,0.0,0.0,0.0,0.0,0.0,0.0,0.0,0.0,0.0,0.0,0.0,0.0,0.0,0.0,0.0,0.0,0.0,0.0,0.0,0.0,0.0,0.0,0.0,0.0,0.0,0.0,0.0,0.0,0.0,0.0,0.0
1.1300000000000001,0.0,0.0,0.0,0.0,0.0,0.0,0.0,0.0,0.0,0.0,0.0,0.0,0.0,0.0,0.0,0.0,0.0,0.0,0.0,0.0,0.0,0.0,0.0,0.0,0.0,0.0,0.0,0.0,0.0,0.0,0.0
1.1400000000000001,0.0,0.0,0.0,0.0,0.0,0.0,0.0,0.0,0.0,0.0,0.0,0.0,0.0,0.0,0.0,0.0,0.0,0.0,0.0,0.0,0.0,0.0,0.0,0.0,0.0,0.0,0.0,0.0,0.0,0.0,0.0
1.1500000000000001,0.0,0.0,0.0,0.0,0.0,0.0,0.0,0.0,0.0,0.0,0.0,0.0,0.0,0.0,0.0,0.0,0.0,0.0,0.0,0.0,0.0,0.0,0.0,0.0,0.0,0.0,0.0,0.0,0.0,0.0,0.0
1.16,0.0,0.0,0.0,0.0,0.0,0.0,0.0,0.0,0.0,0.0,0.0,0.0,0.0,0.0,0.0,0.0,0.0,0.0,0.0,0.0,0.0,0.0,0.0,0.0,0.0,0.0,0.0,0.0,0.0,0.0,0.0
1.17,0.0,0.0,0.0,0.0,0.0,0.0,0.0,0.0,0.0,0.0,0.0,0.0,0.0,0.0,0.0,0.0,0.0,0.0,0.0,0.0,0.0,0.0,0.0,0.0,0.0,0.0,0.0,0.0,0.0,0.0,0.0
1.18,0.0,0.0,0.0,0.0,0.0,0.0,0.0,0.0,0.0,0.0,0.0,0.0,0.0,0.0,0.0,0.0,0.0,0.0,0.0,0.0,0.0,0.0,0.0,0.0,0.0,0.0,0.0,0.0,0.0,0.0,0.0
1.19,0.0,0.0,0.0,0.0,0.0,0.0,0.0,0.0,0.0,0.0,0.0,0.0,0.0,0.0,0.0,0.0,0.0,0.0,0.0,0.0,0.0,0.0,0.0,0.0,0.0,0.0,0.0,0.0,0.0,0.0,0.0
1.2,0.0,0.0,0.0,0.0,0.0,0.0,0.0,0.0,0.0,0.0,0.0,0.0,0.0,0.0,0.0,0.0,0.0,0.0,0.0,0.0,0.0,0.0,0.0,0.0,0.0,0.0,0.0,0.0,0.0,0.0,0.0
1.21,0.0,0.0,0.0,0.0,0.0,0.0,0.0,0.0,0.0,0.0,0.0,0.0,0.0,0.0,0.0,0.0,0.0,0.0,0.0,0.0,0.0,0.0,0.0,0.0,0.0,0.0,0.0,0.0,0.0,0.0,0.0
1.22,0.0,0.0,0.0,0.0,0.0,0.0,0.0,0.0,0.0,0.0,0.0,0.0,0.0,0.0,0.0,0.0,0.0,0.0,0.0,0.0,0.0,0.0,0.0,0.0,0.0,0.0,0.0,0.0,0.0,0.0,0.0
1.23,0.0,0.0,0.0,0.0,0.0,0.0,0.0,0.0,0.0,0.0,0.0,0.0,0.0,0.0,0.0,0.0,0.0,0.0,0.0,0.0,0.0,0.0,0.0,0.0,0.0,0.0,0.0,0.0,0.0,0.0,0.0
1.24,0.0,0.0,0.0,0.0,0.0,0.0,0.0,0.0,0.0,0.0,0.0,0.0,0.0,0.0,0.0,0.0,0.0,0.0,0.0,0.0,0.0,0.0,0.0,0.0,0.0,0.0,0.0,0.0,0.0,0.0,0.0
1.25,0.0,0.0,0.0,0.0,0.0,0.0,0.0,0.0,0.0,0.0,0.0,0.0,0.0,0.0,0.0,0.0,0.0,0.0,0.0,0.0,0.0,0.0,0.0,0.0,0.0,0.0,0.0,0.0,0.0,0.0,0.0
1.26,0.0,0.0,0.0,0.0,0.0,0.0,0.0,0.0,0.0,0.0,0.0,0.0,0.0,0.0,0.0,0.0,0.0,0.0,0.0,0.0,0.0,0.0,0.0,0.0,0.0,0.0,0.0,0.0,0.0,0.0,0.0
1.27,0.0,0.0,0.0,0.0,0.0,0.0,0.0,0.0,0.0,0.0,0.0,0.0,0.0,0.0,0.0,0.0,0.0,0.0,0.0,0.0,0.0,0.0,0.0,0.0,0.0,0.0,0.0,0.0,0.0,0.0,0.0
1.28,0.0,0.0,0.0,0.0,0.0,0.0,0.0,0.0,0.0,0.0,0.0,0.0,0.0,0.0,0.0,0.0,0.0,0.0,0.0,0.0,0.0,0.0,0.0,0.0,0.0,0.0,0.0,0.0,0.0,0.0,0.0
1.29,0.0,0.0,0.0,0.0,0.0,0.0,0.0,0.0,0.0,0.0,0.0,0.0,0.0,0.0,0.0,0.0,0.0,0.0,0.0,0.0,0.0,0.0,0.0,0.0,0.0,0.0,0.0,0.0,0.0,0.0,0.0
1.3,0.0,0.0,0.0,0.0,0.0,0.0,0.0,0.0,0.0,0.0,0.0,0.0,0.0,0.0,0.0,0.0,0.0,0.0,0.0,0.0,0.0,0.0,0.0,0.0,0.0,0.0,0.0,0.0,0.0,0.0,0.0
1.31,0.0,0.0,0.0,0.0,0.0,0.0,0.0,0.0,0.0,0.0,0.0,0.0,0.0,0.0,0.0,0.0,0.0,0.0,0.0,0.0,0.0,0.0,0.0,0.0,0.0,0.0,0.0,0.0,0.0,0.0,0.0
1.32,0.0,0.0,0.0,0.0,0.0,0.0,0.0,0.0,0.0,0.0,0.0,0.0,0.0,0.0,0.0,0.0,0.0,0.0,0.0,0.0,0.0,0.0,0.0,0.0,0.0,0.0,0.0,0.0,0.0,0.0,0.0
1.33,0.0,0.0,0.0,0.0,0.0,0.0,0.0,0.0,0.0,0.0,0.0,0.0,0.0,0.0,0.0,0.0,0.0,0.0,0.0,0.0,0.0,0.0,0.0,0.0,0.0,0.0,0.0,0.0,0.0,0.0,0.0
1.34,0.0,0.0,0.0,0.0,0.0,0.0,0.0,0.0,0.0,0.0,0.0,0.0,0.0,0.0,0.0,0.0,0.0,0.0,0.0,0.0,0.0,0.0,0.0,0.0,0.0,0.0,0.0,0.0,0.0,0.0,0.0
1.35,0.0,0.0,0.0,0.0,0.0,0.0,0.0,0.0,0.0,0.0,0.0,0.0,0.0,0.0,0.0,0.0,0.0,0.0,0.0,0.0,0.0,0.0,0.0,0.0,0.0,0.0,0.0,0.0,0.0,0.0,0.0
1.36,0.0,0.0,0.0,0.0,0.0,0.0,0.0,0.0,0.0,0.0,0.0,0.0,0.0,0.0,0.0,0.0,0.0,0.0,0.0,0.0,0.0,0.0,0.0,0.0,0.0,0.0,0.0,0.0,0.0,0.0,0.0
1.37,0.0,0.0,0.0,0.0,0.0,0.0,0.0,0.0,0.0,0.0,0.0,0.0,0.0,0.0,0.0,0.0,0.0,0.0,0.0,0.0,0.0,0.0,0.0,0.0,0.0,0.0,0.0,0.0,0.0,0.0,0.0
1.3800000000000001,0.0,0.0,0.0,0.0,0.0,0.0,0.0,0.0,0.0,0.0,0.0,0.0,0.0,0.0,0.0,0.0,0.0,0.0,0.0,0.0,0.0,0.0,0.0,0.0,0.0,0.0,0.0,0.0,0.0,0.0,0.0
1.3900000000000001,0.0,0.0,0.0,0.0,0.0,0.0,0.0,0.0,0.0,0.0,0.0,0.0,0.0,0.0,0.0,0.0,0.0,0.0,0.0,0.0,0.0,0.0,0.0,0.0,0.0,0.0,0.0,0.0,0.0,0.0,0.0
1.4000000000000001,0.0,0.0,0.0,0.0,0.0,0.0,0.0,0.0,0.0,0.0,0.0,0.0,0.0,0.0,0.0,0.0,0.0,0.0,0.0,0.0,0.0,0.0,0.0,0.0,0.0,0.0,0.0,0.0,0.0,0.0,0.0
1.41,0.0,0.0,0.0,0.0,0.0,0.0,0.0,0.0,0.0,0.0,0.0,0.0,0.0,0.0,0.0,0.0,0.0,0.0,0.0,0.0,0.0,0.0,0.0,0.0,0.0,0.0,0.0,0.0,0.0,0.0,0.0
1.42,0.0,0.0,0.0,0.0,0.0,0.0,0.0,0.0,0.0,0.0,0.0,0.0,0.0,0.0,0.0,0.0,0.0,0.0,0.0,0.0,0.0,0.0,0.0,0.0,0.0,0.0,0.0,0.0,0.0,0.0,0.0
1.43,0.0,0.0,0.0,0.0,0.0,0.0,0.0,0.0,0.0,0.0,0.0,0.0,0.0,0.0,0.0,0.0,0.0,0.0,0.0,0.0,0.0,0.0,0.0,0.0,0.0,0.0,0.0,0.0,0.0,0.0,0.0
1.44,0.0,0.0,0.0,0.0,0.0,0.0,0.0,0.0,0.0,0.0,0.0,0.0,0.0,0.0,0.0,0.0,0.0,0.0,0.0,0.0,0.0,0.0,0.0,0.0,0.0,0.0,0.0,0.0,0.0,0.0,0.0
1.45,0.0,0.0,0.0,0.0,0.0,0.0,0.0,0.0,0.0,0.0,0.0,0.0,0.0,0.0,0.0,0.0,0.0,0.0,0.0,0.0,0.0,0.0,0.0,0.0,0.0,0.0,0.0,0.0,0.0,0.0,0.0
1.46,0.0,0.0,0.0,0.0,0.0,0.0,0.0,0.0,0.0,0.0,0.0,0.0,0.0,0.0,0.0,0.0,0.0,0.0,0.0,0.0,0.0,0.0,0.0,0.0,0.0,0.0,0.0,0.0,0.0,0.0,0.0
1.47,0.0,0.0,0.0,0.0,0.0,0.0,0.0,0.0,0.0,0.0,0.0,0.0,0.0,0.0,0.0,0.0,0.0,0.0,0.0,0.0,0.0,0.0,0.0,0.0,0.0,0.0,0.0,0.0,0.0,0.0,0.0
1.48,0.0,0.0,0.0,0.0,0.0,0.0,0.0,0.0,0.0,0.0,0.0,0.0,0.0,0.0,0.0,0.0,0.0,0.0,0.0,0.0,0.0,0.0,0.0,0.0,0.0,0.0,0.0,0.0,0.0,0.0,0.0
1.49,0.0,0.0,0.0,0.0,0.0,0.0,0.0,0.0,0.0,0.0,0.0,0.0,0.0,0.0,0.0,0.0,0.0,0.0,0.0,0.0,0.0,0.0,0.0,0.0,0.0,0.0,0.0,0.0,0.0,0.0,0.0
1.5,0.0,0.0,0.0,0.0,0.0,0.0,0.0,0.0,0.0,0.0,0.0,0.0,0.0,0.0,0.0,0.0,0.0,0.0,0.0,0.0,0.0,0.0,0.0,0.0,0.0,0.0,0.0,0.0,0.0,0.0,0.0
1.51,0.0,0.0,0.0,0.0,0.0,0.0,0.0,0.0,0.0,0.0,0.0,0.0,0.0,0.0,0.0,0.0,0.0,0.0,0.0,0.0,0.0,0.0,0.0,0.0,0.0,0.0,0.0,0.0,0.0,0.0,0.0
1.52,0.0,0.0,0.0,0.0,0.0,0.0,0.0,0.0,0.0,0.0,0.0,0.0,0.0,0.0,0.0,0.0,0.0,0.0,0.0,0.0,0.0,0.0,0.0,0.0,0.0,0.0,0.0,0.0,0.0,0.0,0.0
1.53,0.0,0.0,0.0,0.0,0.0,0.0,0.0,0.0,0.0,0.0,0.0,0.0,0.0,0.0,0.0,0.0,0.0,0.0,0.0,0.0,0.0,0.0,0.0,0.0,0.0,0.0,0.0,0.0,0.0,0.0,0.0
1.54,0.0,0.0,0.0,0.0,0.0,0.0,0.0,0.0,0.0,0.0,0.0,0.0,0.0,0.0,0.0,0.0,0.0,0.0,0.0,0.0,0.0,0.0,0.0,0.0,0.0,0.0,0.0,0.0,0.0,0.0,0.0
1.55,0.0,0.0,0.0,0.0,0.0,0.0,0.0,0.0,0.0,0.0,0.0,0.0,0.0,0.0,0.0,0.0,0.0,0.0,0.0,0.0,0.0,0.0,0.0,0.0,0.0,0.0,0.0,0.0,0.0,0.0,0.0
1.56,0.0,0.0,0.0,0.0,0.0,0.0,0.0,0.0,0.0,0.0,0.0,0.0,0.0,0.0,0.0,0.0,0.0,0.0,0.0,0.0,0.0,0.0,0.0,0.0,0.0,0.0,0.0,0.0,0.0,0.0,0.0
1.57,0.0,0.0,0.0,0.0,0.0,0.0,0.0,0.0,0.0,0.0,0.0,0.0,0.0,0.0,0.0,0.0,0.0,0.0,0.0,0.0,0.0,0.0,0.0,0.0,0.0,0.0,0.0,0.0,0.0,0.0,0.0
1.58,0.0,0.0,0.0,0.0,0.0,0.0,0.0,0.0,0.0,0.0,0.0,0.0,0.0,0.0,0.0,0.0,0.0,0.0,0.0,0.0,0.0,0.0,0.0,0.0,0.0,0.0,0.0,0.0,0.0,0.0,0.0
1.59,0.0,0.0,0.0,0.0,0.0,0.0,0.0,0.0,0.0,0.0,0.0,0.0,0.0,0.0,0.0,0.0,0.0,0.0,0.0,0.0,0.0,0.0,0.0,0.0,0.0,0.0,0.0,0.0,0.0,0.0,0.0
1.6,0.03333333333333333,0.0,0.0,0.0,0.0,0.0,0.0,0.0,0.0,0.0,0.0,0.0,0.0,0.0,0.0,0.0,0.0,0.0,0.0,0.0,1.0,0.0,0.0,0.0,0.0,0.0,0.0,0.0,0.0,0.0,0.0
1.61,0.03333333333333333,0.0,0.0,0.0,0.0,0.0,0.0,0.0,0.0,0.0,0.0,0.0,0.0,0.0,0.0,0.0,0.0,0.0,0.0,0.0,1.0,0.0,0.0,0.0,0.0,0.0,0.0,0.0,0.0,0.0,0.0
1.62,0.03333333333333333,0.0,0.0,0.0,0.0,0.0,0.0,0.0,0.0,0.0,0.0,0.0,0.0,0.0,0.0,0.0,0.0,0.0,0.0,0.0,1.0,0.0,0.0,0.0,0.0,0.0,0.0,0.0,0.0,0.0,0.0
1.6300000000000001,0.03333333333333333,0.0,0.0,0.0,0.0,0.0,0.0,0.0,0.0,0.0,0.0,0.0,0.0,0.0,0.0,0.0,0.0,0.0,0.0,0.0,1.0,0.0,0.0,0.0,0.0,0.0,0.0,0.0,0.0,0.0,0.0
1.6400000000000001,0.03333333333333333,0.0,0.0,0.0,0.0,0.0,0.0,0.0,0.0,0.0,0.0,0.0,0.0,0.0,0.0,0.0,0.0,0.0,0.0,0.0,1.0,0.0,0.0,0.0,0.0,0.0,0.0,0.0,0.0,0.0,0.0
1.6500000000000001,0.03333333333333333,0.0,0.0,0.0,0.0,0.0,0.0,0.0,0.0,0.0,0.0,0.0,0.0,0.0,0.0,0.0,0.0,0.0,0.0,0.0,1.0,0.0,0.0,0.0,0.0,0.0,0.0,0.0,0.0,0.0,0.0
1.6600000000000001,0.03333333333333333,0.0,0.0,0.0,0.0,0.0,0.0,0.0,0.0,0.0,0.0,0.0,0.0,0.0,0.0,0.0,0.0,0.0,0.0,0.0,1.0,0.0,0.0,0.0,0.0,0.0,0.0,0.0,0.0,0.0,0.0
1.67,0.03333333333333333,0.0,0.0,0.0,0.0,0.0,0.0,0.0,0.0,0.0,0.0,0.0,0.0,0.0,0.0,0.0,0.0,0.0,0.0,0.0,1.0,0.0,0.0,0.0,0.0,0.0,0.0,0.0,0.0,0.0,0.0
1.68,0.03333333333333333,0.0,0.0,0.0,0.0,0.0,0.0,0.0,0.0,0.0,0.0,0.0,0.0,0.0,0.0,0.0,0.0,0.0,0.0,0.0,1.0,0.0,0.0,0.0,0.0,0.0,0.0,0.0,0.0,0.0,0.0
1.69,0.03333333333333333,0.0,0.0,0.0,0.0,0.0,0.0,0.0,0.0,0.0,0.0,0.0,0.0,0.0,0.0,0.0,0.0,0.0,0.0,0.0,1.0,0.0,0.0,0.0,0.0,0.0,0.0,0.0,0.0,0.0,0.0
1.7,0.03333333333333333,0.0,0.0,0.0,0.0,0.0,0.0,0.0,0.0,0.0,0.0,0.0,0.0,0.0,0.0,0.0,0.0,0.0,0.0,0.0,1.0,0.0,0.0,0.0,0.0,0.0,0.0,0.0,0.0,0.0,0.0
1.71,0.03333333333333333,0.0,0.0,0.0,0.0,0.0,0.0,0.0,0.0,0.0,0.0,0.0,0.0,0.0,0.0,0.0,0.0,0.0,0.0,0.0,1.0,0.0,0.0,0.0,0.0,0.0,0.0,0.0,0.0,0.0,0.0
1.72,0.03333333333333333,0.0,0.0,0.0,0.0,0.0,0.0,0.0,0.0,0.0,0.0,0.0,0.0,0.0,0.0,0.0,0.0,0.0,0.0,0.0,1.0,0.0,0.0,0.0,0.0,0.0,0.0,0.0,0.0,0.0,0.0
1.73,0.03333333333333333,0.0,0.0,0.0,0.0,0.0,0.0,0.0,0.0,0.0,0.0,0.0,0.0,0.0,0.0,0.0,0.0,0.0,0.0,0.0,1.0,0.0,0.0,0.0,0.0,0.0,0.0,0.0,0.0,0.0,0.0
1.74,0.03333333333333333,0.0,0.0,0.0,0.0,0.0,0.0,0.0,0.0,0.0,0.0,0.0,0.0,0.0,0.0,0.0,0.0,0.0,0.0,0.0,1.0,0.0,0.0,0.0,0.0,0.0,0.0,0.0,0.0,0.0,0.0
1.75,0.03333333333333333,0.0,0.0,0.0,0.0,0.0,0.0,0.0,0.0,0.0,0.0,0.0,0.0,0.0,0.0,0.0,0.0,0.0,0.0,0.0,1.0,0.0,0.0,0.0,0.0,0.0,0.0,0.0,0.0,0.0,0.0
1.76,0.03333333333333333,0.0,0.0,0.0,0.0,0.0,0.0,0.0,0.0,0.0,0.0,0.0,0.0,0.0,0.0,0.0,0.0,0.0,0.0,0.0,1.0,0.0,0.0,0.0,0.0,0.0,0.0,0.0,0.0,0.0,0.0
1.77,0.03333333333333333,0.0,0.0,0.0,0.0,0.0,0.0,0.0,0.0,0.0,0.0,0.0,0.0,0.0,0.0,0.0,0.0,0.0,0.0,0.0,1.0,0.0,0.0,0.0,0.0,0.0,0.0,0.0,0.0,0.0,0.0
1.78,0.03333333333333333,0.0,0.0,0.0,0.0,0.0,0.0,0.0,0.0,0.0,0.0,0.0,0.0,0.0,0.0,0.0,0.0,0.0,0.0,0.0,1.0,0.0,0.0,0.0,0.0,0.0,0.0,0.0,0.0,0.0,0.0
1.79,0.03333333333333333,0.0,0.0,0.0,0.0,0.0,0.0,0.0,0.0,0.0,0.0,0.0,0.0,0.0,0.0,0.0,0.0,0.0,0.0,0.0,1.0,0.0,0.0,0.0,0.0,0.0,0.0,0.0,0.0,0.0,0.0
1.8,0.03333333333333333,0.0,0.0,0.0,0.0,0.0,0.0,0.0,0.0,0.0,0.0,0.0,0.0,0.0,0.0,0.0,0.0,0.0,0.0,0.0,1.0,0.0,0.0,0.0,0.0,0.0,0.0,0.0,0.0,0.0,0.0
1.81,0.03333333333333333,0.0,0.0,0.0,0.0,0.0,0.0,0.0,0.0,0.0,0.0,0.0,0.0,0.0,0.0,0.0,0.0,0.0,0.0,0.0,1.0,0.0,0.0,0.0,0.0,0.0,0.0,0.0,0.0,0.0,0.0
1.82,0.03333333333333333,0.0,0.0,0.0,0.0,0.0,0.0,0.0,0.0,0.0,0.0,0.0,0.0,0.0,0.0,0.0,0.0,0.0,0.0,0.0,1.0,0.0,0.0,0.0,0.0,0.0,0.0,0.0,0.0,0.0,0.0
1.83,0.03333333333333333,0.0,0.0,0.0,0.0,0.0,0.0,0.0,0.0,0.0,0.0,0.0,0.0,0.0,0.0,0.0,0.0,0.0,0.0,0.0,1.0,0.0,0.0,0.0,0.0,0.0,0.0,0.0,0.0,0.0,0.0
1.84,0.03333333333333333,0.0,0.0,0.0,0.0,0.0,0.0,0.0,0.0,0.0,0.0,0.0,0.0,0.0,0.0,0.0,0.0,0.0,0.0,0.0,1.0,0.0,0.0,0.0,0.0,0.0,0.0,0.0,0.0,0.0,0.0
1.85,0.06666666666666667,0.0,0.0,0.0,0.0,0.0,0.0,0.0,0.0,0.0,0.0,0.0,0.0,0.0,0.0,0.0,0.0,0.0,0.0,0.0,2.0,0.0,0.0,0.0,0.0,0.0,0.0,0.0,0.0,0.0,0.0
1.86,0.06666666666666667,0.0,0.0,0.0,0.0,0.0,0.0,0.0,0.0,0.0,0.0,0.0,0.0,0.0,0.0,0.0,0.0,0.0,0.0,0.0,2.0,0.0,0.0,0.0,0.0,0.0,0.0,0.0,0.0,0.0,0.0
1.87,0.06666666666666667,0.0,0.0,0.0,0.0,0.0,0.0,0.0,0.0,0.0,0.0,0.0,0.0,0.0,0.0,0.0,0.0,0.0,0.0,0.0,2.0,0.0,0.0,0.0,0.0,0.0,0.0,0.0,0.0,0.0,0.0
1.8800000000000001,0.06666666666666667,0.0,0.0,0.0,0.0,0.0,0.0,0.0,0.0,0.0,0.0,0.0,0.0,0.0,0.0,0.0,0.0,0.0,0.0,0.0,2.0,0.0,0.0,0.0,0.0,0.0,0.0,0.0,0.0,0.0,0.0
1.8900000000000001,0.06666666666666667,0.0,0.0,0.0,0.0,0.0,0.0,0.0,0.0,0.0,0.0,0.0,0.0,0.0,0.0,0.0,0.0,0.0,0.0,0.0,2.0,0.0,0.0,0.0,0.0,0.0,0.0,0.0,0.0,0.0,0.0
1.9000000000000001,0.06666666666666667,0.0,0.0,0.0,0.0,0.0,0.0,0.0,0.0,0.0,0.0,0.0,0.0,0.0,0.0,0.0,0.0,0.0,0.0,0.0,2.0,0.0,0.0,0.0,0.0,0.0,0.0,0.0,0.0,0.0,0.0
1.9100000000000001,0.03333333333333333,0.0,0.0,0.0,0.0,0.0,0.0,0.0,0.0,0.0,0.0,0.0,0.0,0.0,0.0,0.0,0.0,0.0,0.0,0.0,1.0,0.0,0.0,0.0,0.0,0.0,0.0,0.0,0.0,0.0,0.0
1.92,0.03333333333333333,0.0,0.0,0.0,0.0,0.0,0.0,0.0,0.0,0.0,0.0,0.0,0.0,0.0,0.0,0.0,0.0,0.0,0.0,0.0,1.0,0.0,0.0,0.0,0.0,0.0,0.0,0.0,0.0,0.0,0.0
1.93,0.03333333333333333,0.0,0.0,0.0,0.0,0.0,0.0,0.0,0.0,0.0,0.0,0.0,0.0,0.0,0.0,0.0,0.0,0.0,0.0,0.0,1.0,0.0,0.0,0.0,0.0,0.0,0.0,0.0,0.0,0.0,0.0
1.94,0.03333333333333333,0.0,0.0,0.0,0.0,0.0,0.0,0.0,0.0,0.0,0.0,0.0,0.0,0.0,0.0,0.0,0.0,0.0,0.0,0.0,1.0,0.0,0.0,0.0,0.0,0.0,0.0,0.0,0.0,0.0,0.0
1.95,0.03333333333333333,0.0,0.0,0.0,0.0,0.0,0.0,0.0,0.0,0.0,0.0,0.0,0.0,0.0,0.0,0.0,0.0,0.0,0.0,0.0,1.0,0.0,0.0,0.0,0.0,0.0,0.0,0.0,0.0,0.0,0.0
1.96,0.0,0.0,0.0,0.0,0.0,0.0,0.0,0.0,0.0,0.0,0.0,0.0,0.0,0.0,0.0,0.0,0.0,0.0,0.0,0.0,0.0,0.0,0.0,0.0,0.0,0.0,0.0,0.0,0.0,0.0,0.0
1.97,0.0,0.0,0.0,0.0,0.0,0.0,0.0,0.0,0.0,0.0,0.0,0.0,0.0,0.0,0.0,0.0,0.0,0.0,0.0,0.0,0.0,0.0,0.0,0.0,0.0,0.0,0.0,0.0,0.0,0.0,0.0
1.98,0.0,0.0,0.0,0.0,0.0,0.0,0.0,0.0,0.0,0.0,0.0,0.0,0.0,0.0,0.0,0.0,0.0,0.0,0.0,0.0,0.0,0.0,0.0,0.0,0.0,0.0,0.0,0.0,0.0,0.0,0.0
1.99,0.0,0.0,0.0,0.0,0.0,0.0,0.0,0.0,0.0,0.0,0.0,0.0,0.0,0.0,0.0,0.0,0.0,0.0,0.0,0.0,0.0,0.0,0.0,0.0,0.0,0.0,0.0,0.0,0.0,0.0,0.0
2.0,0.0,0.0,0.0,0.0,0.0,0.0,0.0,0.0,0.0,0.0,0.0,0.0,0.0,0.0,0.0,0.0,0.0,0.0,0.0,0.0,0.0,0.0,0.0,0.0,0.0,0.0,0.0,0.0,0.0,0.0,0.0
2.0100000000000002,0.0,0.0,0.0,0.0,0.0,0.0,0.0,0.0,0.0,0.0,0.0,0.0,0.0,0.0,0.0,0.0,0.0,0.0,0.0,0.0,0.0,0.0,0.0,0.0,0.0,0.0,0.0,0.0,0.0,0.0,0.0
2.02,0.0,0.0,0.0,0.0,0.0,0.0,0.0,0.0,0.0,0.0,0.0,0.0,0.0,0.0,0.0,0.0,0.0,0.0,0.0,0.0,0.0,0.0,0.0,0.0,0.0,0.0,0.0,0.0,0.0,0.0,0.0
2.0300000000000002,0.0,0.0,0.0,0.0,0.0,0.0,0.0,0.0,0.0,0.0,0.0,0.0,0.0,0.0,0.0,0.0,0.0,0.0,0.0,0.0,0.0,0.0,0.0,0.0,0.0,0.0,0.0,0.0,0.0,0.0,0.0
2.04,0.0,0.0,0.0,0.0,0.0,0.0,0.0,0.0,0.0,0.0,0.0,0.0,0.0,0.0,0.0,0.0,0.0,0.0,0.0,0.0,0.0,0.0,0.0,0.0,0.0,0.0,0.0,0.0,0.0,0.0,0.0
2.05,0.0,0.0,0.0,0.0,0.0,0.0,0.0,0.0,0.0,0.0,0.0,0.0,0.0,0.0,0.0,0.0,0.0,0.0,0.0,0.0,0.0,0.0,0.0,0.0,0.0,0.0,0.0,0.0,0.0,0.0,0.0
2.06,0.0,0.0,0.0,0.0,0.0,0.0,0.0,0.0,0.0,0.0,0.0,0.0,0.0,0.0,0.0,0.0,0.0,0.0,0.0,0.0,0.0,0.0,0.0,0.0,0.0,0.0,0.0,0.0,0.0,0.0,0.0
2.07,0.0,0.0,0.0,0.0,0.0,0.0,0.0,0.0,0.0,0.0,0.0,0.0,0.0,0.0,0.0,0.0,0.0,0.0,0.0,0.0,0.0,0.0,0.0,0.0,0.0,0.0,0.0,0.0,0.0,0.0,0.0
2.08,0.0,0.0,0.0,0.0,0.0,0.0,0.0,0.0,0.0,0.0,0.0,0.0,0.0,0.0,0.0,0.0,0.0,0.0,0.0,0.0,0.0,0.0,0.0,0.0,0.0,0.0,0.0,0.0,0.0,0.0,0.0
2.09,0.0,0.0,0.0,0.0,0.0,0.0,0.0,0.0,0.0,0.0,0.0,0.0,0.0,0.0,0.0,0.0,0.0,0.0,0.0,0.0,0.0,0.0,0.0,0.0,0.0,0.0,0.0,0.0,0.0,0.0,0.0
2.1,0.0,0.0,0.0,0.0,0.0,0.0,0.0,0.0,0.0,0.0,0.0,0.0,0.0,0.0,0.0,0.0,0.0,0.0,0.0,0.0,0.0,0.0,0.0,0.0,0.0,0.0,0.0,0.0,0.0,0.0,0.0
2.11,0.0,0.0,0.0,0.0,0.0,0.0,0.0,0.0,0.0,0.0,0.0,0.0,0.0,0.0,0.0,0.0,0.0,0.0,0.0,0.0,0.0,0.0,0.0,0.0,0.0,0.0,0.0,0.0,0.0,0.0,0.0
2.12,0.0,0.0,0.0,0.0,0.0,0.0,0.0,0.0,0.0,0.0,0.0,0.0,0.0,0.0,0.0,0.0,0.0,0.0,0.0,0.0,0.0,0.0,0.0,0.0,0.0,0.0,0.0,0.0,0.0,0.0,0.0
2.13,0.0,0.0,0.0,0.0,0.0,0.0,0.0,0.0,0.0,0.0,0.0,0.0,0.0,0.0,0.0,0.0,0.0,0.0,0.0,0.0,0.0,0.0,0.0,0.0,0.0,0.0,0.0,0.0,0.0,0.0,0.0
2.14,0.0,0.0,0.0,0.0,0.0,0.0,0.0,0.0,0.0,0.0,0.0,0.0,0.0,0.0,0.0,0.0,0.0,0.0,0.0,0.0,0.0,0.0,0.0,0.0,0.0,0.0,0.0,0.0,0.0,0.0,0.0
2.15,0.0,0.0,0.0,0.0,0.0,0.0,0.0,0.0,0.0,0.0,0.0,0.0,0.0,0.0,0.0,0.0,0.0,0.0,0.0,0.0,0.0,0.0,0.0,0.0,0.0,0.0,0.0,0.0,0.0,0.0,0.0
2.16,0.0,0.0,0.0,0.0,0.0,0.0,0.0,0.0,0.0,0.0,0.0,0.0,0.0,0.0,0.0,0.0,0.0,0.0,0.0,0.0,0.0,0.0,0.0,0.0,0.0,0.0,0.0,0.0,0.0,0.0,0.0
2.17,0.0,0.0,0.0,0.0,0.0,0.0,0.0,0.0,0.0,0.0,0.0,0.0,0.0,0.0,0.0,0.0,0.0,0.0,0.0,0.0,0.0,0.0,0.0,0.0,0.0,0.0,0.0,0.0,0.0,0.0,0.0
2.18,0.0,0.0,0.0,0.0,0.0,0.0,0.0,0.0,0.0,0.0,0.0,0.0,0.0,0.0,0.0,0.0,0.0,0.0,0.0,0.0,0.0,0.0,0.0,0.0,0.0,0.0,0.0,0.0,0.0,0.0,0.0
2.19,0.0,0.0,0.0,0.0,0.0,0.0,0.0,0.0,0.0,0.0,0.0,0.0,0.0,0.0,0.0,0.0,0.0,0.0,0.0,0.0,0.0,0.0,0.0,0.0,0.0,0.0,0.0,0.0,0.0,0.0,0.0
2.2,0.0,0.0,0.0,0.0,0.0,0.0,0.0,0.0,0.0,0.0,0.0,0.0,0.0,0.0,0.0,0.0,0.0,0.0,0.0,0.0,0.0,0.0,0.0,0.0,0.0,0.0,0.0,0.0,0.0,0.0,0.0
2.21,0.0,0.0,0.0,0.0,0.0,0.0,0.0,0.0,0.0,0.0,0.0,0.0,0.0,0.0,0.0,0.0,0.0,0.0,0.0,0.0,0.0,0.0,0.0,0.0,0.0,0.0,0.0,0.0,0.0,0.0,0.0
2.22,0.0,0.0,0.0,0.0,0.0,0.0,0.0,0.0,0.0,0.0,0.0,0.0,0.0,0.0,0.0,0.0,0.0,0.0,0.0,0.0,0.0,0.0,0.0,0.0,0.0,0.0,0.0,0.0,0.0,0.0,0.0
2.23,0.0,0.0,0.0,0.0,0.0,0.0,0.0,0.0,0.0,0.0,0.0,0.0,0.0,0.0,0.0,0.0,0.0,0.0,0.0,0.0,0.0,0.0,0.0,0.0,0.0,0.0,0.0,0.0,0.0,0.0,0.0
2.24,0.0,0.0,0.0,0.0,0.0,0.0,0.0,0.0,0.0,0.0,0.0,0.0,0.0,0.0,0.0,0.0,0.0,0.0,0.0,0.0,0.0,0.0,0.0,0.0,0.0,0.0,0.0,0.0,0.0,0.0,0.0
2.25,0.0,0.0,0.0,0.0,0.0,0.0,0.0,0.0,0.0,0.0,0.0,0.0,0.0,0.0,0.0,0.0,0.0,0.0,0.0,0.0,0.0,0.0,0.0,0.0,0.0,0.0,0.0,0.0,0.0,0.0,0.0
2.2600000000000002,0.0,0.0,0.0,0.0,0.0,0.0,0.0,0.0,0.0,0.0,0.0,0.0,0.0,0.0,0.0,0.0,0.0,0.0,0.0,0.0,0.0,0.0,0.0,0.0,0.0,0.0,0.0,0.0,0.0,0.0,0.0
2.27,0.0,0.0,0.0,0.0,0.0,0.0,0.0,0.0,0.0,0.0,0.0,0.0,0.0,0.0,0.0,0.0,0.0,0.0,0.0,0.0,0.0,0.0,0.0,0.0,0.0,0.0,0.0,0.0,0.0,0.0,0.0
2.2800000000000002,0.0,0.0,0.0,0.0,0.0,0.0,0.0,0.0,0.0,0.0,0.0,0.0,0.0,0.0,0.0,0.0,0.0,0.0,0.0,0.0,0.0,0.0,0.0,0.0,0.0,0.0,0.0,0.0,0.0,0.0,0.0
2.29,0.0,0.0,0.0,0.0,0.0,0.0,0.0,0.0,0.0,0.0,0.0,0.0,0.0,0.0,0.0,0.0,0.0,0.0,0.0,0.0,0.0,0.0,0.0,0.0,0.0,0.0,0.0,0.0,0.0,0.0,0.0
2.3000000000000003,0.0,0.0,0.0,0.0,0.0,0.0,0.0,0.0,0.0,0.0,0.0,0.0,0.0,0.0,0.0,0.0,0.0,0.0,0.0,0.0,0.0,0.0,0.0,0.0,0.0,0.0,0.0,0.0,0.0,0.0,0.0
2.31,0.0,0.0,0.0,0.0,0.0,0.0,0.0,0.0,0.0,0.0,0.0,0.0,0.0,0.0,0.0,0.0,0.0,0.0,0.0,0.0,0.0,0.0,0.0,0.0,0.0,0.0,0.0,0.0,0.0,0.0,0.0
2.32,0.0,0.0,0.0,0.0,0.0,0.0,0.0,0.0,0.0,0.0,0.0,0.0,0.0,0.0,0.0,0.0,0.0,0.0,0.0,0.0,0.0,0.0,0.0,0.0,0.0,0.0,0.0,0.0,0.0,0.0,0.0
2.33,0.0,0.0,0.0,0.0,0.0,0.0,0.0,0.0,0.0,0.0,0.0,0.0,0.0,0.0,0.0,0.0,0.0,0.0,0.0,0.0,0.0,0.0,0.0,0.0,0.0,0.0,0.0,0.0,0.0,0.0,0.0
2.34,0.0,0.0,0.0,0.0,0.0,0.0,0.0,0.0,0.0,0.0,0.0,0.0,0.0,0.0,0.0,0.0,0.0,0.0,0.0,0.0,0.0,0.0,0.0,0.0,0.0,0.0,0.0,0.0,0.0,0.0,0.0
2.35,0.0,0.0,0.0,0.0,0.0,0.0,0.0,0.0,0.0,0.0,0.0,0.0,0.0,0.0,0.0,0.0,0.0,0.0,0.0,0.0,0.0,0.0,0.0,0.0,0.0,0.0,0.0,0.0,0.0,0.0,0.0
2.36,0.0,0.0,0.0,0.0,0.0,0.0,0.0,0.0,0.0,0.0,0.0,0.0,0.0,0.0,0.0,0.0,0.0,0.0,0.0,0.0,0.0,0.0,0.0,0.0,0.0,0.0,0.0,0.0,0.0,0.0,0.0
2.37,0.0,0.0,0.0,0.0,0.0,0.0,0.0,0.0,0.0,0.0,0.0,0.0,0.0,0.0,0.0,0.0,0.0,0.0,0.0,0.0,0.0,0.0,0.0,0.0,0.0,0.0,0.0,0.0,0.0,0.0,0.0
2.38,0.0,0.0,0.0,0.0,0.0,0.0,0.0,0.0,0.0,0.0,0.0,0.0,0.0,0.0,0.0,0.0,0.0,0.0,0.0,0.0,0.0,0.0,0.0,0.0,0.0,0.0,0.0,0.0,0.0,0.0,0.0
2.39,0.0,0.0,0.0,0.0,0.0,0.0,0.0,0.0,0.0,0.0,0.0,0.0,0.0,0.0,0.0,0.0,0.0,0.0,0.0,0.0,0.0,0.0,0.0,0.0,0.0,0.0,0.0,0.0,0.0,0.0,0.0
2.4,0.0,0.0,0.0,0.0,0.0,0.0,0.0,0.0,0.0,0.0,0.0,0.0,0.0,0.0,0.0,0.0,0.0,0.0,0.0,0.0,0.0,0.0,0.0,0.0,0.0,0.0,0.0,0.0,0.0,0.0,0.0
2.41,0.0,0.0,0.0,0.0,0.0,0.0,0.0,0.0,0.0,0.0,0.0,0.0,0.0,0.0,0.0,0.0,0.0,0.0,0.0,0.0,0.0,0.0,0.0,0.0,0.0,0.0,0.0,0.0,0.0,0.0,0.0
2.42,0.0,0.0,0.0,0.0,0.0,0.0,0.0,0.0,0.0,0.0,0.0,0.0,0.0,0.0,0.0,0.0,0.0,0.0,0.0,0.0,0.0,0.0,0.0,0.0,0.0,0.0,0.0,0.0,0.0,0.0,0.0
2.43,0.0,0.0,0.0,0.0,0.0,0.0,0.0,0.0,0.0,0.0,0.0,0.0,0.0,0.0,0.0,0.0,0.0,0.0,0.0,0.0,0.0,0.0,0.0,0.0,0.0,0.0,0.0,0.0,0.0,0.0,0.0
2.44,0.0,0.0,0.0,0.0,0.0,0.0,0.0,0.0,0.0,0.0,0.0,0.0,0.0,0.0,0.0,0.0,0.0,0.0,0.0,0.0,0.0,0.0,0.0,0.0,0.0,0.0,0.0,0.0,0.0,0.0,0.0
2.45,0.0,0.0,0.0,0.0,0.0,0.0,0.0,0.0,0.0,0.0,0.0,0.0,0.0,0.0,0.0,0.0,0.0,0.0,0.0,0.0,0.0,0.0,0.0,0.0,0.0,0.0,0.0,0.0,0.0,0.0,0.0
2.46,0.0,0.0,0.0,0.0,0.0,0.0,0.0,0.0,0.0,0.0,0.0,0.0,0.0,0.0,0.0,0.0,0.0,0.0,0.0,0.0,0.0,0.0,0.0,0.0,0.0,0.0,0.0,0.0,0.0,0.0,0.0
2.47,0.03333333333333333,0.0,0.0,0.0,0.0,0.0,0.0,1.0,0.0,0.0,0.0,0.0,0.0,0.0,0.0,0.0,0.0,0.0,0.0,0.0,0.0,0.0,0.0,0.0,0.0,0.0,0.0,0.0,0.0,0.0,0.0
2.48,0.03333333333333333,0.0,0.0,0.0,0.0,0.0,0.0,1.0,0.0,0.0,0.0,0.0,0.0,0.0,0.0,0.0,0.0,0.0,0.0,0.0,0.0,0.0,0.0,0.0,0.0,0.0,0.0,0.0,0.0,0.0,0.0
2.49,0.03333333333333333,0.0,0.0,0.0,0.0,0.0,0.0,1.0,0.0,0.0,0.0,0.0,0.0,0.0,0.0,0.0,0.0,0.0,0.0,0.0,0.0,0.0,0.0,0.0,0.0,0.0,0.0,0.0,0.0,0.0,0.0
2.5,0.03333333333333333,0.0,0.0,0.0,0.0,0.0,0.0,1.0,0.0,0.0,0.0,0.0,0.0,0.0,0.0,0.0,0.0,0.0,0.0,0.0,0.0,0.0,0.0,0.0,0.0,0.0,0.0,0.0,0.0,0.0,0.0
2.5100000000000002,0.03333333333333333,0.0,0.0,0.0,0.0,0.0,0.0,1.0,0.0,0.0,0.0,0.0,0.0,0.0,0.0,0.0,0.0,0.0,0.0,0.0,0.0,0.0,0.0,0.0,0.0,0.0,0.0,0.0,0.0,0.0,0.0
2.52,0.03333333333333333,0.0,0.0,0.0,0.0,0.0,0.0,1.0,0.0,0.0,0.0,0.0,0.0,0.0,0.0,0.0,0.0,0.0,0.0,0.0,0.0,0.0,0.0,0.0,0.0,0.0,0.0,0.0,0.0,0.0,0.0
2.5300000000000002,0.03333333333333333,0.0,0.0,0.0,0.0,0.0,0.0,1.0,0.0,0.0,0.0,0.0,0.0,0.0,0.0,0.0,0.0,0.0,0.0,0.0,0.0,0.0,0.0,0.0,0.0,0.0,0.0,0.0,0.0,0.0,0.0
2.54,0.03333333333333333,0.0,0.0,0.0,0.0,0.0,0.0,1.0,0.0,0.0,0.0,0.0,0.0,0.0,0.0,0.0,0.0,0.0,0.0,0.0,0.0,0.0,0.0,0.0,0.0,0.0,0.0,0.0,0.0,0.0,0.0
2.5500000000000003,0.03333333333333333,0.0,0.0,0.0,0.0,0.0,0.0,1.0,0.0,0.0,0.0,0.0,0.0,0.0,0.0,0.0,0.0,0.0,0.0,0.0,0.0,0.0,0.0,0.0,0.0,0.0,0.0,0.0,0.0,0.0,0.0
2.56,0.03333333333333333,0.0,0.0,0.0,0.0,0.0,0.0,1.0,0.0,0.0,0.0,0.0,0.0,0.0,0.0,0.0,0.0,0.0,0.0,0.0,0.0,0.0,0.0,0.0,0.0,0.0,0.0,0.0,0.0,0.0,0.0
2.57,0.03333333333333333,0.0,0.0,0.0,0.0,0.0,0.0,1.0,0.0,0.0,0.0,0.0,0.0,0.0,0.0,0.0,0.0,0.0,0.0,0.0,0.0,0.0,0.0,0.0,0.0,0.0,0.0,0.0,0.0,0.0,0.0
2.58,0.03333333333333333,0.0,0.0,0.0,0.0,0.0,0.0,1.0,0.0,0.0,0.0,0.0,0.0,0.0,0.0,0.0,0.0,0.0,0.0,0.0,0.0,0.0,0.0,0.0,0.0,0.0,0.0,0.0,0.0,0.0,0.0
2.59,0.03333333333333333,0.0,0.0,0.0,0.0,0.0,0.0,1.0,0.0,0.0,0.0,0.0,0.0,0.0,0.0,0.0,0.0,0.0,0.0,0.0,0.0,0.0,0.0,0.0,0.0,0.0,0.0,0.0,0.0,0.0,0.0
2.6,0.03333333333333333,0.0,0.0,0.0,0.0,0.0,0.0,1.0,0.0,0.0,0.0,0.0,0.0,0.0,0.0,0.0,0.0,0.0,0.0,0.0,0.0,0.0,0.0,0.0,0.0,0.0,0.0,0.0,0.0,0.0,0.0
2.61,0.03333333333333333,0.0,0.0,0.0,0.0,0.0,0.0,1.0,0.0,0.0,0.0,0.0,0.0,0.0,0.0,0.0,0.0,0.0,0.0,0.0,0.0,0.0,0.0,0.0,0.0,0.0,0.0,0.0,0.0,0.0,0.0
2.62,0.03333333333333333,0.0,0.0,0.0,0.0,0.0,0.0,1.0,0.0,0.0,0.0,0.0,0.0,0.0,0.0,0.0,0.0,0.0,0.0,0.0,0.0,0.0,0.0,0.0,0.0,0.0,0.0,0.0,0.0,0.0,0.0
2.63,0.03333333333333333,0.0,0.0,0.0,0.0,0.0,0.0,1.0,0.0,0.0,0.0,0.0,0.0,0.0,0.0,0.0,0.0,0.0,0.0,0.0,0.0,0.0,0.0,0.0,0.0,0.0,0.0,0.0,0.0,0.0,0.0
2.64,0.03333333333333333,0.0,0.0,0.0,0.0,0.0,0.0,1.0,0.0,0.0,0.0,0.0,0.0,0.0,0.0,0.0,0.0,0.0,0.0,0.0,0.0,0.0,0.0,0.0,0.0,0.0,0.0,0.0,0.0,0.0,0.0
2.65,0.03333333333333333,0.0,0.0,0.0,0.0,0.0,0.0,1.0,0.0,0.0,0.0,0.0,0.0,0.0,0.0,0.0,0.0,0.0,0.0,0.0,0.0,0.0,0.0,0.0,0.0,0.0,0.0,0.0,0.0,0.0,0.0
2.66,0.0,0.0,0.0,0.0,0.0,0.0,0.0,0.0,0.0,0.0,0.0,0.0,0.0,0.0,0.0,0.0,0.0,0.0,0.0,0.0,0.0,0.0,0.0,0.0,0.0,0.0,0.0,0.0,0.0,0.0,0.0
2.67,0.0,0.0,0.0,0.0,0.0,0.0,0.0,0.0,0.0,0.0,0.0,0.0,0.0,0.0,0.0,0.0,0.0,0.0,0.0,0.0,0.0,0.0,0.0,0.0,0.0,0.0,0.0,0.0,0.0,0.0,0.0
2.68,0.0,0.0,0.0,0.0,0.0,0.0,0.0,0.0,0.0,0.0,0.0,0.0,0.0,0.0,0.0,0.0,0.0,0.0,0.0,0.0,0.0,0.0,0.0,0.0,0.0,0.0,0.0,0.0,0.0,0.0,0.0
2.69,0.0,0.0,0.0,0.0,0.0,0.0,0.0,0.0,0.0,0.0,0.0,0.0,0.0,0.0,0.0,0.0,0.0,0.0,0.0,0.0,0.0,0.0,0.0,0.0,0.0,0.0,0.0,0.0,0.0,0.0,0.0
2.7,0.0,0.0,0.0,0.0,0.0,0.0,0.0,0.0,0.0,0.0,0.0,0.0,0.0,0.0,0.0,0.0,0.0,0.0,0.0,0.0,0.0,0.0,0.0,0.0,0.0,0.0,0.0,0.0,0.0,0.0,0.0
2.71,0.0,0.0,0.0,0.0,0.0,0.0,0.0,0.0,0.0,0.0,0.0,0.0,0.0,0.0,0.0,0.0,0.0,0.0,0.0,0.0,0.0,0.0,0.0,0.0,0.0,0.0,0.0,0.0,0.0,0.0,0.0
2.72,0.0,0.0,0.0,0.0,0.0,0.0,0.0,0.0,0.0,0.0,0.0,0.0,0.0,0.0,0.0,0.0,0.0,0.0,0.0,0.0,0.0,0.0,0.0,0.0,0.0,0.0,0.0,0.0,0.0,0.0,0.0
2.73,0.0,0.0,0.0,0.0,0.0,0.0,0.0,0.0,0.0,0.0,0.0,0.0,0.0,0.0,0.0,0.0,0.0,0.0,0.0,0.0,0.0,0.0,0.0,0.0,0.0,0.0,0.0,0.0,0.0,0.0,0.0
2.74,0.0,0.0,0.0,0.0,0.0,0.0,0.0,0.0,0.0,0.0,0.0,0.0,0.0,0.0,0.0,0.0,0.0,0.0,0.0,0.0,0.0,0.0,0.0,0.0,0.0,0.0,0.0,0.0,0.0,0.0,0.0
2.75,0.06666666666666667,0.0,0.0,0.0,0.0,0.0,0.0,0.0,0.0,0.0,0.0,0.0,0.0,0.0,0.0,0.0,0.0,0.0,0.0,0.0,0.0,1.0,0.0,0.0,0.0,0.0,1.0,0.0,0.0,0.0,0.0
2.7600000000000002,0.1,0.0,0.0,0.0,0.0,0.0,0.0,0.0,0.0,0.0,0.0,0.0,0.0,0.0,0.0,0.0,0.0,0.0,0.0,0.0,0.0,1.0,0.0,0.0,0.0,0.0,1.0,0.0,0.0,0.0,1.0
2.77,0.13333333333333333,0.0,0.0,0.0,0.0,1.0,0.0,0.0,0.0,0.0,0.0,0.0,0.0,0.0,0.0,0.0,0.0,0.0,0.0,0.0,0.0,1.0,0.0,0.0,0.0,0.0,1.0,0.0,0.0,0.0,1.0
2.7800000000000002,0.16666666666666666,0.0,0.0,0.0,0.0,1.0,0.0,0.0,0.0,0.0,0.0,0.0,0.0,0.0,0.0,0.0,0.0,0.0,0.0,0.0,0.0,1.0,0.0,0.0,1.0,0.0,1.0,0.0,0.0,0.0,1.0
2.79,0.16666666666666666,0.0,0.0,0.0,0.0,1.0,0.0,0.0,0.0,0.0,0.0,0.0,0.0,0.0,0.0,0.0,0.0,0.0,0.0,0.0,0.0,1.0,0.0,0.0,1.0,0.0,1.0,0.0,0.0,0.0,1.0
2.8000000000000003,0.16666666666666666,0.0,0.0,0.0,0.0,1.0,0.0,0.0,0.0,0.0,0.0,0.0,0.0,0.0,0.0,0.0,0.0,0.0,0.0,0.0,0.0,1.0,0.0,0.0,1.0,0.0,1.0,0.0,0.0,0.0,1.0
2.81,0.16666666666666666,0.0,0.0,0.0,0.0,1.0,0.0,0.0,0.0,0.0,0.0,0.0,0.0,0.0,0.0,0.0,0.0,0.0,0.0,0.0,0.0,1.0,0.0,0.0,1.0,0.0,1.0,0.0,0.0,0.0,1.0
2.82,0.16666666666666666,0.0,0.0,0.0,0.0,1.0,0.0,0.0,0.0,0.0,0.0,0.0,0.0,0.0,0.0,0.0,0.0,0.0,0.0,0.0,0.0,1.0,0.0,0.0,1.0,0.0,1.0,0.0,0.0,0.0,1.0
2.83,0.16666666666666666,0.0,0.0,0.0,0.0,1.0,0.0,0.0,0.0,0.0,0.0,0.0,0.0,0.0,0.0,0.0,0.0,0.0,0.0,0.0,0.0,1.0,0.0,0.0,1.0,0.0,1.0,0.0,0.0,0.0,1.0
2.84,0.16666666666666666,0.0,0.0,0.0,0.0,1.0,0.0,0.0,0.0,0.0,0.0,0.0,0.0,0.0,0.0,0.0,0.0,0.0,0.0,0.0,0.0,1.0,0.0,0.0,1.0,0.0,1.0,0.0,0.0,0.0,1.0
2.85,0.16666666666666666,0.0,0.0,0.0,0.0,1.0,0.0,0.0,0.0,0.0,0.0,0.0,0.0,0.0,0.0,0.0,0.0,0.0,0.0,0.0,0.0,1.0,0.0,0.0,1.0,0.0,1.0,0.0,0.0,0.0,1.0
2.86,0.13333333333333333,0.0,0.0,0.0,0.0,1.0,0.0,0.0,0.0,0.0,0.0,0.0,0.0,0.0,0.0,0.0,0.0,0.0,0.0,0.0,0.0,0.0,0.0,0.0,1.0,0.0,1.0,0.0,0.0,0.0,1.0
2.87,0.13333333333333333,0.0,0.0,0.0,0.0,1.0,0.0,0.0,0.0,0.0,0.0,0.0,0.0,0.0,0.0,0.0,0.0,0.0,0.0,0.0,0.0,0.0,0.0,0.0,1.0,0.0,1.0,0.0,0.0,0.0,1.0
2.88,0.13333333333333333,0.0,0.0,0.0,0.0,1.0,0.0,0.0,0.0,0.0,0.0,0.0,0.0,0.0,0.0,0.0,0.0,0.0,0.0,0.0,0.0,0.0,0.0,0.0,1.0,0.0,1.0,0.0,0.0,0.0,1.0
2.89,0.13333333333333333,0.0,0.0,0.0,0.0,1.0,0.0,0.0,0.0,0.0,0.0,0.0,0.0,0.0,0.0,0.0,0.0,0.0,0.0,0.0,0.0,0.0,0.0,0.0,1.0,0.0,1.0,0.0,0.0,0.0,1.0
2.9,0.13333333333333333,0.0,0.0,0.0,0.0,1.0,0.0,0.0,0.0,0.0,0.0,0.0,0.0,0.0,0.0,0.0,0.0,0.0,0.0,0.0,0.0,0.0,0.0,0.0,1.0,0.0,1.0,0.0,0.0,0.0,1.0
2.91,0.13333333333333333,0.0,0.0,0.0,0.0,1.0,0.0,0.0,0.0,0.0,0.0,0.0,0.0,0.0,0.0,0.0,0.0,0.0,0.0,0.0,0.0,0.0,0.0,0.0,1.0,0.0,1.0,0.0,0.0,0.0,1.0
2.92,0.13333333333333333,0.0,0.0,0.0,0.0,1.0,0.0,0.0,0.0,0.0,0.0,0.0,0.0,0.0,0.0,0.0,0.0,0.0,0.0,0.0,0.0,0.0,0.0,0.0,1.0,0.0,1.0,0.0,0.0,0.0,1.0
2.93,0.13333333333333333,0.0,0.0,0.0,0.0,1.0,0.0,0.0,0.0,0.0,0.0,0.0,0.0,0.0,0.0,0.0,0.0,0.0,0.0,0.0,0.0,0.0,0.0,0.0,1.0,0.0,1.0,0.0,0.0,0.0,1.0
2.94,0.13333333333333333,0.0,0.0,0.0,0.0,1.0,0.0,0.0,0.0,0.0,0.0,0.0,0.0,0.0,0.0,0.0,0.0,0.0,0.0,0.0,0.0,0.0,0.0,0.0,1.0,0.0,1.0,0.0,0.0,0.0,1.0
2.95,0.13333333333333333,0.0,0.0,0.0,0.0,1.0,0.0,0.0,0.0,0.0,0.0,0.0,0.0,0.0,0.0,0.0,0.0,0.0,0.0,0.0,0.0,0.0,0.0,0.0,1.0,0.0,1.0,0.0,0.0,0.0,1.0
2.96,0.13333333333333333,0.0,0.0,0.0,0.0,1.0,0.0,0.0,0.0,0.0,0.0,0.0,0.0,0.0,0.0,0.0,0.0,0.0,0.0,0.0,0.0,0.0,0.0,0.0,1.0,0.0,1.0,0.0,0.0,0.0,1.0
2.97,0.13333333333333333,0.0,0.0,0.0,0.0,1.0,0.0,0.0,0.0,0.0,0.0,0.0,0.0,0.0,0.0,0.0,0.0,0.0,0.0,0.0,0.0,0.0,0.0,0.0,1.0,0.0,1.0,0.0,0.0,0.0,1.0
2.98,0.1,0.0,0.0,0.0,0.0,1.0,0.0,0.0,0.0,0.0,0.0,0.0,0.0,0.0,0.0,0.0,0.0,0.0,0.0,0.0,0.0,0.0,0.0,0.0,1.0,0.0,1.0,0.0,0.0,0.0,0.0
2.99,0.1,0.0,0.0,0.0,0.0,1.0,0.0,0.0,0.0,0.0,0.0,0.0,0.0,0.0,0.0,0.0,0.0,0.0,0.0,0.0,0.0,0.0,0.0,0.0,1.0,0.0,1.0,0.0,0.0,0.0,0.0
3.0,0.1,0.0,0.0,0.0,0.0,1.0,0.0,0.0,0.0,0.0,0.0,0.0,0.0,0.0,0.0,0.0,0.0,0.0,0.0,0.0,0.0,0.0,0.0,0.0,1.0,0.0,1.0,0.0,0.0,0.0,0.0
3.0100000000000002,0.1,0.0,0.0,0.0,0.0,1.0,0.0,0.0,0.0,0.0,0.0,0.0,0.0,0.0,0.0,0.0,0.0,0.0,0.0,0.0,0.0,0.0,0.0,0.0,1.0,0.0,1.0,0.0,0.0,0.0,0.0
3.02,0.1,0.0,0.0,0.0,0.0,1.0,0.0,0.0,0.0,0.0,0.0,0.0,0.0,0.0,0.0,0.0,0.0,0.0,0.0,0.0,0.0,0.0,0.0,0.0,1.0,0.0,1.0,0.0,0.0,0.0,0.0
3.0300000000000002,0.13333333333333333,0.0,1.0,0.0,0.0,1.0,0.0,0.0,0.0,0.0,0.0,0.0,0.0,0.0,0.0,0.0,0.0,0.0,0.0,0.0,0.0,0.0,0.0,0.0,1.0,0.0,1.0,0.0,0.0,0.0,0.0
3.04,0.13333333333333333,0.0,1.0,0.0,0.0,1.0,0.0,0.0,0.0,0.0,0.0,0.0,0.0,0.0,0.0,0.0,0.0,0.0,0.0,0.0,0.0,0.0,0.0,0.0,1.0,0.0,1.0,0.0,0.0,0.0,0.0
3.0500000000000003,0.13333333333333333,0.0,1.0,0.0,0.0,1.0,0.0,0.0,0.0,0.0,0.0,0.0,0.0,0.0,0.0,0.0,0.0,0.0,0.0,0.0,0.0,0.0,0.0,0.0,1.0,0.0,1.0,0.0,0.0,0.0,0.0
3.06,0.13333333333333333,0.0,1.0,0.0,0.0,1.0,0.0,0.0,0.0,0.0,0.0,0.0,0.0,0.0,0.0,0.0,0.0,0.0,0.0,0.0,0.0,0.0,0.0,0.0,1.0,0.0,1.0,0.0,0.0,0.0,0.0
3.0700000000000003,0.13333333333333333,0.0,1.0,0.0,0.0,1.0,0.0,0.0,0.0,0.0,0.0,0.0,0.0,0.0,0.0,0.0,0.0,0.0,0.0,0.0,0.0,0.0,0.0,0.0,1.0,0.0,1.0,0.0,0.0,0.0,0.0
3.08,0.13333333333333333,0.0,1.0,0.0,0.0,1.0,0.0,0.0,0.0,0.0,0.0,0.0,0.0,0.0,0.0,0.0,0.0,0.0,0.0,0.0,0.0,0.0,0.0,0.0,1.0,0.0,1.0,0.0,0.0,0.0,0.0
3.09,0.13333333333333333,0.0,1.0,0.0,0.0,1.0,0.0,0.0,0.0,0.0,0.0,0.0,0.0,0.0,0.0,0.0,0.0,0.0,0.0,0.0,0.0,0.0,0.0,0.0,1.0,0.0,1.0,0.0,0.0,0.0,0.0
3.1,0.13333333333333333,0.0,1.0,0.0,0.0,1.0,0.0,0.0,0.0,0.0,0.0,0.0,0.0,0.0,0.0,0.0,0.0,0.0,0.0,0.0,0.0,0.0,0.0,0.0,1.0,0.0,1.0,0.0,0.0,0.0,0.0
3.11,0.1,0.0,1.0,0.0,0.0,0.0,0.0,0.0,0.0,0.0,0.0,0.0,0.0,0.0,0.0,0.0,0.0,0.0,0.0,0.0,0.0,0.0,0.0,0.0,1.0,0.0,1.0,0.0,0.0,0.0,0.0
3.12,0.13333333333333333,0.0,1.0,0.0,0.0,0.0,0.0,0.0,0.0,0.0,0.0,0.0,0.0,0.0,0.0,0.0,0.0,0.0,0.0,0.0,0.0,1.0,0.0,0.0,1.0,0.0,1.0,0.0,0.0,0.0,0.0
3.13,0.13333333333333333,0.0,1.0,0.0,0.0,0.0,0.0,0.0,0.0,0.0,0.0,0.0,0.0,0.0,0.0,0.0,0.0,0.0,0.0,0.0,0.0,1.0,0.0,0.0,1.0,0.0,1.0,0.0,0.0,0.0,0.0
3.14,0.13333333333333333,0.0,1.0,0.0,0.0,0.0,0.0,0.0,0.0,0.0,0.0,0.0,0.0,0.0,0.0,0.0,0.0,0.0,0.0,0.0,0.0,1.0,0.0,0.0,1.0,0.0,1.0,0.0,0.0,0.0,0.0
3.15,0.16666666666666666,0.0,1.0,0.0,0.0,0.0,0.0,0.0,0.0,0.0,0.0,0.0,0.0,0.0,0.0,0.0,0.0,1.0,0.0,0.0,0.0,1.0,0.0,0.0,1.0,0.0,1.0,0.0,0.0,0.0,0.0
3.16,0.16666666666666666,0.0,1.0,0.0,0.0,0.0,0.0,0.0,0.0,0.0,0.0,0.0,0.0,0.0,0.0,0.0,0.0,1.0,0.0,0.0,0.0,1.0,0.0,0.0,1.0,0.0,1.0,0.0,0.0,0.0,0.0
3.17,0.16666666666666666,0.0,1.0,0.0,0.0,0.0,0.0,0.0,0.0,0.0,0.0,0.0,0.0,0.0,0.0,0.0,0.0,1.0,0.0,0.0,0.0,1.0,0.0,0.0,1.0,0.0,1.0,0.0,0.0,0.0,0.0
3.18,0.16666666666666666,0.0,1.0,0.0,0.0,0.0,0.0,0.0,0.0,0.0,0.0,0.0,0.0,0.0,0.0,0.0,0.0,1.0,0.0,0.0,0.0,1.0,0.0,0.0,1.0,0.0,1.0,0.0,0.0,0.0,0.0
3.19,0.16666666666666666,0.0,1.0,0.0,0.0,0.0,0.0,0.0,0.0,0.0,0.0,0.0,0.0,0.0,0.0,0.0,0.0,1.0,0.0,0.0,0.0,1.0,0.0,0.0,1.0,0.0,1.0,0.0,0.0,0.0,0.0
3.2,0.16666666666666666,0.0,1.0,0.0,0.0,0.0,0.0,0.0,0.0,0.0,0.0,0.0,0.0,0.0,0.0,0.0,0.0,1.0,0.0,0.0,0.0,1.0,0.0,0.0,1.0,0.0,1.0,0.0,0.0,0.0,0.0
3.21,0.16666666666666666,0.0,1.0,0.0,0.0,0.0,0.0,0.0,0.0,0.0,0.0,0.0,0.0,0.0,0.0,0.0,0.0,1.0,0.0,0.0,0.0,1.0,0.0,0.0,1.0,0.0,1.0,0.0,0.0,0.0,0.0
3.22,0.16666666666666666,0.0,1.0,0.0,0.0,0.0,0.0,0.0,0.0,0.0,0.0,0.0,0.0,0.0,0.0,0.0,0.0,1.0,0.0,0.0,0.0,1.0,0.0,0.0,1.0,0.0,1.0,0.0,0.0,0.0,0.0
3.23,0.16666666666666666,0.0,1.0,0.0,0.0,0.0,0.0,0.0,0.0,0.0,0.0,0.0,0.0,0.0,0.0,0.0,0.0,1.0,0.0,0.0,0.0,1.0,0.0,0.0,1.0,0.0,1.0,0.0,0.0,0.0,0.0
3.24,0.16666666666666666,0.0,1.0,0.0,0.0,0.0,0.0,0.0,0.0,0.0,0.0,0.0,0.0,0.0,0.0,0.0,0.0,1.0,0.0,0.0,0.0,1.0,0.0,0.0,1.0,0.0,1.0,0.0,0.0,0.0,0.0
3.25,0.2,0.0,1.0,0.0,0.0,0.0,0.0,0.0,0.0,0.0,0.0,0.0,0.0,0.0,0.0,0.0,1.0,1.0,0.0,0.0,0.0,1.0,0.0,0.0,1.0,0.0,1.0,0.0,0.0,0.0,0.0
3.2600000000000002,0.2,0.0,1.0,0.0,0.0,0.0,0.0,0.0,0.0,0.0,0.0,0.0,0.0,0.0,0.0,0.0,1.0,1.0,0.0,0.0,0.0,1.0,0.0,0.0,1.0,0.0,1.0,0.0,0.0,0.0,0.0
3.27,0.2,0.0,1.0,0.0,0.0,0.0,0.0,0.0,0.0,0.0,0.0,0.0,0.0,0.0,0.0,0.0,1.0,1.0,0.0,0.0,0.0,1.0,0.0,0.0,1.0,0.0,1.0,0.0,0.0,0.0,0.0
3.2800000000000002,0.23333333333333334,0.0,1.0,0.0,0.0,0.0,0.0,0.0,0.0,0.0,0.0,0.0,1.0,0.0,0.0,0.0,1.0,1.0,0.0,0.0,0.0,1.0,0.0,0.0,1.0,0.0,1.0,0.0,0.0,0.0,0.0
3.29,0.23333333333333334,0.0,1.0,0.0,0.0,0.0,0.0,0.0,0.0,0.0,0.0,0.0,1.0,0.0,0.0,0.0,1.0,1.0,0.0,0.0,0.0,1.0,0.0,0.0,1.0,0.0,1.0,0.0,0.0,0.0,0.0
3.3000000000000003,0.23333333333333334,0.0,1.0,0.0,0.0,0.0,0.0,0.0,0.0,0.0,0.0,0.0,1.0,0.0,0.0,0.0,1.0,1.0,0.0,0.0,0.0,1.0,0.0,0.0,1.0,0.0,1.0,0.0,0.0,0.0,0.0
3.31,0.23333333333333334,0.0,1.0,0.0,0.0,0.0,0.0,0.0,0.0,0.0,0.0,0.0,1.0,0.0,0.0,0.0,1.0,1.0,0.0,0.0,0.0,1.0,0.0,0.0,1.0,0.0,1.0,0.0,0.0,0.0,0.0
3.3200000000000003,0.26666666666666666,0.0,1.0,0.0,0.0,0.0,1.0,0.0,0.0,0.0,0.0,0.0,1.0,0.0,0.0,0.0,1.0,1.0,0.0,0.0,0.0,1.0,0.0,0.0,1.0,0.0,1.0,0.0,0.0,0.0,0.0
3.33,0.26666666666666666,0.0,1.0,0.0,0.0,0.0,1.0,0.0,0.0,0.0,0.0,0.0,1.0,0.0,0.0,0.0,1.0,1.0,0.0,0.0,0.0,1.0,0.0,0.0,1.0,0.0,1.0,0.0,0.0,0.0,0.0
3.34,0.26666666666666666,0.0,1.0,0.0,0.0,0.0,1.0,0.0,0.0,0.0,0.0,0.0,1.0,0.0,0.0,0.0,1.0,1.0,0.0,0.0,0.0,1.0,0.0,0.0,1.0,0.0,1.0,0.0,0.0,0.0,0.0
3.35,0.26666666666666666,0.0,1.0,0.0,0.0,0.0,1.0,0.0,0.0,0.0,0.0,0.0,1.0,0.0,0.0,0.0,1.0,1.0,0.0,0.0,0.0,1.0,0.0,0.0,1.0,0.0,1.0,0.0,0.0,0.0,0.0
3.36,0.23333333333333334,0.0,1.0,0.0,0.0,0.0,1.0,0.0,0.0,0.0,0.0,0.0,1.0,0.0,0.0,0.0,1.0,1.0,0.0,0.0,0.0,1.0,0.0,0.0,1.0,0.0,0.0,0.0,0.0,0.0,0.0
3.37,0.26666666666666666,0.0,1.0,0.0,0.0,0.0,1.0,0.0,0.0,0.0,0.0,0.0,1.0,0.0,0.0,0.0,1.0,1.0,0.0,0.0,0.0,1.0,0.0,0.0,1.0,0.0,0.0,0.0,1.0,0.0,0.0
3.38,0.26666666666666666,0.0,1.0,0.0,0.0,0.0,1.0,0.0,0.0,0.0,0.0,0.0,1.0,0.0,0.0,0.0,1.0,1.0,0.0,0.0,0.0,1.0,0.0,0.0,1.0,0.0,0.0,0.0,1.0,0.0,0.0
3.39,0.26666666666666666,0.0,1.0,0.0,0.0,0.0,1.0,0.0,0.0,0.0,0.0,0.0,1.0,0.0,0.0,0.0,1.0,1.0,0.0,0.0,0.0,1.0,0.0,0.0,1.0,0.0,0.0,0.0,1.0,0.0,0.0
3.4,0.26666666666666666,0.0,1.0,0.0,0.0,0.0,1.0,0.0,0.0,0.0,0.0,0.0,1.0,0.0,0.0,0.0,1.0,1.0,0.0,0.0,0.0,1.0,0.0,0.0,1.0,0.0,0.0,0.0,1.0,0.0,0.0
3.41,0.26666666666666666,0.0,1.0,0.0,0.0,0.0,1.0,0.0,0.0,0.0,0.0,0.0,1.0,0.0,0.0,0.0,1.0,1.0,0.0,0.0,0.0,1.0,0.0,0.0,1.0,0.0,0.0,0.0,1.0,0.0,0.0
3.42,0.23333333333333334,0.0,1.0,0.0,0.0,0.0,1.0,0.0,0.0,0.0,0.0,0.0,1.0,0.0,0.0,0.0,1.0,1.0,0.0,0.0,0.0,0.0,0.0,0.0,1.0,0.0,0.0,0.0,1.0,0.0,0.0
3.43,0.2,0.0,1.0,0.0,0.0,0.0,1.0,0.0,0.0,0.0,0.0,0.0,1.0,0.0,0.0,0.0,1.0,0.0,0.0,0.0,0.0,0.0,0.0,0.0,1.0,0.0,0.0,0.0,1.0,0.0,0.0
3.44,0.23333333333333334,0.0,0.0,0.0,0.0,0.0,1.0,0.0,0.0,0.0,0.0,0.0,1.0,0.0,0.0,0.0,1.0,0.0,0.0,0.0,0.0,0.0,0.0,0.0,1.0,0.0,2.0,0.0,1.0,0.0,0.0
3.45,0.26666666666666666,0.0,0.0,0.0,0.0,0.0,2.0,0.0,0.0,0.0,0.0,0.0,1.0,0.0,0.0,0.0,1.0,0.0,0.0,0.0,0.0,0.0,0.0,0.0,1.0,0.0,2.0,0.0,1.0,0.0,0.0
3.46,0.26666666666666666,0.0,0.0,0.0,0.0,0.0,2.0,0.0,0.0,0.0,0.0,0.0,1.0,0.0,0.0,0.0,1.0,0.0,0.0,0.0,0.0,0.0,0.0,0.0,1.0,0.0,2.0,0.0,1.0,0.0,0.0
3.47,0.26666666666666666,0.0,0.0,0.0,0.0,0.0,2.0,0.0,0.0,0.0,0.0,0.0,1.0,0.0,0.0,0.0,1.0,0.0,0.0,0.0,0.0,0.0,0.0,0.0,1.0,0.0,2.0,0.0,1.0,0.0,0.0
3.48,0.26666666666666666,0.0,0.0,0.0,0.0,0.0,2.0,0.0,0.0,0.0,0.0,0.0,1.0,0.0,0.0,0.0,1.0,0.0,0.0,0.0,0.0,0.0,0.0,0.0,1.0,0.0,2.0,0.0,1.0,0.0,0.0
3.49,0.26666666666666666,0.0,0.0,0.0,0.0,0.0,2.0,0.0,0.0,0.0,0.0,0.0,1.0,0.0,0.0,0.0,1.0,0.0,0.0,0.0,0.0,0.0,0.0,0.0,1.0,0.0,2.0,0.0,1.0,0.0,0.0
3.5,0.26666666666666666,0.0,0.0,0.0,0.0,0.0,2.0,0.0,0.0,0.0,0.0,0.0,1.0,0.0,0.0,0.0,1.0,0.0,0.0,0.0,0.0,0.0,0.0,0.0,1.0,0.0,2.0,0.0,1.0,0.0,0.0
3.5100000000000002,0.26666666666666666,0.0,0.0,0.0,0.0,0.0,2.0,0.0,0.0,0.0,0.0,0.0,1.0,0.0,0.0,0.0,1.0,0.0,0.0,0.0,0.0,0.0,0.0,0.0,1.0,0.0,2.0,0.0,1.0,0.0,0.0
3.52,0.26666666666666666,0.0,0.0,0.0,0.0,0.0,2.0,0.0,0.0,0.0,0.0,0.0,1.0,0.0,0.0,0.0,1.0,0.0,0.0,0.0,0.0,0.0,0.0,0.0,1.0,0.0,2.0,0.0,1.0,0.0,0.0
3.5300000000000002,0.26666666666666666,0.0,0.0,0.0,0.0,0.0,2.0,0.0,0.0,0.0,0.0,0.0,1.0,0.0,0.0,0.0,1.0,0.0,0.0,0.0,0.0,0.0,0.0,0.0,1.0,0.0,2.0,0.0,1.0,0.0,0.0
3.54,0.3,0.0,1.0,0.0,0.0,0.0,2.0,0.0,0.0,0.0,0.0,0.0,1.0,0.0,0.0,0.0,1.0,0.0,0.0,0.0,0.0,0.0,0.0,0.0,1.0,0.0,2.0,0.0,1.0,0.0,0.0
3.5500000000000003,0.3,0.0,1.0,0.0,0.0,0.0,2.0,0.0,0.0,0.0,0.0,0.0,1.0,0.0,0.0,0.0,1.0,0.0,0.0,0.0,0.0,0.0,0.0,0.0,1.0,0.0,2.0,0.0,1.0,0.0,0.0
3.56,0.3,0.0,1.0,0.0,0.0,0.0,2.0,0.0,0.0,0.0,0.0,0.0,1.0,0.0,0.0,0.0,1.0,0.0,0.0,0.0,0.0,0.0,0.0,0.0,1.0,0.0,2.0,0.0,1.0,0.0,0.0
3.5700000000000003,0.3,0.0,1.0,0.0,0.0,0.0,2.0,0.0,0.0,0.0,0.0,0.0,1.0,0.0,0.0,0.0,1.0,0.0,0.0,0.0,0.0,0.0,0.0,0.0,1.0,0.0,2.0,0.0,1.0,0.0,0.0
3.58,0.3333333333333333,0.0,1.0,0.0,0.0,0.0,2.0,1.0,0.0,0.0,0.0,0.0,1.0,0.0,0.0,0.0,1.0,0.0,0.0,0.0,0.0,0.0,0.0,0.0,1.0,0.0,2.0,0.0,1.0,0.0,0.0
3.59,0.4,0.0,1.0,0.0,0.0,0.0,2.0,2.0,0.0,0.0,0.0,0.0,1.0,0.0,0.0,0.0,1.0,0.0,0.0,0.0,0.0,0.0,0.0,0.0,1.0,1.0,2.0,0.0,1.0,0.0,0.0
3.6,0.4,0.0,1.0,0.0,0.0,0.0,2.0,2.0,0.0,0.0,0.0,0.0,1.0,0.0,0.0,0.0,1.0,0.0,0.0,0.0,0.0,0.0,0.0,0.0,1.0,1.0,2.0,0.0,1.0,0.0,0.0
3.61,0.4,0.0,1.0,0.0,0.0,0.0,2.0,2.0,0.0,0.0,0.0,0.0,1.0,0.0,0.0,0.0,1.0,0.0,0.0,0.0,0.0,0.0,0.0,0.0,1.0,1.0,2.0,0.0,1.0,0.0,0.0
3.62,0.43333333333333335,0.0,1.0,0.0,0.0,0.0,2.0,2.0,0.0,0.0,0.0,0.0,1.0,0.0,0.0,0.0,1.0,0.0,0.0,0.0,0.0,0.0,1.0,0.0,1.0,1.0,2.0,0.0,1.0,0.0,0.0
3.63,0.43333333333333335,0.0,1.0,0.0,0.0,0.0,2.0,2.0,0.0,0.0,0.0,0.0,1.0,0.0,0.0,0.0,1.0,0.0,0.0,0.0,0.0,0.0,1.0,0.0,1.0,1.0,2.0,0.0,1.0,0.0,0.0
3.64,0.4,0.0,1.0,0.0,0.0,0.0,2.0,2.0,0.0,0.0,0.0,0.0,0.0,0.0,0.0,0.0,1.0,0.0,0.0,0.0,0.0,0.0,1.0,0.0,1.0,1.0,2.0,0.0,1.0,0.0,0.0
3.65,0.4,0.0,1.0,0.0,0.0,0.0,2.0,2.0,0.0,0.0,0.0,0.0,0.0,0.0,0.0,0.0,1.0,0.0,0.0,0.0,0.0,0.0,1.0,0.0,1.0,1.0,2.0,0.0,1.0,0.0,0.0
3.66,0.4,0.0,1.0,0.0,0.0,0.0,2.0,2.0,0.0,0.0,0.0,0.0,0.0,0.0,0.0,0.0,1.0,0.0,0.0,0.0,0.0,0.0,1.0,0.0,1.0,1.0,2.0,0.0,1.0,0.0,0.0
3.67,0.4,0.0,1.0,0.0,0.0,0.0,2.0,2.0,0.0,0.0,0.0,0.0,0.0,0.0,0.0,0.0,1.0,0.0,0.0,0.0,0.0,0.0,1.0,0.0,1.0,1.0,2.0,0.0,1.0,0.0,0.0
3.68,0.4,0.0,1.0,0.0,0.0,0.0,2.0,2.0,0.0,0.0,0.0,0.0,0.0,0.0,0.0,0.0,1.0,0.0,0.0,0.0,0.0,0.0,1.0,0.0,1.0,1.0,2.0,0.0,1.0,0.0,0.0
3.69,0.43333333333333335,0.0,1.0,0.0,0.0,0.0,2.0,2.0,0.0,0.0,0.0,0.0,0.0,0.0,0.0,0.0,1.0,0.0,0.0,0.0,0.0,0.0,1.0,1.0,1.0,1.0,2.0,0.0,1.0,0.0,0.0
3.7,0.43333333333333335,0.0,1.0,0.0,0.0,0.0,2.0,2.0,0.0,0.0,0.0,0.0,0.0,0.0,0.0,0.0,1.0,0.0,0.0,0.0,0.0,0.0,1.0,1.0,1.0,1.0,2.0,0.0,1.0,0.0,0.0
3.71,0.43333333333333335,0.0,1.0,0.0,0.0,0.0,2.0,2.0,0.0,0.0,0.0,0.0,0.0,0.0,0.0,0.0,1.0,0.0,0.0,0.0,0.0,0.0,1.0,1.0,1.0,1.0,2.0,0.0,1.0,0.0,0.0
3.72,0.4666666666666667,0.0,1.0,0.0,0.0,0.0,2.0,2.0,0.0,0.0,0.0,0.0,0.0,0.0,0.0,0.0,1.0,0.0,0.0,0.0,0.0,0.0,1.0,1.0,1.0,1.0,2.0,0.0,1.0,1.0,0.0
3.73,0.43333333333333335,0.0,1.0,0.0,0.0,0.0,1.0,2.0,0.0,0.0,0.0,0.0,0.0,0.0,0.0,0.0,1.0,0.0,0.0,0.0,0.0,0.0,1.0,1.0,1.0,1.0,2.0,0.0,1.0,1.0,0.0
3.74,0.4,0.0,1.0,0.0,0.0,0.0,1.0,2.0,0.0,0.0,0.0,0.0,0.0,0.0,0.0,0.0,1.0,0.0,0.0,0.0,0.0,0.0,0.0,1.0,1.0,1.0,2.0,0.0,1.0,1.0,0.0
3.75,0.3,0.0,1.0,0.0,0.0,0.0,0.0,2.0,0.0,0.0,0.0,0.0,0.0,0.0,0.0,0.0,0.0,0.0,0.0,0.0,0.0,0.0,0.0,1.0,1.0,1.0,1.0,0.0,1.0,1.0,0.0
3.7600000000000002,0.3333333333333333,0.0,1.0,0.0,0.0,0.0,0.0,2.0,0.0,0.0,0.0,0.0,0.0,0.0,0.0,0.0,0.0,0.0,1.0,0.0,0.0,0.0,0.0,1.0,1.0,1.0,1.0,0.0,1.0,1.0,0.0
3.77,0.3,0.0,0.0,0.0,0.0,0.0,0.0,2.0,0.0,0.0,0.0,0.0,0.0,0.0,0.0,0.0,0.0,0.0,1.0,0.0,0.0,0.0,0.0,1.0,1.0,1.0,1.0,0.0,1.0,1.0,0.0
3.7800000000000002,0.3,0.0,0.0,0.0,0.0,0.0,0.0,2.0,0.0,0.0,0.0,0.0,0.0,0.0,0.0,0.0,0.0,0.0,1.0,0.0,0.0,0.0,0.0,1.0,1.0,1.0,1.0,0.0,1.0,1.0,0.0
3.79,0.26666666666666666,0.0,0.0,0.0,0.0,0.0,0.0,2.0,0.0,0.0,0.0,0.0,0.0,0.0,0.0,0.0,0.0,0.0,1.0,0.0,0.0,0.0,0.0,1.0,1.0,1.0,1.0,0.0,0.0,1.0,0.0
3.8000000000000003,0.26666666666666666,0.0,0.0,0.0,0.0,0.0,0.0,2.0,0.0,0.0,0.0,0.0,0.0,0.0,0.0,0.0,0.0,0.0,1.0,0.0,0.0,0.0,0.0,1.0,1.0,1.0,1.0,0.0,0.0,1.0,0.0
3.81,0.26666666666666666,0.0,0.0,0.0,0.0,0.0,0.0,2.0,0.0,0.0,0.0,0.0,0.0,0.0,0.0,0.0,0.0,0.0,1.0,0.0,0.0,0.0,0.0,1.0,1.0,1.0,1.0,0.0,0.0,1.0,0.0
3.8200000000000003,0.3,0.0,0.0,0.0,0.0,0.0,0.0,2.0,0.0,0.0,0.0,0.0,0.0,1.0,0.0,0.0,0.0,0.0,1.0,0.0,0.0,0.0,0.0,1.0,1.0,1.0,1.0,0.0,0.0,1.0,0.0
3.83,0.26666666666666666,0.0,0.0,0.0,0.0,0.0,0.0,1.0,0.0,0.0,0.0,0.0,0.0,1.0,0.0,0.0,0.0,0.0,1.0,0.0,0.0,0.0,0.0,1.0,1.0,1.0,1.0,0.0,0.0,1.0,0.0
3.84,0.3333333333333333,0.0,1.0,0.0,0.0,0.0,0.0,1.0,0.0,0.0,0.0,0.0,0.0,1.0,0.0,0.0,0.0,0.0,1.0,0.0,0.0,0.0,0.0,1.0,1.0,1.0,2.0,0.0,0.0,1.0,0.0
3.85,0.36666666666666664,0.0,1.0,0.0,0.0,0.0,0.0,1.0,1.0,0.0,0.0,0.0,0.0,1.0,0.0,0.0,0.0,0.0,1.0,0.0,0.0,0.0,0.0,1.0,1.0,1.0,2.0,0.0,0.0,1.0,0.0
3.86,0.4,0.0,1.0,0.0,0.0,0.0,0.0,1.0,1.0,0.0,0.0,0.0,0.0,1.0,0.0,0.0,0.0,0.0,1.0,0.0,1.0,0.0,0.0,1.0,1.0,1.0,2.0,0.0,0.0,1.0,0.0
3.87,0.36666666666666664,0.0,1.0,0.0,0.0,0.0,0.0,1.0,1.0,0.0,0.0,0.0,0.0,1.0,0.0,0.0,0.0,0.0,1.0,0.0,1.0,0.0,0.0,1.0,1.0,1.0,2.0,0.0,0.0,0.0,0.0
3.88,0.4,0.0,1.0,0.0,0.0,0.0,0.0,1.0,1.0,0.0,0.0,0.0,0.0,1.0,0.0,0.0,0.0,0.0,1.0,0.0,1.0,0.0,0.0,1.0,1.0,1.0,2.0,1.0,0.0,0.0,0.0
3.89,0.36666666666666664,0.0,1.0,0.0,0.0,0.0,0.0,1.0,1.0,0.0,0.0,0.0,0.0,0.0,0.0,0.0,0.0,0.0,1.0,0.0,1.0,0.0,0.0,1.0,1.0,1.0,2.0,1.0,0.0,0.0,0.0
3.9,0.3333333333333333,0.0,1.0,0.0,0.0,0.0,0.0,1.0,1.0,0.0,0.0,0.0,0.0,0.0,0.0,0.0,0.0,0.0,1.0,0.0,1.0,0.0,0.0,1.0,1.0,1.0,1.0,1.0,0.0,0.0,0.0
3.91,0.36666666666666664,0.0,1.0,0.0,0.0,0.0,0.0,2.0,1.0,0.0,0.0,0.0,0.0,0.0,0.0,0.0,0.0,0.0,1.0,0.0,1.0,0.0,0.0,1.0,1.0,1.0,1.0,1.0,0.0,0.0,0.0
3.92,0.36666666666666664,0.0,1.0,0.0,0.0,0.0,0.0,2.0,1.0,0.0,0.0,0.0,0.0,0.0,0.0,0.0,0.0,0.0,1.0,0.0,2.0,0.0,0.0,1.0,1.0,0.0,1.0,1.0,0.0,0.0,0.0
3.93,0.36666666666666664,0.0,1.0,0.0,0.0,0.0,0.0,2.0,1.0,0.0,0.0,0.0,0.0,0.0,0.0,0.0,0.0,0.0,1.0,0.0,2.0,0.0,0.0,1.0,1.0,0.0,1.0,1.0,0.0,0.0,0.0
3.94,0.36666666666666664,0.0,1.0,0.0,0.0,0.0,0.0,2.0,1.0,0.0,0.0,0.0,0.0,0.0,0.0,0.0,0.0,0.0,1.0,0.0,2.0,0.0,0.0,1.0,1.0,0.0,1.0,1.0,0.0,0.0,0.0
3.95,0.36666666666666664,0.0,1.0,0.0,0.0,0.0,0.0,2.0,1.0,0.0,0.0,0.0,0.0,0.0,0.0,0.0,0.0,0.0,1.0,0.0,2.0,0.0,0.0,1.0,1.0,0.0,1.0,1.0,0.0,0.0,0.0
3.96,0.36666666666666664,0.0,1.0,0.0,0.0,0.0,0.0,2.0,1.0,0.0,0.0,0.0,0.0,0.0,0.0,0.0,0.0,0.0,1.0,0.0,2.0,0.0,0.0,1.0,1.0,0.0,1.0,1.0,0.0,0.0,0.0
3.97,0.36666666666666664,0.0,1.0,0.0,0.0,0.0,0.0,2.0,1.0,0.0,0.0,0.0,0.0,0.0,0.0,0.0,0.0,0.0,1.0,0.0,2.0,0.0,0.0,1.0,1.0,0.0,1.0,1.0,0.0,0.0,0.0
3.98,0.3333333333333333,0.0,1.0,0.0,0.0,1.0,0.0,2.0,1.0,0.0,0.0,0.0,0.0,0.0,0.0,0.0,0.0,0.0,0.0,0.0,2.0,0.0,0.0,0.0,1.0,0.0,1.0,1.0,0.0,0.0,0.0
3.99,0.3,0.0,1.0,0.0,0.0,1.0,0.0,2.0,1.0,0.0,0.0,0.0,0.0,0.0,0.0,0.0,0.0,0.0,0.0,0.0,2.0,0.0,0.0,0.0,1.0,0.0,1.0,0.0,0.0,0.0,0.0
4.0,0.3,0.0,1.0,0.0,0.0,1.0,0.0,2.0,1.0,0.0,0.0,0.0,0.0,0.0,0.0,0.0,0.0,0.0,0.0,0.0,2.0,0.0,0.0,0.0,1.0,0.0,1.0,0.0,0.0,0.0,0.0
4.01,0.3,0.0,1.0,0.0,0.0,1.0,0.0,2.0,1.0,0.0,0.0,0.0,0.0,0.0,0.0,0.0,0.0,0.0,0.0,0.0,2.0,0.0,0.0,0.0,1.0,0.0,1.0,0.0,0.0,0.0,0.0
4.0200000000000005,0.3,0.0,1.0,0.0,0.0,1.0,0.0,2.0,1.0,0.0,0.0,0.0,0.0,0.0,0.0,0.0,0.0,0.0,0.0,0.0,2.0,0.0,0.0,0.0,1.0,0.0,1.0,0.0,0.0,0.0,0.0
4.03,0.3333333333333333,0.0,1.0,0.0,0.0,1.0,0.0,2.0,1.0,0.0,0.0,0.0,0.0,0.0,0.0,0.0,0.0,0.0,0.0,0.0,2.0,0.0,0.0,1.0,1.0,0.0,1.0,0.0,0.0,0.0,0.0
4.04,0.3333333333333333,0.0,1.0,0.0,0.0,1.0,0.0,2.0,1.0,0.0,0.0,0.0,0.0,0.0,0.0,0.0,0.0,0.0,0.0,0.0,2.0,0.0,0.0,1.0,1.0,0.0,1.0,0.0,0.0,0.0,0.0
4.05,0.3333333333333333,0.0,1.0,0.0,0.0,1.0,0.0,2.0,1.0,0.0,0.0,0.0,0.0,0.0,0.0,0.0,0.0,0.0,0.0,0.0,2.0,0.0,0.0,1.0,1.0,0.0,1.0,0.0,0.0,0.0,0.0
4.0600000000000005,0.3333333333333333,0.0,1.0,0.0,0.0,1.0,0.0,2.0,1.0,0.0,0.0,0.0,0.0,0.0,0.0,0.0,0.0,0.0,0.0,0.0,2.0,0.0,0.0,1.0,1.0,0.0,1.0,0.0,0.0,0.0,0.0
4.07,0.3333333333333333,0.0,1.0,0.0,0.0,1.0,0.0,2.0,1.0,0.0,0.0,0.0,0.0,0.0,0.0,0.0,0.0,0.0,0.0,0.0,2.0,0.0,0.0,1.0,1.0,0.0,1.0,0.0,0.0,0.0,0.0
4.08,0.3333333333333333,0.0,1.0,0.0,0.0,1.0,0.0,2.0,1.0,0.0,0.0,0.0,0.0,0.0,0.0,0.0,0.0,0.0,0.0,0.0,2.0,0.0,0.0,1.0,1.0,0.0,1.0,0.0,0.0,0.0,0.0
4.09,0.3333333333333333,0.0,1.0,0.0,0.0,1.0,0.0,2.0,1.0,0.0,0.0,0.0,0.0,0.0,0.0,0.0,0.0,0.0,0.0,0.0,2.0,0.0,0.0,1.0,1.0,0.0,1.0,0.0,0.0,0.0,0.0
4.1,0.4,0.0,1.0,0.0,0.0,1.0,0.0,2.0,3.0,0.0,0.0,0.0,0.0,0.0,0.0,0.0,0.0,0.0,0.0,0.0,2.0,0.0,0.0,1.0,1.0,0.0,1.0,0.0,0.0,0.0,0.0
4.11,0.36666666666666664,0.0,1.0,0.0,0.0,1.0,0.0,2.0,3.0,0.0,0.0,0.0,0.0,0.0,0.0,0.0,0.0,0.0,0.0,0.0,1.0,0.0,0.0,1.0,1.0,0.0,1.0,0.0,0.0,0.0,0.0
4.12,0.3333333333333333,0.0,1.0,0.0,0.0,1.0,0.0,2.0,2.0,0.0,0.0,0.0,0.0,0.0,0.0,0.0,0.0,0.0,0.0,0.0,1.0,0.0,0.0,1.0,1.0,0.0,1.0,0.0,0.0,0.0,0.0
4.13,0.3333333333333333,0.0,1.0,0.0,0.0,1.0,0.0,2.0,2.0,0.0,0.0,0.0,0.0,0.0,0.0,0.0,0.0,0.0,0.0,0.0,1.0,0.0,0.0,1.0,1.0,0.0,1.0,0.0,0.0,0.0,0.0
4.14,0.26666666666666666,0.0,1.0,0.0,0.0,1.0,0.0,2.0,2.0,0.0,0.0,0.0,0.0,0.0,0.0,0.0,0.0,0.0,0.0,0.0,0.0,0.0,0.0,1.0,0.0,0.0,1.0,0.0,0.0,0.0,0.0
4.15,0.23333333333333334,0.0,0.0,0.0,0.0,1.0,0.0,2.0,2.0,0.0,0.0,0.0,0.0,0.0,0.0,0.0,0.0,0.0,0.0,0.0,0.0,0.0,0.0,1.0,0.0,0.0,1.0,0.0,0.0,0.0,0.0
4.16,0.23333333333333334,0.0,0.0,0.0,0.0,1.0,0.0,2.0,2.0,0.0,0.0,0.0,0.0,0.0,0.0,0.0,0.0,0.0,0.0,1.0,0.0,0.0,0.0,1.0,0.0,0.0,0.0,0.0,0.0,0.0,0.0
4.17,0.2,0.0,0.0,0.0,0.0,1.0,0.0,1.0,2.0,0.0,0.0,0.0,0.0,0.0,0.0,0.0,0.0,0.0,0.0,1.0,0.0,0.0,0.0,1.0,0.0,0.0,0.0,0.0,0.0,0.0,0.0
4.18,0.26666666666666666,0.0,0.0,0.0,1.0,1.0,0.0,1.0,2.0,0.0,0.0,0.0,0.0,0.0,0.0,0.0,0.0,0.0,0.0,1.0,0.0,0.0,0.0,1.0,0.0,0.0,0.0,0.0,1.0,0.0,0.0
4.19,0.26666666666666666,0.0,0.0,0.0,1.0,1.0,0.0,1.0,2.0,0.0,0.0,0.0,0.0,0.0,0.0,0.0,0.0,0.0,0.0,1.0,0.0,0.0,0.0,1.0,0.0,0.0,0.0,0.0,1.0,0.0,0.0
4.2,0.26666666666666666,0.0,0.0,0.0,1.0,1.0,0.0,1.0,2.0,0.0,0.0,0.0,0.0,0.0,0.0,0.0,0.0,0.0,0.0,1.0,0.0,0.0,0.0,1.0,0.0,0.0,0.0,0.0,1.0,0.0,0.0
4.21,0.23333333333333334,0.0,0.0,0.0,1.0,0.0,0.0,1.0,2.0,0.0,0.0,0.0,0.0,0.0,0.0,0.0,0.0,0.0,0.0,1.0,0.0,0.0,0.0,1.0,0.0,0.0,0.0,0.0,1.0,0.0,0.0
4.22,0.26666666666666666,0.0,0.0,0.0,1.0,0.0,0.0,1.0,2.0,0.0,0.0,0.0,0.0,0.0,0.0,0.0,0.0,0.0,0.0,1.0,0.0,1.0,0.0,1.0,0.0,0.0,0.0,0.0,1.0,0.0,0.0
4.23,0.3,0.0,0.0,0.0,1.0,1.0,0.0,1.0,2.0,0.0,0.0,0.0,0.0,0.0,0.0,0.0,0.0,0.0,0.0,1.0,0.0,1.0,0.0,1.0,0.0,0.0,0.0,0.0,1.0,0.0,0.0
4.24,0.3333333333333333,0.0,0.0,0.0,1.0,1.0,0.0,1.0,2.0,0.0,1.0,0.0,0.0,0.0,0.0,0.0,0.0,0.0,0.0,1.0,0.0,1.0,0.0,1.0,0.0,0.0,0.0,0.0,1.0,0.0,0.0
4.25,0.36666666666666664,0.0,0.0,0.0,1.0,1.0,0.0,1.0,2.0,0.0,1.0,0.0,0.0,0.0,0.0,0.0,0.0,0.0,0.0,1.0,0.0,1.0,0.0,1.0,0.0,0.0,0.0,0.0,1.0,1.0,0.0
4.26,0.4,0.0,0.0,0.0,1.0,1.0,0.0,1.0,2.0,0.0,1.0,0.0,0.0,0.0,0.0,0.0,1.0,0.0,0.0,1.0,0.0,1.0,0.0,1.0,0.0,0.0,0.0,0.0,1.0,1.0,0.0
4.2700000000000005,0.4,0.0,0.0,0.0,1.0,1.0,0.0,1.0,2.0,0.0,1.0,0.0,0.0,0.0,0.0,0.0,1.0,0.0,0.0,1.0,0.0,1.0,0.0,1.0,0.0,0.0,0.0,0.0,1.0,1.0,0.0
4.28,0.43333333333333335,0.0,0.0,0.0,1.0,1.0,0.0,0.0,3.0,0.0,2.0,0.0,0.0,0.0,0.0,0.0,1.0,0.0,0.0,1.0,0.0,1.0,0.0,1.0,0.0,0.0,0.0,0.0,1.0,1.0,0.0
4.29,0.43333333333333335,0.0,0.0,0.0,1.0,1.0,0.0,0.0,3.0,0.0,2.0,0.0,0.0,0.0,0.0,0.0,1.0,0.0,0.0,1.0,0.0,1.0,0.0,1.0,0.0,0.0,0.0,0.0,1.0,1.0,0.0
4.3,0.4666666666666667,0.0,0.0,0.0,1.0,1.0,0.0,0.0,3.0,0.0,2.0,0.0,0.0,0.0,0.0,0.0,2.0,0.0,0.0,1.0,0.0,1.0,0.0,1.0,0.0,0.0,0.0,0.0,1.0,1.0,0.0
4.3100000000000005,0.4666666666666667,0.0,0.0,0.0,1.0,1.0,0.0,0.0,3.0,0.0,2.0,0.0,0.0,0.0,0.0,0.0,2.0,0.0,0.0,1.0,0.0,1.0,0.0,1.0,0.0,0.0,0.0,0.0,1.0,1.0,0.0
4.32,0.4666666666666667,0.0,0.0,0.0,1.0,1.0,0.0,0.0,3.0,0.0,2.0,0.0,0.0,0.0,0.0,0.0,2.0,0.0,0.0,1.0,0.0,1.0,0.0,1.0,0.0,0.0,0.0,0.0,1.0,1.0,0.0
4.33,0.5,0.0,0.0,0.0,1.0,1.0,0.0,0.0,3.0,0.0,2.0,0.0,1.0,0.0,0.0,0.0,2.0,0.0,0.0,1.0,0.0,1.0,0.0,1.0,0.0,0.0,0.0,0.0,1.0,1.0,0.0
4.34,0.5,0.0,0.0,0.0,1.0,1.0,0.0,0.0,3.0,0.0,2.0,0.0,1.0,0.0,0.0,0.0,2.0,0.0,0.0,1.0,0.0,1.0,0.0,1.0,0.0,0.0,0.0,0.0,1.0,1.0,0.0
4.3500000000000005,0.5,0.0,0.0,0.0,1.0,1.0,0.0,0.0,3.0,0.0,2.0,0.0,1.0,1.0,0.0,0.0,2.0,0.0,0.0,1.0,0.0,1.0,0.0,0.0,0.0,0.0,0.0,0.0,1.0,1.0,0.0
4.36,0.4666666666666667,0.0,0.0,0.0,1.0,1.0,0.0,0.0,3.0,0.0,2.0,0.0,1.0,1.0,0.0,0.0,2.0,0.0,0.0,0.0,0.0,1.0,0.0,0.0,0.0,0.0,0.0,0.0,1.0,1.0,0.0
4.37,0.5,0.0,0.0,0.0,1.0,1.0,0.0,0.0,3.0,0.0,2.0,0.0,1.0,1.0,0.0,0.0,2.0,0.0,0.0,0.0,0.0,1.0,0.0,0.0,1.0,0.0,0.0,0.0,1.0,1.0,0.0
4.38,0.4666666666666667,0.0,0.0,0.0,1.0,1.0,0.0,0.0,2.0,0.0,2.0,0.0,1.0,1.0,0.0,0.0,2.0,0.0,0.0,0.0,0.0,1.0,0.0,0.0,1.0,0.0,0.0,0.0,1.0,1.0,0.0
4.39,0.5,0.0,0.0,0.0,1.0,1.0,0.0,0.0,2.0,0.0,2.0,0.0,1.0,1.0,0.0,0.0,2.0,0.0,0.0,0.0,0.0,1.0,0.0,0.0,2.0,0.0,0.0,0.0,1.0,1.0,0.0
4.4,0.5,0.0,0.0,0.0,1.0,1.0,0.0,0.0,2.0,0.0,2.0,0.0,1.0,1.0,0.0,0.0,2.0,0.0,0.0,0.0,0.0,1.0,0.0,0.0,2.0,0.0,0.0,0.0,1.0,1.0,0.0
4.41,0.4666666666666667,0.0,0.0,0.0,1.0,1.0,0.0,0.0,2.0,0.0,2.0,0.0,1.0,1.0,0.0,0.0,2.0,0.0,0.0,0.0,0.0,0.0,0.0,0.0,2.0,0.0,0.0,0.0,1.0,1.0,0.0
4.42,0.4666666666666667,0.0,0.0,0.0,1.0,1.0,0.0,0.0,2.0,0.0,2.0,0.0,1.0,1.0,0.0,0.0,2.0,0.0,0.0,0.0,0.0,0.0,0.0,0.0,2.0,0.0,0.0,0.0,1.0,1.0,0.0
4.43,0.4666666666666667,0.0,0.0,0.0,1.0,1.0,0.0,0.0,2.0,0.0,2.0,0.0,1.0,1.0,0.0,0.0,2.0,0.0,0.0,0.0,0.0,0.0,0.0,0.0,2.0,0.0,0.0,0.0,1.0,1.0,0.0
4.44,0.43333333333333335,0.0,0.0,0.0,1.0,1.0,0.0,0.0,2.0,0.0,2.0,0.0,1.0,1.0,0.0,0.0,1.0,0.0,0.0,0.0,0.0,0.0,0.0,0.0,2.0,0.0,0.0,0.0,1.0,1.0,0.0
4.45,0.5,0.0,0.0,0.0,1.0,1.0,0.0,0.0,2.0,0.0,2.0,0.0,1.0,1.0,1.0,0.0,1.0,0.0,0.0,0.0,0.0,0.0,0.0,0.0,2.0,0.0,0.0,0.0,1.0,1.0,1.0
4.46,0.5333333333333333,0.0,0.0,0.0,1.0,1.0,0.0,1.0,2.0,0.0,2.0,0.0,1.0,1.0,1.0,0.0,1.0,0.0,0.0,0.0,0.0,0.0,0.0,0.0,2.0,0.0,0.0,0.0,1.0,1.0,1.0
4.47,0.6,0.0,0.0,0.0,1.0,1.0,0.0,1.0,2.0,0.0,1.0,0.0,2.0,2.0,1.0,0.0,1.0,0.0,0.0,0.0,0.0,1.0,0.0,0.0,2.0,0.0,0.0,0.0,1.0,1.0,1.0
4.48,0.6,0.0,0.0,0.0,1.0,1.0,0.0,1.0,2.0,0.0,1.0,0.0,2.0,2.0,1.0,0.0,1.0,0.0,0.0,0.0,0.0,1.0,0.0,0.0,2.0,0.0,0.0,0.0,1.0,1.0,1.0
4.49,0.6333333333333333,0.0,0.0,0.0,2.0,1.0,0.0,1.0,2.0,0.0,1.0,0.0,2.0,2.0,1.0,0.0,1.0,0.0,0.0,0.0,0.0,1.0,0.0,0.0,2.0,0.0,0.0,0.0,1.0,1.0,1.0
4.5,0.7,0.0,0.0,0.0,2.0,1.0,0.0,1.0,2.0,1.0,1.0,0.0,2.0,2.0,1.0,0.0,1.0,0.0,0.0,1.0,0.0,1.0,0.0,0.0,2.0,0.0,0.0,0.0,1.0,1.0,1.0
4.51,0.7,0.0,0.0,0.0,2.0,1.0,0.0,1.0,2.0,1.0,1.0,0.0,2.0,2.0,1.0,0.0,1.0,0.0,0.0,1.0,0.0,1.0,0.0,0.0,2.0,0.0,0.0,0.0,1.0,1.0,1.0
4.5200000000000005,0.6333333333333333,0.0,0.0,0.0,1.0,1.0,0.0,1.0,2.0,1.0,1.0,0.0,2.0,2.0,0.0,0.0,1.0,0.0,0.0,1.0,0.0,1.0,0.0,0.0,2.0,0.0,0.0,0.0,1.0,1.0,1.0
4.53,0.6333333333333333,0.0,0.0,0.0,1.0,1.0,0.0,1.0,2.0,1.0,1.0,0.0,2.0,2.0,0.0,0.0,1.0,0.0,0.0,1.0,0.0,1.0,0.0,0.0,2.0,0.0,0.0,0.0,1.0,1.0,1.0
4.54,0.6333333333333333,0.0,0.0,0.0,1.0,1.0,0.0,1.0,2.0,1.0,1.0,0.0,2.0,2.0,0.0,0.0,1.0,0.0,0.0,1.0,0.0,1.0,0.0,0.0,2.0,0.0,0.0,0.0,1.0,1.0,1.0
4.55,0.5333333333333333,0.0,0.0,0.0,1.0,0.0,0.0,1.0,1.0,1.0,1.0,0.0,2.0,2.0,0.0,0.0,1.0,0.0,0.0,1.0,0.0,1.0,0.0,0.0,1.0,0.0,0.0,0.0,1.0,1.0,1.0
4.5600000000000005,0.5,0.0,1.0,0.0,1.0,0.0,0.0,1.0,1.0,1.0,0.0,0.0,2.0,2.0,0.0,0.0,1.0,0.0,0.0,1.0,0.0,1.0,0.0,0.0,1.0,0.0,0.0,0.0,0.0,1.0,1.0
4.57,0.5333333333333333,0.0,1.0,0.0,2.0,0.0,0.0,1.0,1.0,1.0,0.0,0.0,2.0,2.0,0.0,0.0,1.0,0.0,0.0,1.0,0.0,1.0,0.0,0.0,1.0,0.0,0.0,0.0,0.0,1.0,1.0
4.58,0.5,0.0,1.0,0.0,2.0,0.0,0.0,1.0,1.0,1.0,0.0,0.0,2.0,2.0,0.0,0.0,1.0,0.0,0.0,1.0,0.0,0.0,0.0,0.0,1.0,0.0,0.0,0.0,0.0,1.0,1.0
4.59,0.5666666666666667,0.0,1.0,0.0,2.0,0.0,0.0,1.0,1.0,1.0,0.0,0.0,2.0,2.0,0.0,0.0,1.0,0.0,1.0,1.0,0.0,0.0,0.0,0.0,2.0,0.0,0.0,0.0,0.0,1.0,1.0
4.6000000000000005,0.6333333333333333,0.0,1.0,0.0,3.0,0.0,0.0,2.0,1.0,1.0,0.0,0.0,2.0,2.0,0.0,0.0,1.0,0.0,1.0,1.0,0.0,0.0,0.0,0.0,2.0,0.0,0.0,0.0,0.0,1.0,1.0
4.61,0.6666666666666666,0.0,1.0,0.0,3.0,0.0,0.0,2.0,1.0,1.0,0.0,0.0,2.0,2.0,0.0,0.0,1.0,0.0,1.0,1.0,0.0,0.0,0.0,0.0,2.0,0.0,0.0,0.0,0.0,1.0,2.0
4.62,0.6333333333333333,0.0,1.0,0.0,3.0,0.0,0.0,2.0,1.0,1.0,0.0,0.0,2.0,2.0,0.0,0.0,0.0,0.0,1.0,1.0,0.0,0.0,0.0,0.0,2.0,0.0,0.0,0.0,0.0,1.0,2.0
4.63,0.6666666666666666,0.0,1.0,0.0,3.0,1.0,0.0,2.0,1.0,1.0,0.0,0.0,2.0,2.0,0.0,0.0,0.0,0.0,1.0,1.0,0.0,0.0,0.0,0.0,2.0,0.0,0.0,0.0,0.0,1.0,2.0
4.64,0.6666666666666666,0.0,1.0,0.0,3.0,1.0,0.0,2.0,1.0,1.0,0.0,0.0,2.0,2.0,0.0,0.0,0.0,0.0,1.0,1.0,0.0,0.0,0.0,0.0,2.0,0.0,0.0,0.0,0.0,1.0,2.0
4.65,0.6,0.0,1.0,0.0,3.0,1.0,0.0,2.0,0.0,1.0,0.0,0.0,1.0,2.0,0.0,0.0,0.0,0.0,1.0,1.0,0.0,0.0,0.0,0.0,2.0,0.0,0.0,0.0,0.0,1.0,2.0
4.66,0.6,0.0,1.0,0.0,3.0,1.0,0.0,2.0,0.0,1.0,0.0,0.0,1.0,2.0,0.0,0.0,0.0,0.0,1.0,1.0,0.0,0.0,0.0,0.0,2.0,0.0,0.0,0.0,0.0,1.0,2.0
4.67,0.5666666666666667,0.0,1.0,0.0,3.0,1.0,0.0,1.0,0.0,1.0,0.0,0.0,1.0,2.0,0.0,0.0,0.0,0.0,1.0,1.0,0.0,0.0,0.0,0.0,2.0,0.0,0.0,0.0,0.0,1.0,2.0
4.68,0.5,0.0,1.0,0.0,3.0,1.0,0.0,1.0,0.0,1.0,0.0,0.0,1.0,1.0,0.0,0.0,0.0,0.0,1.0,1.0,0.0,0.0,0.0,0.0,2.0,0.0,0.0,0.0,0.0,0.0,2.0
4.69,0.5,0.0,1.0,0.0,3.0,1.0,0.0,1.0,0.0,1.0,0.0,0.0,1.0,1.0,0.0,0.0,0.0,0.0,1.0,1.0,0.0,0.0,0.0,0.0,2.0,0.0,0.0,0.0,0.0,0.0,2.0
4.7,0.5333333333333333,0.0,1.0,0.0,3.0,1.0,0.0,1.0,0.0,1.0,0.0,0.0,1.0,1.0,0.0,0.0,0.0,0.0,1.0,2.0,0.0,0.0,0.0,0.0,2.0,0.0,0.0,0.0,0.0,0.0,2.0
4.71,0.5,0.0,0.0,0.0,3.0,1.0,0.0,1.0,0.0,1.0,0.0,0.0,1.0,1.0,0.0,0.0,0.0,0.0,1.0,2.0,0.0,0.0,0.0,0.0,2.0,0.0,0.0,0.0,0.0,0.0,2.0
4.72,0.4666666666666667,0.0,0.0,0.0,3.0,1.0,0.0,0.0,0.0,1.0,0.0,0.0,0.0,1.0,0.0,0.0,0.0,0.0,1.0,2.0,0.0,0.0,1.0,0.0,2.0,0.0,0.0,0.0,0.0,0.0,2.0
4.73,0.4666666666666667,0.0,0.0,0.0,3.0,1.0,0.0,0.0,0.0,1.0,0.0,0.0,0.0,1.0,0.0,0.0,0.0,0.0,1.0,1.0,1.0,0.0,1.0,0.0,2.0,0.0,0.0,0.0,0.0,0.0,2.0
4.74,0.5,0.0,0.0,0.0,3.0,1.0,0.0,0.0,0.0,1.0,0.0,1.0,0.0,1.0,0.0,0.0,0.0,0.0,1.0,1.0,1.0,0.0,1.0,0.0,2.0,0.0,0.0,0.0,0.0,0.0,2.0
4.75,0.4666666666666667,0.0,0.0,0.0,3.0,0.0,0.0,0.0,0.0,1.0,0.0,1.0,0.0,1.0,0.0,0.0,0.0,0.0,1.0,1.0,1.0,0.0,1.0,0.0,2.0,0.0,0.0,0.0,0.0,0.0,2.0
4.76,0.4666666666666667,0.0,0.0,0.0,3.0,0.0,0.0,0.0,0.0,1.0,0.0,2.0,0.0,1.0,0.0,0.0,0.0,0.0,1.0,1.0,1.0,0.0,1.0,0.0,1.0,0.0,0.0,0.0,0.0,0.0,2.0
4.7700000000000005,0.5333333333333333,0.0,0.0,0.0,3.0,0.0,0.0,0.0,0.0,1.0,0.0,2.0,0.0,1.0,0.0,0.0,0.0,0.0,1.0,1.0,1.0,1.0,1.0,0.0,1.0,0.0,0.0,0.0,0.0,0.0,3.0
4.78,0.6,0.0,0.0,1.0,3.0,0.0,0.0,0.0,0.0,1.0,0.0,2.0,0.0,1.0,0.0,0.0,0.0,0.0,1.0,1.0,1.0,1.0,2.0,0.0,1.0,0.0,0.0,0.0,0.0,0.0,3.0
4.79,0.6666666666666666,0.0,0.0,1.0,3.0,0.0,1.0,0.0,0.0,1.0,0.0,2.0,0.0,1.0,1.0,0.0,0.0,0.0,1.0,1.0,1.0,1.0,2.0,0.0,1.0,0.0,0.0,0.0,0.0,0.0,3.0
4.8,0.6333333333333333,0.0,0.0,1.0,3.0,0.0,1.0,0.0,0.0,0.0,1.0,1.0,0.0,1.0,1.0,0.0,0.0,0.0,1.0,1.0,1.0,1.0,2.0,0.0,1.0,0.0,0.0,0.0,0.0,0.0,3.0
4.8100000000000005,0.8,0.0,0.0,2.0,4.0,0.0,1.0,0.0,0.0,0.0,1.0,1.0,0.0,1.0,1.0,0.0,0.0,0.0,1.0,1.0,1.0,1.0,3.0,0.0,2.0,1.0,0.0,0.0,0.0,0.0,3.0
4.82,0.8,0.0,0.0,2.0,4.0,0.0,1.0,0.0,0.0,0.0,1.0,1.0,0.0,1.0,1.0,0.0,0.0,0.0,1.0,1.0,1.0,1.0,3.0,0.0,2.0,1.0,0.0,0.0,0.0,0.0,3.0
4.83,0.7666666666666667,0.0,0.0,2.0,3.0,0.0,1.0,0.0,0.0,0.0,1.0,1.0,0.0,1.0,1.0,0.0,0.0,0.0,1.0,1.0,1.0,1.0,3.0,0.0,2.0,1.0,0.0,0.0,0.0,0.0,3.0
4.84,0.7,0.0,0.0,2.0,2.0,0.0,0.0,0.0,0.0,0.0,1.0,1.0,0.0,1.0,1.0,0.0,0.0,0.0,1.0,1.0,0.0,1.0,3.0,0.0,2.0,1.0,1.0,0.0,0.0,0.0,3.0
4.8500000000000005,0.7333333333333333,0.0,1.0,2.0,2.0,0.0,0.0,0.0,0.0,0.0,1.0,1.0,0.0,1.0,1.0,0.0,0.0,0.0,1.0,1.0,0.0,1.0,4.0,0.0,2.0,1.0,1.0,0.0,0.0,0.0,2.0
4.86,0.8,0.0,1.0,2.0,2.0,0.0,0.0,1.0,0.0,0.0,1.0,1.0,0.0,1.0,1.0,0.0,0.0,1.0,1.0,1.0,0.0,1.0,4.0,0.0,2.0,1.0,1.0,0.0,0.0,0.0,2.0
4.87,0.8666666666666667,0.0,2.0,3.0,2.0,0.0,0.0,1.0,0.0,0.0,1.0,1.0,0.0,1.0,1.0,0.0,0.0,1.0,1.0,1.0,0.0,1.0,4.0,0.0,2.0,1.0,1.0,0.0,0.0,0.0,2.0
4.88,0.8666666666666667,0.0,2.0,3.0,2.0,0.0,0.0,1.0,0.0,0.0,1.0,1.0,0.0,1.0,1.0,0.0,0.0,1.0,1.0,1.0,0.0,1.0,4.0,0.0,2.0,1.0,1.0,0.0,0.0,0.0,2.0
4.89,0.8666666666666667,0.0,2.0,2.0,2.0,0.0,0.0,0.0,0.0,0.0,1.0,1.0,0.0,1.0,1.0,0.0,0.0,2.0,1.0,1.0,0.0,1.0,4.0,0.0,2.0,1.0,2.0,0.0,0.0,0.0,2.0
4.9,0.9333333333333333,0.0,2.0,2.0,2.0,0.0,1.0,0.0,0.0,0.0,1.0,1.0,0.0,1.0,1.0,0.0,0.0,2.0,1.0,2.0,0.0,1.0,4.0,0.0,2.0,1.0,2.0,0.0,0.0,0.0,2.0
4.91,0.9333333333333333,0.0,2.0,2.0,2.0,0.0,1.0,0.0,0.0,0.0,1.0,1.0,0.0,1.0,1.0,0.0,0.0,2.0,1.0,2.0,0.0,1.0,4.0,0.0,2.0,1.0,2.0,0.0,0.0,0.0,2.0
4.92,0.8,0.0,2.0,2.0,1.0,0.0,1.0,0.0,0.0,0.0,1.0,0.0,0.0,1.0,1.0,0.0,0.0,2.0,1.0,2.0,0.0,1.0,4.0,0.0,1.0,1.0,2.0,0.0,0.0,0.0,1.0
4.93,0.8333333333333334,0.0,2.0,2.0,1.0,0.0,1.0,0.0,0.0,0.0,1.0,0.0,0.0,1.0,1.0,0.0,0.0,2.0,1.0,2.0,0.0,1.0,4.0,0.0,1.0,1.0,2.0,1.0,0.0,0.0,1.0
4.94,0.8333333333333334,0.0,2.0,2.0,1.0,0.0,1.0,0.0,0.0,0.0,1.0,0.0,0.0,1.0,1.0,0.0,0.0,2.0,1.0,2.0,0.0,1.0,4.0,0.0,1.0,1.0,2.0,1.0,0.0,0.0,1.0
4.95,0.8333333333333334,0.0,2.0,2.0,1.0,0.0,1.0,1.0,0.0,0.0,1.0,0.0,0.0,1.0,1.0,0.0,0.0,2.0,1.0,2.0,0.0,1.0,4.0,0.0,0.0,1.0,2.0,1.0,0.0,0.0,1.0
4.96,0.8666666666666667,0.0,2.0,2.0,1.0,0.0,1.0,2.0,0.0,0.0,1.0,0.0,0.0,1.0,0.0,0.0,0.0,2.0,1.0,2.0,1.0,0.0,4.0,1.0,0.0,1.0,2.0,1.0,0.0,0.0,1.0
4.97,0.9,0.0,2.0,2.0,1.0,0.0,1.0,2.0,0.0,0.0,1.0,0.0,0.0,1.0,0.0,0.0,1.0,2.0,1.0,2.0,1.0,0.0,4.0,1.0,0.0,1.0,2.0,1.0,0.0,0.0,1.0
4.98,0.9,0.0,2.0,2.0,1.0,0.0,1.0,2.0,0.0,0.0,1.0,0.0,0.0,1.0,0.0,0.0,1.0,2.0,1.0,2.0,1.0,0.0,4.0,1.0,0.0,1.0,2.0,1.0,0.0,0.0,1.0
4.99,0.9333333333333333,0.0,2.0,2.0,1.0,0.0,1.0,2.0,0.0,0.0,1.0,0.0,1.0,1.0,0.0,0.0,1.0,2.0,0.0,2.0,1.0,0.0,4.0,2.0,0.0,1.0,2.0,1.0,0.0,0.0,1.0
5.0,0.8666666666666667,0.0,2.0,2.0,1.0,0.0,1.0,2.0,0.0,0.0,1.0,0.0,1.0,1.0,0.0,0.0,1.0,2.0,0.0,2.0,1.0,0.0,2.0,2.0,0.0,1.0,2.0,1.0,0.0,0.0,1.0
5.01,0.9666666666666667,0.0,2.0,2.0,1.0,0.0,1.0,2.0,0.0,0.0,1.0,1.0,1.0,1.0,0.0,1.0,1.0,2.0,0.0,2.0,1.0,0.0,2.0,2.0,0.0,1.0,2.0,2.0,0.0,0.0,1.0
5.0200000000000005,1.0333333333333334,0.0,2.0,2.0,1.0,0.0,1.0,2.0,0.0,0.0,1.0,1.0,1.0,1.0,1.0,1.0,1.0,2.0,0.0,2.0,1.0,0.0,2.0,2.0,0.0,1.0,2.0,2.0,0.0,1.0,1.0
5.03,1.0333333333333334,0.0,2.0,2.0,1.0,0.0,1.0,2.0,0.0,0.0,1.0,1.0,1.0,1.0,1.0,1.0,1.0,2.0,0.0,1.0,1.0,0.0,3.0,2.0,0.0,1.0,2.0,2.0,0.0,1.0,1.0
5.04,1.0666666666666667,0.0,2.0,2.0,1.0,0.0,1.0,2.0,1.0,0.0,1.0,1.0,1.0,1.0,1.0,1.0,1.0,2.0,0.0,1.0,1.0,0.0,3.0,2.0,0.0,1.0,2.0,2.0,0.0,1.0,1.0
5.05,1.0666666666666667,0.0,2.0,2.0,1.0,0.0,1.0,2.0,1.0,0.0,1.0,1.0,1.0,1.0,1.0,1.0,1.0,2.0,0.0,1.0,1.0,0.0,3.0,2.0,0.0,1.0,2.0,2.0,0.0,1.0,1.0
5.0600000000000005,1.1333333333333333,0.0,2.0,2.0,1.0,0.0,2.0,3.0,1.0,0.0,1.0,1.0,1.0,1.0,1.0,1.0,1.0,2.0,0.0,1.0,1.0,0.0,3.0,2.0,0.0,1.0,3.0,2.0,0.0,1.0,0.0
5.07,1.2,0.0,2.0,2.0,1.0,0.0,4.0,3.0,1.0,0.0,1.0,1.0,1.0,1.0,1.0,1.0,1.0,2.0,0.0,1.0,1.0,0.0,2.0,2.0,0.0,1.0,3.0,2.0,0.0,1.0,1.0
5.08,1.2666666666666666,0.0,2.0,2.0,1.0,0.0,4.0,3.0,2.0,0.0,1.0,1.0,1.0,1.0,2.0,1.0,1.0,2.0,0.0,1.0,1.0,0.0,2.0,2.0,0.0,1.0,3.0,2.0,0.0,1.0,1.0
5.09,1.3333333333333333,0.0,2.0,2.0,1.0,0.0,4.0,3.0,3.0,0.0,1.0,1.0,1.0,1.0,2.0,1.0,1.0,2.0,0.0,1.0,1.0,0.0,2.0,2.0,0.0,1.0,4.0,2.0,0.0,1.0,1.0
5.1000000000000005,1.3,0.0,2.0,2.0,1.0,0.0,4.0,3.0,3.0,0.0,0.0,1.0,1.0,1.0,1.0,1.0,1.0,2.0,0.0,1.0,2.0,0.0,2.0,2.0,0.0,1.0,4.0,2.0,0.0,1.0,1.0
5.11,1.2666666666666666,0.0,2.0,2.0,1.0,0.0,4.0,3.0,3.0,0.0,0.0,1.0,1.0,1.0,1.0,1.0,1.0,2.0,0.0,1.0,2.0,0.0,2.0,1.0,0.0,1.0,4.0,2.0,0.0,1.0,1.0
5.12,1.3,1.0,2.0,2.0,0.0,1.0,4.0,2.0,3.0,0.0,0.0,1.0,1.0,1.0,0.0,2.0,1.0,2.0,0.0,1.0,2.0,0.0,2.0,1.0,0.0,1.0,4.0,2.0,0.0,2.0,1.0
5.13,1.3,1.0,2.0,2.0,0.0,1.0,4.0,2.0,3.0,0.0,0.0,1.0,1.0,1.0,0.0,2.0,1.0,2.0,0.0,1.0,2.0,0.0,2.0,1.0,0.0,1.0,4.0,2.0,0.0,2.0,1.0
5.14,1.3,1.0,2.0,2.0,0.0,1.0,3.0,2.0,3.0,0.0,0.0,1.0,1.0,1.0,0.0,2.0,1.0,2.0,0.0,1.0,2.0,0.0,2.0,1.0,0.0,1.0,4.0,2.0,1.0,2.0,1.0
5.15,1.2666666666666666,1.0,2.0,2.0,0.0,1.0,3.0,2.0,3.0,0.0,0.0,1.0,1.0,1.0,0.0,1.0,1.0,1.0,0.0,1.0,2.0,0.0,3.0,1.0,0.0,1.0,4.0,2.0,1.0,2.0,1.0
5.16,1.2333333333333334,1.0,1.0,2.0,0.0,1.0,3.0,2.0,3.0,0.0,0.0,1.0,1.0,1.0,1.0,1.0,1.0,0.0,0.0,2.0,2.0,0.0,3.0,1.0,0.0,1.0,4.0,2.0,1.0,2.0,0.0
5.17,1.2333333333333334,1.0,1.0,2.0,0.0,1.0,3.0,2.0,3.0,0.0,0.0,1.0,1.0,1.0,1.0,1.0,1.0,0.0,0.0,2.0,2.0,0.0,3.0,1.0,0.0,1.0,4.0,2.0,1.0,2.0,0.0
5.18,1.2666666666666666,2.0,1.0,1.0,0.0,1.0,3.0,2.0,3.0,0.0,0.0,1.0,1.0,1.0,1.0,1.0,1.0,0.0,0.0,3.0,2.0,0.0,3.0,1.0,0.0,1.0,4.0,2.0,1.0,2.0,0.0
5.19,1.2,2.0,1.0,1.0,0.0,0.0,3.0,1.0,3.0,0.0,0.0,1.0,1.0,1.0,1.0,1.0,1.0,0.0,0.0,3.0,3.0,0.0,2.0,1.0,0.0,1.0,4.0,2.0,1.0,2.0,0.0
5.2,1.2666666666666666,2.0,1.0,1.0,0.0,0.0,3.0,1.0,3.0,0.0,0.0,1.0,1.0,2.0,1.0,1.0,1.0,0.0,0.0,3.0,3.0,0.0,2.0,1.0,0.0,1.0,4.0,3.0,1.0,2.0,0.0
5.21,1.3,2.0,1.0,0.0,0.0,0.0,3.0,1.0,3.0,0.0,0.0,1.0,1.0,2.0,2.0,1.0,2.0,0.0,0.0,3.0,3.0,0.0,2.0,1.0,0.0,1.0,4.0,3.0,1.0,2.0,0.0
5.22,1.4,2.0,2.0,1.0,0.0,0.0,3.0,1.0,3.0,0.0,1.0,2.0,1.0,2.0,2.0,1.0,2.0,0.0,0.0,3.0,3.0,0.0,2.0,1.0,0.0,1.0,4.0,2.0,1.0,2.0,0.0
5.23,1.4,2.0,2.0,2.0,0.0,0.0,3.0,1.0,2.0,0.0,1.0,2.0,0.0,2.0,2.0,1.0,2.0,0.0,0.0,3.0,3.0,0.0,2.0,2.0,0.0,1.0,4.0,2.0,1.0,2.0,0.0
5.24,1.4666666666666666,2.0,2.0,2.0,0.0,0.0,3.0,1.0,2.0,0.0,1.0,2.0,1.0,2.0,3.0,1.0,2.0,0.0,0.0,3.0,3.0,0.0,2.0,2.0,0.0,1.0,4.0,2.0,1.0,2.0,0.0
5.25,1.4333333333333333,2.0,2.0,2.0,0.0,0.0,3.0,1.0,2.0,0.0,1.0,2.0,1.0,2.0,3.0,1.0,2.0,0.0,1.0,2.0,3.0,0.0,2.0,2.0,0.0,1.0,4.0,1.0,1.0,2.0,0.0
5.26,1.5,2.0,2.0,2.0,0.0,0.0,3.0,1.0,2.0,0.0,1.0,2.0,2.0,2.0,3.0,1.0,2.0,0.0,2.0,2.0,3.0,0.0,2.0,2.0,1.0,1.0,3.0,1.0,1.0,2.0,0.0
5.2700000000000005,1.4666666666666666,2.0,1.0,2.0,0.0,0.0,2.0,1.0,2.0,0.0,1.0,1.0,2.0,3.0,3.0,1.0,2.0,0.0,2.0,2.0,3.0,0.0,2.0,2.0,1.0,1.0,3.0,1.0,1.0,3.0,0.0
5.28,1.4333333333333333,2.0,1.0,2.0,0.0,0.0,2.0,1.0,2.0,0.0,1.0,1.0,2.0,3.0,3.0,1.0,2.0,0.0,2.0,2.0,2.0,0.0,2.0,2.0,1.0,1.0,3.0,1.0,1.0,3.0,0.0
5.29,1.4666666666666666,2.0,1.0,2.0,0.0,0.0,2.0,1.0,2.0,0.0,1.0,1.0,2.0,3.0,3.0,1.0,2.0,0.0,2.0,3.0,2.0,0.0,2.0,2.0,1.0,1.0,3.0,1.0,1.0,3.0,0.0
5.3,1.3666666666666667,2.0,1.0,2.0,0.0,0.0,2.0,1.0,2.0,0.0,1.0,1.0,2.0,2.0,3.0,1.0,1.0,0.0,2.0,3.0,2.0,0.0,2.0,2.0,1.0,1.0,2.0,1.0,1.0,3.0,0.0
5.3100000000000005,1.3333333333333333,2.0,1.0,2.0,0.0,0.0,2.0,1.0,2.0,0.0,0.0,1.0,2.0,2.0,3.0,1.0,1.0,0.0,2.0,2.0,2.0,0.0,2.0,2.0,1.0,1.0,2.0,1.0,1.0,4.0,0.0
5.32,1.4,2.0,1.0,2.0,0.0,0.0,2.0,1.0,2.0,0.0,0.0,2.0,2.0,2.0,2.0,1.0,2.0,0.0,2.0,2.0,1.0,0.0,2.0,3.0,1.0,1.0,2.0,1.0,2.0,4.0,0.0
5.33,1.4333333333333333,2.0,1.0,2.0,0.0,0.0,2.0,1.0,1.0,0.0,0.0,2.0,2.0,3.0,2.0,1.0,2.0,0.0,2.0,2.0,1.0,1.0,2.0,3.0,1.0,1.0,2.0,1.0,2.0,4.0,0.0
5.34,1.5,2.0,1.0,3.0,1.0,0.0,2.0,1.0,1.0,0.0,0.0,1.0,2.0,3.0,2.0,1.0,2.0,0.0,2.0,2.0,1.0,2.0,2.0,3.0,1.0,1.0,2.0,1.0,2.0,4.0,0.0
5.3500000000000005,1.4333333333333333,1.0,1.0,2.0,1.0,0.0,2.0,1.0,1.0,0.0,0.0,1.0,2.0,3.0,2.0,1.0,2.0,0.0,2.0,2.0,1.0,2.0,2.0,3.0,1.0,1.0,2.0,1.0,2.0,4.0,0.0
5.36,1.4666666666666666,1.0,1.0,2.0,2.0,0.0,2.0,1.0,1.0,0.0,0.0,1.0,2.0,3.0,2.0,1.0,2.0,0.0,2.0,2.0,1.0,2.0,2.0,3.0,1.0,1.0,2.0,1.0,2.0,4.0,0.0
5.37,1.4,1.0,1.0,2.0,2.0,0.0,2.0,0.0,1.0,0.0,0.0,1.0,1.0,3.0,3.0,0.0,2.0,0.0,2.0,2.0,1.0,2.0,2.0,3.0,1.0,1.0,2.0,1.0,2.0,4.0,0.0
5.38,1.3666666666666667,0.0,1.0,2.0,2.0,0.0,2.0,0.0,1.0,0.0,0.0,1.0,1.0,4.0,3.0,0.0,2.0,0.0,2.0,2.0,1.0,2.0,2.0,2.0,1.0,1.0,2.0,1.0,2.0,4.0,0.0
5.39,1.3666666666666667,0.0,1.0,2.0,2.0,0.0,2.0,0.0,1.0,0.0,0.0,1.0,1.0,4.0,2.0,0.0,2.0,0.0,2.0,2.0,1.0,2.0,2.0,2.0,1.0,1.0,2.0,1.0,3.0,4.0,0.0
5.4,1.3666666666666667,0.0,1.0,2.0,2.0,0.0,1.0,0.0,1.0,0.0,0.0,1.0,1.0,4.0,2.0,0.0,2.0,1.0,2.0,2.0,1.0,2.0,2.0,1.0,2.0,1.0,2.0,1.0,3.0,4.0,0.0
5.41,1.5,1.0,1.0,2.0,2.0,2.0,1.0,0.0,1.0,0.0,0.0,1.0,1.0,4.0,2.0,0.0,2.0,1.0,2.0,2.0,1.0,2.0,2.0,2.0,2.0,1.0,2.0,1.0,3.0,4.0,0.0
5.42,1.6,1.0,1.0,3.0,1.0,2.0,0.0,0.0,1.0,0.0,1.0,0.0,1.0,4.0,2.0,0.0,3.0,1.0,2.0,3.0,0.0,2.0,2.0,3.0,3.0,2.0,2.0,1.0,3.0,4.0,0.0
5.43,1.6,1.0,1.0,3.0,2.0,2.0,1.0,0.0,2.0,0.0,1.0,0.0,1.0,4.0,2.0,0.0,3.0,1.0,2.0,3.0,0.0,2.0,1.0,3.0,3.0,2.0,2.0,0.0,2.0,4.0,0.0
5.44,1.7,1.0,1.0,3.0,2.0,2.0,1.0,0.0,2.0,0.0,1.0,0.0,1.0,4.0,2.0,0.0,3.0,1.0,3.0,3.0,1.0,2.0,1.0,3.0,3.0,2.0,2.0,0.0,2.0,4.0,1.0
5.45,1.7333333333333334,1.0,1.0,3.0,2.0,2.0,1.0,0.0,2.0,0.0,1.0,0.0,1.0,4.0,2.0,0.0,3.0,1.0,3.0,3.0,1.0,2.0,1.0,3.0,3.0,2.0,2.0,0.0,2.0,4.0,2.0
5.46,1.8,1.0,1.0,3.0,2.0,2.0,1.0,1.0,2.0,0.0,1.0,0.0,1.0,4.0,2.0,0.0,3.0,1.0,3.0,3.0,1.0,2.0,1.0,3.0,3.0,2.0,2.0,0.0,3.0,4.0,2.0
5.47,1.7,1.0,1.0,3.0,2.0,2.0,1.0,1.0,2.0,0.0,1.0,1.0,1.0,3.0,2.0,1.0,2.0,1.0,3.0,2.0,1.0,1.0,1.0,3.0,3.0,2.0,1.0,0.0,4.0,3.0,2.0
5.48,1.7333333333333334,1.0,1.0,3.0,2.0,2.0,1.0,1.0,2.0,0.0,1.0,1.0,2.0,2.0,2.0,1.0,2.0,0.0,3.0,2.0,1.0,1.0,1.0,3.0,4.0,2.0,1.0,0.0,4.0,3.0,3.0
5.49,1.6666666666666667,1.0,0.0,3.0,2.0,1.0,1.0,1.0,2.0,0.0,1.0,1.0,2.0,2.0,2.0,1.0,3.0,0.0,3.0,2.0,1.0,1.0,1.0,3.0,4.0,1.0,1.0,0.0,4.0,3.0,3.0
5.5,1.7666666666666666,1.0,0.0,3.0,1.0,1.0,1.0,1.0,2.0,0.0,1.0,1.0,2.0,2.0,2.0,1.0,3.0,0.0,4.0,2.0,1.0,1.0,1.0,4.0,4.0,1.0,1.0,0.0,4.0,2.0,6.0
5.51,2.033333333333333,1.0,1.0,3.0,1.0,2.0,1.0,1.0,2.0,1.0,2.0,1.0,2.0,2.0,2.0,1.0,3.0,0.0,5.0,3.0,1.0,1.0,1.0,5.0,5.0,1.0,1.0,0.0,4.0,2.0,6.0
5.5200000000000005,2.033333333333333,1.0,1.0,3.0,1.0,2.0,1.0,1.0,2.0,1.0,3.0,1.0,2.0,2.0,2.0,1.0,3.0,0.0,5.0,3.0,1.0,1.0,1.0,6.0,5.0,1.0,1.0,0.0,3.0,2.0,5.0
5.53,2.1333333333333333,0.0,1.0,3.0,1.0,2.0,1.0,1.0,3.0,1.0,4.0,1.0,2.0,2.0,1.0,2.0,4.0,0.0,5.0,3.0,2.0,1.0,1.0,6.0,5.0,1.0,1.0,0.0,3.0,2.0,5.0
5.54,2.1333333333333333,0.0,1.0,3.0,1.0,2.0,1.0,1.0,3.0,1.0,4.0,1.0,2.0,2.0,1.0,2.0,4.0,0.0,5.0,3.0,2.0,2.0,1.0,6.0,5.0,1.0,1.0,0.0,2.0,2.0,5.0
5.55,2.2,0.0,1.0,3.0,1.0,2.0,1.0,1.0,4.0,1.0,4.0,1.0,2.0,2.0,1.0,2.0,4.0,0.0,5.0,3.0,2.0,1.0,1.0,6.0,5.0,2.0,1.0,0.0,2.0,2.0,6.0
5.5600000000000005,2.3333333333333335,0.0,1.0,4.0,1.0,4.0,1.0,1.0,4.0,1.0,4.0,1.0,2.0,1.0,1.0,3.0,4.0,0.0,5.0,3.0,2.0,1.0,2.0,6.0,5.0,2.0,1.0,0.0,2.0,2.0,6.0
5.57,2.3333333333333335,0.0,1.0,4.0,0.0,4.0,2.0,1.0,4.0,1.0,4.0,1.0,2.0,1.0,1.0,3.0,4.0,0.0,5.0,3.0,2.0,1.0,2.0,6.0,5.0,2.0,1.0,0.0,2.0,2.0,6.0
5.58,2.3666666666666667,0.0,1.0,5.0,0.0,4.0,2.0,1.0,4.0,1.0,4.0,1.0,1.0,1.0,1.0,3.0,4.0,0.0,5.0,3.0,2.0,1.0,2.0,6.0,5.0,2.0,1.0,0.0,2.0,3.0,6.0
5.59,2.3666666666666667,0.0,1.0,5.0,0.0,4.0,2.0,1.0,4.0,1.0,4.0,1.0,1.0,1.0,1.0,3.0,4.0,0.0,5.0,3.0,2.0,1.0,2.0,6.0,5.0,2.0,1.0,0.0,2.0,3.0,6.0
5.6000000000000005,2.466666666666667,0.0,1.0,5.0,0.0,4.0,3.0,1.0,4.0,1.0,4.0,1.0,1.0,2.0,1.0,3.0,5.0,0.0,4.0,3.0,2.0,2.0,2.0,5.0,5.0,2.0,1.0,0.0,2.0,4.0,6.0
5.61,2.4,0.0,1.0,5.0,0.0,3.0,3.0,1.0,4.0,1.0,4.0,1.0,1.0,2.0,1.0,3.0,5.0,0.0,4.0,2.0,2.0,2.0,2.0,4.0,5.0,2.0,1.0,1.0,2.0,4.0,6.0
5.62,2.5,0.0,1.0,5.0,0.0,3.0,3.0,1.0,4.0,1.0,4.0,2.0,1.0,2.0,1.0,3.0,5.0,2.0,4.0,2.0,2.0,2.0,2.0,4.0,5.0,2.0,1.0,1.0,2.0,4.0,6.0
5.63,2.566666666666667,0.0,0.0,5.0,0.0,3.0,3.0,1.0,4.0,1.0,4.0,2.0,1.0,1.0,1.0,3.0,5.0,2.0,4.0,2.0,2.0,2.0,2.0,4.0,6.0,2.0,1.0,1.0,3.0,5.0,7.0
5.64,2.533333333333333,0.0,0.0,4.0,0.0,4.0,3.0,1.0,4.0,1.0,4.0,2.0,1.0,1.0,1.0,3.0,5.0,2.0,4.0,1.0,2.0,2.0,2.0,4.0,6.0,2.0,1.0,1.0,3.0,5.0,7.0
5.65,2.466666666666667,1.0,0.0,4.0,0.0,4.0,3.0,1.0,3.0,1.0,4.0,2.0,2.0,1.0,1.0,2.0,4.0,2.0,4.0,1.0,2.0,2.0,2.0,4.0,5.0,2.0,1.0,1.0,3.0,5.0,7.0
5.66,2.533333333333333,1.0,0.0,4.0,0.0,4.0,3.0,0.0,3.0,2.0,4.0,1.0,2.0,1.0,1.0,2.0,6.0,2.0,4.0,1.0,2.0,2.0,2.0,4.0,5.0,2.0,1.0,1.0,4.0,5.0,7.0
5.67,2.6,1.0,0.0,4.0,0.0,5.0,4.0,1.0,3.0,2.0,3.0,2.0,2.0,1.0,1.0,2.0,6.0,3.0,3.0,1.0,2.0,2.0,3.0,4.0,4.0,2.0,2.0,1.0,4.0,3.0,7.0
5.68,2.6,1.0,0.0,4.0,0.0,5.0,4.0,1.0,3.0,2.0,3.0,3.0,2.0,1.0,1.0,2.0,6.0,3.0,3.0,1.0,2.0,1.0,3.0,4.0,4.0,2.0,2.0,1.0,4.0,3.0,7.0
5.69,2.6,1.0,0.0,4.0,0.0,5.0,4.0,1.0,3.0,2.0,3.0,3.0,2.0,1.0,1.0,2.0,6.0,2.0,3.0,1.0,2.0,1.0,3.0,4.0,4.0,2.0,2.0,1.0,5.0,3.0,7.0
5.7,2.6666666666666665,1.0,1.0,4.0,0.0,5.0,4.0,1.0,3.0,2.0,3.0,3.0,2.0,1.0,1.0,2.0,7.0,2.0,4.0,1.0,1.0,1.0,3.0,4.0,4.0,2.0,2.0,1.0,5.0,3.0,7.0
5.71,2.8,1.0,1.0,4.0,0.0,5.0,4.0,1.0,3.0,2.0,3.0,4.0,2.0,2.0,1.0,1.0,7.0,2.0,5.0,1.0,1.0,1.0,5.0,4.0,4.0,2.0,2.0,2.0,5.0,3.0,6.0
5.72,2.8,1.0,1.0,3.0,0.0,5.0,4.0,1.0,3.0,2.0,3.0,4.0,1.0,2.0,1.0,1.0,7.0,3.0,5.0,1.0,1.0,1.0,5.0,4.0,4.0,3.0,2.0,2.0,5.0,3.0,6.0
5.73,2.8333333333333335,1.0,1.0,3.0,0.0,4.0,4.0,2.0,3.0,2.0,3.0,4.0,1.0,2.0,1.0,1.0,7.0,3.0,5.0,1.0,1.0,1.0,5.0,3.0,4.0,3.0,4.0,2.0,5.0,3.0,6.0
5.74,3.033333333333333,1.0,2.0,3.0,1.0,4.0,4.0,2.0,3.0,2.0,3.0,5.0,3.0,2.0,1.0,1.0,7.0,3.0,5.0,1.0,1.0,1.0,5.0,3.0,4.0,3.0,6.0,2.0,4.0,3.0,6.0
5.75,3.066666666666667,1.0,3.0,3.0,1.0,4.0,4.0,2.0,3.0,2.0,2.0,5.0,3.0,2.0,1.0,1.0,7.0,3.0,5.0,1.0,1.0,2.0,5.0,2.0,4.0,2.0,6.0,3.0,5.0,3.0,6.0
5.76,3.033333333333333,1.0,3.0,2.0,1.0,4.0,3.0,2.0,3.0,2.0,2.0,5.0,3.0,2.0,1.0,1.0,7.0,3.0,5.0,1.0,2.0,3.0,5.0,2.0,3.0,2.0,6.0,3.0,5.0,3.0,6.0
5.7700000000000005,2.966666666666667,1.0,3.0,2.0,1.0,3.0,3.0,4.0,3.0,1.0,2.0,4.0,3.0,2.0,2.0,1.0,7.0,2.0,5.0,1.0,2.0,3.0,5.0,2.0,2.0,2.0,6.0,3.0,5.0,3.0,6.0
5.78,3.033333333333333,2.0,3.0,2.0,1.0,3.0,3.0,4.0,3.0,1.0,3.0,4.0,3.0,2.0,2.0,1.0,6.0,2.0,5.0,1.0,2.0,3.0,5.0,2.0,2.0,2.0,6.0,3.0,6.0,3.0,6.0
5.79,3.033333333333333,2.0,3.0,2.0,2.0,3.0,2.0,4.0,3.0,3.0,3.0,4.0,3.0,2.0,2.0,1.0,6.0,2.0,3.0,1.0,2.0,3.0,5.0,2.0,2.0,2.0,7.0,3.0,6.0,3.0,5.0
5.8,3.033333333333333,2.0,4.0,2.0,2.0,2.0,2.0,4.0,2.0,4.0,3.0,4.0,3.0,3.0,1.0,1.0,6.0,2.0,3.0,1.0,2.0,3.0,5.0,2.0,2.0,2.0,7.0,3.0,6.0,3.0,5.0
5.8100000000000005,3.0,2.0,4.0,2.0,2.0,1.0,3.0,4.0,2.0,4.0,3.0,4.0,4.0,3.0,1.0,1.0,4.0,3.0,4.0,1.0,3.0,3.0,5.0,2.0,1.0,2.0,6.0,2.0,6.0,3.0,5.0
5.82,3.1,2.0,4.0,2.0,3.0,0.0,3.0,5.0,2.0,4.0,3.0,4.0,4.0,3.0,1.0,1.0,5.0,3.0,4.0,1.0,3.0,3.0,4.0,2.0,1.0,2.0,7.0,2.0,6.0,4.0,5.0
5.83,3.1333333333333333,1.0,3.0,2.0,3.0,0.0,3.0,6.0,3.0,4.0,3.0,3.0,4.0,4.0,1.0,2.0,5.0,4.0,4.0,1.0,3.0,3.0,4.0,2.0,1.0,2.0,7.0,3.0,6.0,4.0,3.0
5.84,3.1666666666666665,1.0,3.0,3.0,3.0,0.0,3.0,6.0,3.0,4.0,4.0,3.0,4.0,4.0,1.0,2.0,5.0,5.0,5.0,1.0,3.0,2.0,4.0,2.0,1.0,1.0,7.0,3.0,6.0,4.0,2.0
5.8500000000000005,3.2333333333333334,2.0,3.0,3.0,3.0,1.0,3.0,6.0,2.0,4.0,5.0,3.0,4.0,4.0,2.0,2.0,5.0,5.0,5.0,1.0,3.0,2.0,4.0,1.0,1.0,1.0,7.0,3.0,6.0,3.0,3.0
5.86,3.2,2.0,2.0,4.0,3.0,1.0,3.0,5.0,2.0,4.0,5.0,3.0,4.0,4.0,2.0,2.0,5.0,5.0,4.0,2.0,3.0,1.0,4.0,1.0,1.0,1.0,7.0,3.0,7.0,3.0,3.0
5.87,3.1333333333333333,2.0,2.0,4.0,3.0,2.0,3.0,5.0,2.0,4.0,5.0,3.0,4.0,4.0,2.0,2.0,4.0,5.0,4.0,2.0,3.0,1.0,4.0,1.0,1.0,1.0,7.0,2.0,6.0,3.0,3.0
5.88,3.1333333333333333,3.0,2.0,3.0,3.0,2.0,4.0,5.0,2.0,5.0,5.0,3.0,3.0,4.0,2.0,2.0,4.0,5.0,4.0,2.0,3.0,1.0,4.0,1.0,1.0,1.0,7.0,2.0,5.0,3.0,3.0
5.89,3.3,3.0,2.0,3.0,3.0,2.0,4.0,6.0,2.0,6.0,6.0,3.0,3.0,4.0,2.0,2.0,4.0,5.0,4.0,2.0,3.0,1.0,4.0,1.0,1.0,1.0,7.0,3.0,6.0,3.0,3.0
5.9,3.3,3.0,2.0,3.0,3.0,2.0,4.0,8.0,2.0,6.0,6.0,3.0,3.0,4.0,2.0,1.0,4.0,6.0,4.0,1.0,3.0,2.0,2.0,1.0,1.0,1.0,8.0,3.0,5.0,3.0,3.0
5.91,3.3333333333333335,3.0,2.0,3.0,3.0,2.0,4.0,8.0,2.0,5.0,6.0,3.0,3.0,4.0,2.0,1.0,4.0,6.0,5.0,1.0,3.0,2.0,3.0,1.0,2.0,1.0,8.0,3.0,5.0,2.0,3.0
5.92,3.3333333333333335,5.0,2.0,3.0,3.0,2.0,4.0,8.0,3.0,5.0,5.0,3.0,3.0,4.0,2.0,1.0,4.0,6.0,5.0,1.0,4.0,3.0,2.0,1.0,2.0,1.0,7.0,2.0,5.0,1.0,3.0
5.93,3.2333333333333334,5.0,2.0,4.0,2.0,2.0,4.0,7.0,3.0,5.0,6.0,2.0,3.0,4.0,1.0,1.0,4.0,6.0,5.0,1.0,4.0,3.0,2.0,1.0,2.0,0.0,6.0,2.0,5.0,2.0,3.0
5.94,3.3,5.0,2.0,4.0,2.0,2.0,4.0,7.0,3.0,5.0,5.0,2.0,3.0,4.0,1.0,1.0,3.0,6.0,6.0,2.0,4.0,4.0,2.0,2.0,2.0,0.0,6.0,2.0,5.0,2.0,3.0
5.95,3.3666666666666667,5.0,2.0,4.0,2.0,3.0,4.0,7.0,3.0,5.0,5.0,3.0,3.0,3.0,1.0,2.0,3.0,5.0,5.0,2.0,4.0,4.0,2.0,2.0,2.0,0.0,6.0,4.0,5.0,2.0,3.0
5.96,3.533333333333333,5.0,2.0,6.0,2.0,4.0,4.0,7.0,3.0,4.0,5.0,3.0,2.0,4.0,1.0,2.0,4.0,5.0,5.0,2.0,4.0,5.0,2.0,2.0,2.0,0.0,6.0,4.0,5.0,3.0,3.0
5.97,3.566666666666667,5.0,2.0,6.0,2.0,3.0,4.0,7.0,3.0,3.0,6.0,3.0,2.0,3.0,2.0,3.0,4.0,5.0,6.0,2.0,5.0,5.0,2.0,2.0,2.0,0.0,5.0,5.0,4.0,3.0,3.0
5.98,3.533333333333333,4.0,2.0,5.0,2.0,3.0,4.0,7.0,3.0,3.0,6.0,3.0,3.0,3.0,2.0,3.0,4.0,4.0,7.0,2.0,6.0,5.0,2.0,1.0,2.0,0.0,5.0,5.0,4.0,3.0,3.0
5.99,3.466666666666667,4.0,2.0,5.0,2.0,3.0,4.0,7.0,3.0,3.0,6.0,4.0,2.0,3.0,2.0,3.0,4.0,4.0,6.0,2.0,6.0,5.0,2.0,1.0,2.0,0.0,4.0,6.0,3.0,3.0,3.0
6.0,3.566666666666667,4.0,2.0,5.0,2.0,3.0,5.0,7.0,3.0,3.0,6.0,3.0,2.0,3.0,2.0,3.0,5.0,4.0,8.0,2.0,6.0,5.0,2.0,1.0,2.0,0.0,4.0,6.0,3.0,3.0,3.0
6.01,3.566666666666667,5.0,2.0,5.0,3.0,3.0,5.0,5.0,3.0,3.0,6.0,3.0,3.0,3.0,3.0,3.0,5.0,4.0,8.0,2.0,6.0,5.0,2.0,1.0,2.0,0.0,3.0,5.0,3.0,3.0,3.0
6.0200000000000005,3.6666666666666665,5.0,2.0,5.0,4.0,4.0,4.0,5.0,3.0,3.0,6.0,3.0,3.0,3.0,3.0,3.0,5.0,4.0,9.0,2.0,7.0,5.0,2.0,1.0,2.0,0.0,4.0,4.0,3.0,3.0,3.0
6.03,3.7333333333333334,4.0,2.0,5.0,4.0,4.0,4.0,5.0,2.0,3.0,6.0,3.0,3.0,3.0,5.0,3.0,5.0,5.0,9.0,2.0,6.0,5.0,2.0,1.0,3.0,0.0,4.0,4.0,3.0,4.0,3.0
6.04,3.7333333333333334,3.0,3.0,5.0,4.0,4.0,4.0,5.0,2.0,3.0,7.0,2.0,3.0,3.0,5.0,3.0,6.0,5.0,8.0,2.0,7.0,5.0,2.0,1.0,2.0,0.0,4.0,4.0,3.0,4.0,3.0
6.05,3.7666666666666666,3.0,3.0,5.0,4.0,4.0,4.0,5.0,2.0,3.0,6.0,3.0,3.0,3.0,6.0,3.0,6.0,5.0,8.0,2.0,7.0,5.0,1.0,1.0,3.0,0.0,4.0,4.0,3.0,4.0,3.0
6.0600000000000005,3.7,3.0,3.0,5.0,4.0,4.0,3.0,5.0,3.0,4.0,6.0,2.0,3.0,2.0,6.0,3.0,6.0,5.0,8.0,2.0,7.0,4.0,1.0,0.0,3.0,0.0,4.0,5.0,3.0,4.0,3.0
6.07,3.7666666666666666,3.0,4.0,4.0,4.0,4.0,3.0,5.0,3.0,5.0,7.0,2.0,3.0,2.0,6.0,3.0,5.0,5.0,8.0,2.0,8.0,4.0,1.0,0.0,3.0,0.0,4.0,5.0,3.0,4.0,3.0
6.08,3.8,3.0,4.0,4.0,4.0,4.0,3.0,4.0,3.0,5.0,7.0,2.0,4.0,2.0,6.0,3.0,4.0,5.0,8.0,3.0,8.0,4.0,1.0,0.0,3.0,0.0,5.0,5.0,3.0,4.0,3.0
6.09,3.7,1.0,4.0,4.0,4.0,4.0,2.0,4.0,2.0,4.0,7.0,3.0,4.0,2.0,6.0,3.0,4.0,5.0,8.0,4.0,9.0,3.0,1.0,1.0,3.0,0.0,5.0,5.0,2.0,4.0,3.0
6.1000000000000005,3.8,2.0,4.0,4.0,4.0,4.0,2.0,5.0,2.0,4.0,6.0,3.0,4.0,2.0,7.0,3.0,4.0,4.0,8.0,4.0,9.0,4.0,1.0,1.0,3.0,0.0,5.0,5.0,2.0,5.0,3.0
6.11,3.9,2.0,4.0,4.0,4.0,4.0,2.0,6.0,3.0,4.0,6.0,3.0,4.0,1.0,7.0,3.0,5.0,3.0,8.0,5.0,8.0,5.0,1.0,1.0,3.0,0.0,5.0,5.0,3.0,5.0,3.0
6.12,3.966666666666667,2.0,5.0,4.0,3.0,5.0,2.0,6.0,4.0,4.0,5.0,3.0,4.0,0.0,7.0,3.0,6.0,3.0,8.0,5.0,8.0,5.0,1.0,1.0,4.0,0.0,5.0,5.0,3.0,5.0,3.0
6.13,3.966666666666667,2.0,4.0,4.0,3.0,5.0,2.0,6.0,4.0,5.0,5.0,3.0,4.0,0.0,7.0,3.0,6.0,3.0,8.0,6.0,8.0,5.0,1.0,1.0,5.0,0.0,4.0,5.0,3.0,4.0,3.0
6.140000000000001,4.1,3.0,5.0,4.0,3.0,5.0,2.0,6.0,4.0,5.0,5.0,3.0,4.0,1.0,7.0,3.0,6.0,3.0,8.0,6.0,8.0,6.0,1.0,1.0,4.0,0.0,5.0,5.0,3.0,4.0,3.0
6.15,4.133333333333334,3.0,5.0,4.0,2.0,5.0,2.0,6.0,4.0,4.0,5.0,3.0,4.0,2.0,7.0,3.0,6.0,3.0,8.0,6.0,8.0,6.0,2.0,1.0,4.0,0.0,6.0,5.0,3.0,3.0,4.0
6.16,4.3,3.0,5.0,4.0,2.0,5.0,2.0,6.0,4.0,6.0,5.0,4.0,4.0,3.0,8.0,3.0,6.0,3.0,7.0,6.0,9.0,6.0,2.0,1.0,4.0,0.0,6.0,5.0,3.0,3.0,4.0
6.17,4.3,3.0,5.0,3.0,1.0,5.0,1.0,6.0,4.0,7.0,5.0,4.0,4.0,3.0,9.0,3.0,6.0,3.0,7.0,6.0,9.0,6.0,3.0,1.0,4.0,0.0,6.0,5.0,3.0,3.0,4.0
6.18,4.4,2.0,5.0,3.0,1.0,5.0,1.0,6.0,4.0,7.0,6.0,4.0,3.0,3.0,9.0,3.0,7.0,3.0,8.0,6.0,8.0,6.0,2.0,3.0,4.0,0.0,6.0,6.0,3.0,3.0,5.0
6.19,4.5,3.0,5.0,3.0,1.0,6.0,2.0,6.0,5.0,7.0,7.0,4.0,3.0,3.0,8.0,2.0,7.0,3.0,8.0,5.0,7.0,6.0,2.0,3.0,5.0,0.0,7.0,6.0,3.0,3.0,5.0
6.2,4.466666666666667,3.0,5.0,2.0,1.0,6.0,2.0,6.0,5.0,7.0,7.0,3.0,3.0,3.0,8.0,2.0,7.0,3.0,7.0,5.0,7.0,7.0,2.0,3.0,5.0,0.0,7.0,6.0,3.0,4.0,5.0
6.21,4.5,3.0,6.0,2.0,1.0,4.0,2.0,6.0,5.0,6.0,8.0,4.0,3.0,4.0,9.0,2.0,8.0,3.0,6.0,4.0,7.0,7.0,2.0,3.0,5.0,0.0,7.0,6.0,3.0,4.0,5.0
6.22,4.533333333333333,3.0,6.0,2.0,1.0,5.0,2.0,5.0,5.0,6.0,7.0,5.0,3.0,4.0,10.0,2.0,8.0,3.0,5.0,4.0,7.0,7.0,2.0,3.0,5.0,0.0,7.0,6.0,4.0,4.0,5.0
6.23,4.533333333333333,4.0,6.0,2.0,2.0,6.0,2.0,5.0,5.0,6.0,7.0,5.0,3.0,4.0,9.0,2.0,8.0,3.0,5.0,4.0,6.0,6.0,2.0,3.0,5.0,0.0,7.0,5.0,5.0,4.0,5.0
6.24,4.7,4.0,5.0,2.0,2.0,6.0,2.0,5.0,5.0,6.0,8.0,5.0,5.0,4.0,9.0,2.0,9.0,3.0,5.0,4.0,7.0,5.0,2.0,3.0,5.0,2.0,7.0,5.0,5.0,4.0,5.0
6.25,4.766666666666667,4.0,5.0,2.0,2.0,6.0,2.0,5.0,5.0,6.0,8.0,4.0,5.0,5.0,9.0,1.0,8.0,3.0,6.0,5.0,7.0,5.0,2.0,4.0,5.0,2.0,7.0,5.0,6.0,4.0,5.0
6.26,4.9,4.0,6.0,2.0,2.0,6.0,3.0,5.0,5.0,6.0,8.0,4.0,6.0,5.0,9.0,0.0,8.0,3.0,6.0,5.0,8.0,5.0,2.0,4.0,5.0,2.0,7.0,6.0,6.0,4.0,5.0
6.2700000000000005,5.1,4.0,6.0,3.0,2.0,6.0,3.0,5.0,7.0,6.0,8.0,4.0,7.0,6.0,10.0,0.0,10.0,3.0,5.0,5.0,7.0,5.0,2.0,4.0,5.0,3.0,7.0,5.0,6.0,5.0,4.0
6.28,4.966666666666667,4.0,6.0,3.0,2.0,5.0,2.0,5.0,7.0,5.0,8.0,4.0,7.0,6.0,9.0,0.0,9.0,3.0,5.0,7.0,7.0,4.0,2.0,4.0,5.0,3.0,7.0,5.0,6.0,5.0,4.0
6.29,5.133333333333334,4.0,6.0,3.0,3.0,5.0,5.0,5.0,7.0,5.0,8.0,3.0,6.0,6.0,9.0,1.0,10.0,3.0,6.0,7.0,6.0,4.0,2.0,4.0,5.0,4.0,7.0,5.0,6.0,5.0,4.0
6.3,5.133333333333334,4.0,6.0,4.0,3.0,5.0,5.0,4.0,7.0,5.0,8.0,3.0,6.0,6.0,9.0,2.0,10.0,3.0,5.0,7.0,6.0,4.0,2.0,4.0,5.0,4.0,7.0,4.0,6.0,5.0,5.0
6.3100000000000005,5.066666666666666,4.0,6.0,4.0,3.0,4.0,5.0,5.0,7.0,5.0,8.0,3.0,6.0,6.0,7.0,2.0,10.0,3.0,5.0,8.0,6.0,4.0,1.0,4.0,5.0,4.0,7.0,4.0,6.0,5.0,5.0
6.32,4.966666666666667,4.0,5.0,5.0,3.0,4.0,5.0,4.0,6.0,5.0,8.0,3.0,6.0,6.0,7.0,2.0,10.0,3.0,4.0,8.0,6.0,4.0,1.0,4.0,5.0,4.0,7.0,4.0,6.0,5.0,5.0
6.33,5.133333333333334,4.0,5.0,6.0,4.0,5.0,6.0,4.0,6.0,6.0,8.0,3.0,6.0,7.0,6.0,2.0,10.0,3.0,4.0,8.0,7.0,4.0,1.0,4.0,5.0,4.0,6.0,4.0,7.0,5.0,4.0
6.34,5.0,6.0,5.0,5.0,4.0,6.0,6.0,4.0,5.0,5.0,8.0,2.0,6.0,7.0,6.0,2.0,10.0,3.0,4.0,7.0,7.0,3.0,1.0,4.0,5.0,4.0,6.0,2.0,7.0,6.0,4.0
6.3500000000000005,4.933333333333334,6.0,5.0,4.0,4.0,5.0,7.0,4.0,5.0,5.0,7.0,2.0,5.0,7.0,5.0,3.0,11.0,3.0,4.0,7.0,8.0,3.0,1.0,4.0,4.0,4.0,6.0,2.0,7.0,6.0,4.0
6.36,5.033333333333333,6.0,5.0,4.0,6.0,4.0,6.0,5.0,5.0,5.0,6.0,2.0,5.0,8.0,5.0,3.0,11.0,3.0,5.0,8.0,8.0,2.0,1.0,4.0,4.0,4.0,6.0,3.0,7.0,6.0,4.0
6.37,4.833333333333333,5.0,5.0,4.0,4.0,5.0,5.0,5.0,3.0,5.0,6.0,2.0,5.0,8.0,5.0,3.0,11.0,3.0,5.0,8.0,7.0,2.0,2.0,5.0,3.0,4.0,5.0,3.0,8.0,6.0,3.0
6.38,4.9,6.0,4.0,4.0,3.0,5.0,5.0,5.0,3.0,6.0,6.0,2.0,6.0,8.0,6.0,2.0,11.0,4.0,5.0,7.0,7.0,2.0,2.0,5.0,3.0,4.0,5.0,3.0,8.0,7.0,3.0
6.390000000000001,4.9,5.0,4.0,5.0,3.0,6.0,5.0,5.0,2.0,6.0,6.0,2.0,5.0,8.0,7.0,3.0,9.0,3.0,5.0,8.0,6.0,2.0,2.0,4.0,4.0,4.0,7.0,3.0,8.0,7.0,3.0
6.4,5.0,5.0,4.0,5.0,3.0,6.0,5.0,5.0,2.0,5.0,6.0,3.0,4.0,9.0,7.0,3.0,9.0,3.0,5.0,8.0,7.0,2.0,2.0,4.0,4.0,5.0,7.0,3.0,8.0,8.0,3.0
6.41,4.833333333333333,5.0,4.0,5.0,3.0,5.0,5.0,5.0,2.0,5.0,6.0,3.0,4.0,10.0,7.0,3.0,8.0,3.0,5.0,8.0,6.0,2.0,3.0,3.0,4.0,4.0,7.0,3.0,7.0,8.0,2.0
6.42,4.866666666666666,6.0,4.0,5.0,4.0,5.0,5.0,6.0,2.0,5.0,6.0,3.0,5.0,10.0,7.0,3.0,9.0,2.0,5.0,8.0,5.0,1.0,3.0,3.0,3.0,4.0,8.0,3.0,7.0,7.0,2.0
6.43,5.133333333333334,6.0,4.0,5.0,4.0,6.0,5.0,8.0,3.0,4.0,6.0,3.0,5.0,10.0,8.0,3.0,9.0,2.0,6.0,8.0,5.0,1.0,3.0,5.0,2.0,4.0,8.0,5.0,7.0,7.0,2.0
6.44,5.3,7.0,4.0,5.0,4.0,6.0,7.0,9.0,3.0,4.0,6.0,3.0,5.0,10.0,8.0,4.0,11.0,3.0,6.0,8.0,4.0,1.0,3.0,5.0,1.0,4.0,6.0,5.0,8.0,7.0,2.0
6.45,5.333333333333333,8.0,5.0,4.0,3.0,6.0,7.0,9.0,3.0,5.0,6.0,3.0,5.0,10.0,8.0,4.0,11.0,3.0,6.0,7.0,4.0,1.0,4.0,5.0,1.0,4.0,6.0,5.0,8.0,7.0,2.0
6.46,5.3,8.0,4.0,4.0,3.0,6.0,7.0,8.0,3.0,5.0,5.0,3.0,5.0,10.0,8.0,4.0,11.0,3.0,7.0,7.0,4.0,1.0,4.0,5.0,2.0,4.0,6.0,5.0,7.0,8.0,2.0
6.47,5.5,8.0,4.0,4.0,3.0,6.0,6.0,8.0,3.0,6.0,7.0,3.0,4.0,11.0,8.0,4.0,11.0,3.0,7.0,7.0,4.0,1.0,4.0,6.0,3.0,4.0,6.0,5.0,8.0,9.0,2.0
6.48,5.733333333333333,8.0,4.0,5.0,3.0,6.0,5.0,10.0,3.0,6.0,7.0,4.0,4.0,11.0,8.0,4.0,11.0,4.0,6.0,6.0,4.0,1.0,5.0,6.0,4.0,4.0,7.0,5.0,10.0,9.0,2.0
6.49,5.8,9.0,4.0,4.0,2.0,6.0,6.0,10.0,3.0,6.0,7.0,4.0,5.0,10.0,7.0,4.0,11.0,4.0,6.0,6.0,4.0,1.0,6.0,6.0,5.0,4.0,7.0,5.0,10.0,10.0,2.0
6.5,5.733333333333333,9.0,3.0,4.0,2.0,6.0,6.0,10.0,4.0,6.0,7.0,4.0,4.0,9.0,7.0,4.0,11.0,4.0,6.0,6.0,4.0,2.0,7.0,6.0,5.0,4.0,7.0,4.0,9.0,10.0,2.0
6.51,5.866666666666666,9.0,4.0,4.0,4.0,7.0,6.0,10.0,4.0,6.0,7.0,4.0,4.0,9.0,7.0,4.0,11.0,5.0,7.0,5.0,6.0,2.0,7.0,6.0,5.0,4.0,7.0,3.0,8.0,10.0,1.0
6.5200000000000005,5.9,9.0,4.0,4.0,3.0,8.0,6.0,10.0,4.0,6.0,7.0,4.0,4.0,9.0,6.0,3.0,11.0,6.0,7.0,6.0,6.0,2.0,7.0,6.0,7.0,3.0,7.0,3.0,8.0,10.0,1.0
6.53,6.0,10.0,4.0,4.0,3.0,7.0,6.0,9.0,4.0,7.0,8.0,3.0,5.0,9.0,5.0,5.0,9.0,7.0,8.0,5.0,6.0,2.0,7.0,8.0,7.0,2.0,7.0,4.0,7.0,11.0,1.0
6.54,5.966666666666667,10.0,4.0,4.0,2.0,7.0,6.0,10.0,4.0,8.0,8.0,3.0,4.0,9.0,5.0,5.0,7.0,7.0,8.0,5.0,5.0,3.0,8.0,7.0,7.0,1.0,7.0,6.0,7.0,11.0,1.0
6.55,6.1,10.0,4.0,4.0,2.0,8.0,6.0,10.0,4.0,8.0,8.0,4.0,4.0,8.0,4.0,5.0,9.0,7.0,6.0,7.0,5.0,4.0,7.0,8.0,7.0,1.0,7.0,6.0,8.0,11.0,1.0
6.5600000000000005,6.166666666666667,10.0,4.0,4.0,3.0,8.0,6.0,10.0,4.0,7.0,8.0,4.0,6.0,8.0,4.0,5.0,8.0,8.0,6.0,7.0,6.0,5.0,7.0,8.0,8.0,1.0,4.0,5.0,8.0,11.0,2.0
6.57,6.033333333333333,10.0,4.0,3.0,4.0,9.0,6.0,9.0,4.0,7.0,8.0,4.0,6.0,8.0,5.0,5.0,8.0,8.0,5.0,8.0,6.0,5.0,7.0,7.0,7.0,1.0,4.0,5.0,7.0,10.0,1.0
6.58,5.966666666666667,9.0,4.0,3.0,4.0,9.0,6.0,8.0,4.0,7.0,6.0,4.0,6.0,7.0,6.0,5.0,7.0,7.0,6.0,8.0,9.0,5.0,7.0,5.0,7.0,2.0,4.0,5.0,7.0,11.0,1.0
6.59,6.066666666666666,9.0,4.0,4.0,4.0,10.0,6.0,8.0,4.0,7.0,5.0,4.0,6.0,7.0,6.0,6.0,6.0,7.0,6.0,9.0,9.0,5.0,6.0,5.0,7.0,2.0,5.0,5.0,7.0,12.0,1.0
6.6000000000000005,6.0,9.0,2.0,3.0,4.0,9.0,6.0,9.0,5.0,7.0,5.0,4.0,6.0,7.0,7.0,6.0,6.0,7.0,6.0,8.0,9.0,5.0,7.0,5.0,7.0,2.0,5.0,5.0,7.0,11.0,1.0
6.61,6.3,9.0,3.0,3.0,5.0,8.0,6.0,10.0,6.0,7.0,5.0,4.0,7.0,5.0,7.0,6.0,6.0,7.0,6.0,8.0,10.0,5.0,9.0,5.0,7.0,3.0,7.0,5.0,8.0,11.0,1.0
6.62,6.4,9.0,4.0,3.0,5.0,8.0,6.0,12.0,6.0,8.0,4.0,5.0,7.0,5.0,7.0,5.0,6.0,6.0,6.0,9.0,10.0,5.0,8.0,5.0,7.0,3.0,8.0,4.0,8.0,12.0,1.0
6.63,6.7,9.0,5.0,3.0,5.0,8.0,5.0,11.0,6.0,9.0,5.0,5.0,8.0,4.0,8.0,5.0,6.0,6.0,8.0,10.0,10.0,5.0,8.0,5.0,8.0,3.0,9.0,5.0,8.0,12.0,2.0
6.640000000000001,6.9,10.0,6.0,3.0,5.0,11.0,5.0,11.0,6.0,9.0,5.0,4.0,8.0,4.0,8.0,5.0,7.0,5.0,8.0,8.0,12.0,4.0,8.0,5.0,9.0,3.0,11.0,5.0,9.0,11.0,2.0
6.65,6.966666666666667,8.0,6.0,3.0,5.0,12.0,5.0,11.0,6.0,9.0,6.0,4.0,8.0,3.0,8.0,4.0,7.0,4.0,8.0,8.0,12.0,6.0,8.0,6.0,11.0,3.0,11.0,5.0,8.0,11.0,3.0
6.66,7.1,7.0,6.0,3.0,5.0,12.0,5.0,11.0,6.0,9.0,6.0,5.0,10.0,4.0,10.0,5.0,8.0,3.0,8.0,8.0,12.0,7.0,8.0,5.0,10.0,3.0,11.0,5.0,7.0,11.0,3.0
6.67,7.433333333333334,7.0,7.0,3.0,5.0,12.0,5.0,12.0,6.0,9.0,6.0,6.0,10.0,4.0,11.0,5.0,8.0,3.0,9.0,8.0,12.0,6.0,8.0,5.0,12.0,3.0,11.0,5.0,9.0,11.0,5.0
6.68,7.633333333333334,7.0,7.0,3.0,5.0,13.0,5.0,12.0,7.0,9.0,6.0,6.0,10.0,4.0,11.0,5.0,9.0,5.0,9.0,8.0,12.0,6.0,9.0,5.0,12.0,4.0,11.0,5.0,8.0,11.0,5.0
6.69,7.7,7.0,6.0,2.0,7.0,13.0,5.0,11.0,7.0,10.0,6.0,6.0,10.0,4.0,11.0,5.0,9.0,5.0,10.0,8.0,13.0,6.0,7.0,5.0,12.0,4.0,12.0,4.0,8.0,11.0,7.0
6.7,7.866666666666666,7.0,6.0,2.0,7.0,14.0,5.0,11.0,8.0,10.0,8.0,5.0,10.0,5.0,10.0,6.0,9.0,6.0,11.0,7.0,13.0,5.0,7.0,5.0,12.0,6.0,12.0,4.0,7.0,11.0,7.0
6.71,7.833333333333333,7.0,6.0,3.0,7.0,14.0,4.0,8.0,8.0,9.0,8.0,6.0,8.0,4.0,10.0,6.0,9.0,7.0,11.0,7.0,14.0,5.0,8.0,5.0,13.0,7.0,13.0,4.0,6.0,11.0,7.0
6.72,7.666666666666667,7.0,6.0,3.0,6.0,14.0,4.0,7.0,8.0,7.0,8.0,6.0,8.0,4.0,10.0,7.0,9.0,8.0,11.0,7.0,13.0,5.0,8.0,5.0,13.0,7.0,13.0,4.0,6.0,9.0,7.0
6.73,7.666666666666667,6.0,7.0,3.0,6.0,13.0,4.0,7.0,8.0,6.0,9.0,6.0,8.0,4.0,10.0,7.0,9.0,8.0,12.0,7.0,13.0,6.0,8.0,5.0,10.0,7.0,14.0,4.0,6.0,9.0,8.0
6.74,7.866666666666666,6.0,7.0,3.0,6.0,12.0,3.0,8.0,10.0,5.0,9.0,7.0,9.0,5.0,10.0,8.0,8.0,8.0,13.0,8.0,13.0,6.0,9.0,5.0,10.0,7.0,13.0,4.0,7.0,9.0,8.0
6.75,8.0,7.0,7.0,3.0,7.0,12.0,3.0,8.0,10.0,5.0,9.0,6.0,11.0,5.0,10.0,8.0,6.0,7.0,14.0,7.0,13.0,6.0,13.0,5.0,11.0,7.0,14.0,4.0,6.0,9.0,7.0
6.76,8.233333333333333,7.0,7.0,3.0,7.0,11.0,5.0,8.0,11.0,5.0,10.0,7.0,11.0,6.0,9.0,10.0,7.0,7.0,14.0,7.0,14.0,7.0,11.0,6.0,11.0,7.0,14.0,4.0,6.0,8.0,7.0
6.7700000000000005,8.266666666666667,6.0,7.0,3.0,7.0,11.0,5.0,9.0,11.0,5.0,10.0,8.0,11.0,7.0,8.0,10.0,6.0,7.0,14.0,7.0,13.0,7.0,10.0,6.0,11.0,8.0,15.0,4.0,6.0,9.0,7.0
6.78,8.233333333333333,7.0,7.0,3.0,7.0,10.0,6.0,9.0,11.0,5.0,9.0,8.0,11.0,7.0,8.0,10.0,6.0,6.0,13.0,9.0,12.0,7.0,10.0,7.0,12.0,7.0,15.0,4.0,6.0,9.0,6.0
6.79,8.033333333333333,8.0,7.0,3.0,9.0,10.0,4.0,8.0,12.0,5.0,6.0,8.0,11.0,6.0,8.0,11.0,6.0,7.0,12.0,9.0,10.0,7.0,10.0,6.0,13.0,6.0,15.0,4.0,6.0,9.0,5.0
6.8,8.266666666666667,9.0,8.0,3.0,11.0,10.0,3.0,8.0,11.0,5.0,7.0,9.0,12.0,6.0,8.0,11.0,7.0,7.0,12.0,9.0,10.0,7.0,11.0,5.0,13.0,6.0,15.0,4.0,8.0,8.0,5.0
6.8100000000000005,8.2,9.0,8.0,3.0,11.0,11.0,3.0,8.0,11.0,3.0,7.0,9.0,14.0,6.0,8.0,11.0,8.0,7.0,12.0,8.0,10.0,7.0,11.0,5.0,12.0,6.0,15.0,4.0,8.0,7.0,4.0
6.82,8.3,11.0,9.0,4.0,11.0,11.0,3.0,8.0,12.0,3.0,6.0,9.0,14.0,7.0,7.0,11.0,7.0,6.0,12.0,7.0,9.0,7.0,11.0,5.0,13.0,6.0,15.0,5.0,9.0,7.0,4.0
6.83,8.233333333333333,10.0,9.0,4.0,11.0,11.0,3.0,7.0,12.0,3.0,7.0,9.0,13.0,8.0,5.0,12.0,6.0,6.0,12.0,7.0,8.0,7.0,12.0,5.0,14.0,6.0,14.0,5.0,9.0,7.0,5.0
6.84,8.066666666666666,10.0,8.0,4.0,10.0,12.0,3.0,7.0,11.0,3.0,7.0,8.0,14.0,8.0,5.0,12.0,6.0,6.0,11.0,6.0,8.0,7.0,12.0,6.0,13.0,6.0,13.0,4.0,10.0,7.0,5.0
6.8500000000000005,7.933333333333334,10.0,8.0,4.0,11.0,12.0,3.0,7.0,11.0,3.0,8.0,8.0,14.0,6.0,5.0,10.0,5.0,5.0,11.0,6.0,7.0,6.0,12.0,6.0,14.0,6.0,13.0,5.0,10.0,7.0,5.0
6.86,7.933333333333334,10.0,8.0,4.0,11.0,11.0,5.0,6.0,12.0,5.0,8.0,7.0,15.0,5.0,5.0,11.0,5.0,5.0,10.0,6.0,7.0,6.0,11.0,5.0,15.0,6.0,12.0,6.0,10.0,7.0,4.0
6.87,8.433333333333334,11.0,8.0,4.0,12.0,11.0,5.0,7.0,12.0,6.0,10.0,8.0,14.0,7.0,5.0,11.0,5.0,4.0,10.0,6.0,8.0,6.0,12.0,6.0,15.0,7.0,13.0,6.0,11.0,7.0,6.0
6.88,8.5,11.0,8.0,4.0,12.0,11.0,5.0,6.0,12.0,6.0,9.0,8.0,14.0,7.0,4.0,11.0,6.0,4.0,10.0,7.0,7.0,8.0,13.0,6.0,15.0,7.0,14.0,6.0,11.0,7.0,6.0
6.890000000000001,8.533333333333333,11.0,8.0,4.0,12.0,11.0,5.0,6.0,12.0,6.0,9.0,10.0,13.0,7.0,4.0,11.0,6.0,4.0,9.0,8.0,7.0,9.0,13.0,6.0,14.0,7.0,13.0,6.0,12.0,7.0,6.0
6.9,8.366666666666667,11.0,7.0,3.0,13.0,10.0,5.0,6.0,11.0,6.0,9.0,10.0,13.0,7.0,4.0,12.0,6.0,5.0,8.0,8.0,6.0,8.0,12.0,7.0,14.0,7.0,13.0,6.0,11.0,7.0,6.0
6.91,8.266666666666667,11.0,6.0,3.0,13.0,10.0,4.0,6.0,10.0,6.0,10.0,10.0,13.0,7.0,4.0,13.0,6.0,5.0,8.0,8.0,6.0,8.0,12.0,7.0,14.0,7.0,14.0,5.0,11.0,5.0,6.0
6.92,8.3,12.0,6.0,3.0,12.0,11.0,4.0,6.0,10.0,6.0,11.0,10.0,13.0,7.0,5.0,13.0,7.0,4.0,8.0,9.0,6.0,8.0,12.0,6.0,13.0,8.0,13.0,5.0,11.0,5.0,5.0
6.93,8.333333333333334,12.0,5.0,4.0,10.0,11.0,4.0,5.0,9.0,7.0,12.0,10.0,13.0,7.0,5.0,14.0,7.0,4.0,9.0,9.0,7.0,8.0,11.0,6.0,12.0,8.0,13.0,5.0,13.0,5.0,5.0
6.94,8.333333333333334,11.0,5.0,4.0,13.0,9.0,6.0,6.0,8.0,6.0,12.0,8.0,13.0,8.0,6.0,14.0,7.0,4.0,9.0,9.0,5.0,9.0,10.0,6.0,13.0,7.0,13.0,5.0,14.0,5.0,5.0
6.95,8.566666666666666,13.0,5.0,4.0,14.0,9.0,7.0,7.0,8.0,6.0,11.0,8.0,13.0,8.0,8.0,14.0,8.0,3.0,9.0,9.0,5.0,11.0,10.0,7.0,13.0,7.0,11.0,5.0,14.0,5.0,5.0
6.96,8.6,13.0,4.0,4.0,14.0,8.0,6.0,7.0,8.0,7.0,10.0,10.0,12.0,8.0,9.0,15.0,9.0,3.0,9.0,9.0,5.0,11.0,9.0,7.0,13.0,8.0,11.0,5.0,14.0,5.0,5.0
6.97,8.7,12.0,4.0,4.0,14.0,8.0,6.0,7.0,8.0,8.0,10.0,10.0,12.0,8.0,9.0,15.0,9.0,3.0,10.0,8.0,5.0,11.0,10.0,7.0,12.0,9.0,10.0,5.0,16.0,6.0,5.0
6.98,8.566666666666666,12.0,4.0,4.0,14.0,7.0,6.0,7.0,6.0,7.0,9.0,11.0,12.0,8.0,9.0,14.0,11.0,3.0,9.0,8.0,5.0,11.0,10.0,7.0,12.0,9.0,10.0,5.0,15.0,7.0,5.0
6.99,8.6,11.0,4.0,5.0,13.0,7.0,6.0,8.0,5.0,9.0,9.0,11.0,12.0,8.0,9.0,14.0,10.0,4.0,8.0,8.0,5.0,11.0,9.0,8.0,12.0,9.0,9.0,5.0,15.0,7.0,7.0
7.0,8.633333333333333,10.0,4.0,6.0,12.0,7.0,6.0,9.0,5.0,8.0,8.0,11.0,11.0,9.0,10.0,14.0,11.0,5.0,8.0,9.0,6.0,11.0,8.0,9.0,11.0,9.0,8.0,5.0,15.0,7.0,7.0
7.01,8.566666666666666,9.0,3.0,6.0,11.0,7.0,7.0,9.0,5.0,7.0,8.0,12.0,10.0,9.0,11.0,14.0,12.0,5.0,6.0,9.0,6.0,10.0,8.0,9.0,11.0,10.0,8.0,6.0,15.0,7.0,7.0
7.0200000000000005,8.8,9.0,3.0,6.0,11.0,8.0,10.0,11.0,4.0,8.0,8.0,11.0,11.0,9.0,11.0,15.0,12.0,5.0,6.0,9.0,7.0,10.0,7.0,8.0,10.0,11.0,9.0,6.0,15.0,7.0,7.0
7.03,8.866666666666667,9.0,4.0,6.0,11.0,8.0,10.0,10.0,5.0,8.0,8.0,12.0,12.0,9.0,11.0,14.0,10.0,6.0,5.0,8.0,7.0,11.0,7.0,9.0,10.0,12.0,9.0,6.0,14.0,7.0,8.0
7.04,8.9,8.0,4.0,6.0,11.0,7.0,10.0,11.0,5.0,7.0,8.0,12.0,11.0,9.0,11.0,15.0,10.0,6.0,5.0,7.0,8.0,11.0,8.0,9.0,10.0,12.0,10.0,7.0,14.0,6.0,9.0
7.05,9.0,8.0,4.0,8.0,12.0,7.0,10.0,11.0,6.0,7.0,9.0,11.0,11.0,9.0,11.0,13.0,11.0,5.0,6.0,6.0,8.0,11.0,7.0,9.0,11.0,12.0,10.0,8.0,14.0,6.0,9.0
7.0600000000000005,9.333333333333334,8.0,4.0,8.0,12.0,7.0,11.0,12.0,7.0,7.0,9.0,12.0,11.0,9.0,12.0,14.0,11.0,5.0,7.0,6.0,8.0,11.0,7.0,11.0,11.0,12.0,10.0,8.0,14.0,7.0,9.0
7.07,9.266666666666667,8.0,5.0,8.0,13.0,9.0,11.0,12.0,6.0,7.0,8.0,12.0,10.0,9.0,11.0,13.0,11.0,5.0,7.0,7.0,8.0,11.0,7.0,9.0,11.0,11.0,9.0,8.0,15.0,7.0,10.0
7.08,9.5,8.0,5.0,8.0,13.0,11.0,11.0,13.0,5.0,7.0,9.0,13.0,10.0,9.0,11.0,15.0,11.0,5.0,6.0,7.0,9.0,12.0,7.0,9.0,11.0,10.0,9.0,8.0,16.0,7.0,10.0
7.09,9.7,6.0,6.0,8.0,13.0,10.0,11.0,13.0,6.0,7.0,8.0,14.0,11.0,12.0,11.0,17.0,11.0,5.0,5.0,7.0,9.0,11.0,8.0,9.0,11.0,11.0,8.0,9.0,15.0,9.0,10.0
7.1000000000000005,9.566666666666666,6.0,6.0,7.0,14.0,13.0,11.0,12.0,6.0,6.0,8.0,13.0,12.0,13.0,11.0,15.0,10.0,5.0,5.0,7.0,7.0,12.0,8.0,9.0,11.0,11.0,8.0,10.0,15.0,9.0,7.0
7.11,9.8,5.0,5.0,9.0,15.0,13.0,13.0,12.0,6.0,6.0,8.0,13.0,13.0,13.0,11.0,16.0,11.0,5.0,5.0,9.0,6.0,12.0,7.0,9.0,12.0,11.0,9.0,10.0,14.0,9.0,7.0
7.12,10.066666666666666,5.0,6.0,9.0,16.0,13.0,11.0,12.0,6.0,6.0,9.0,14.0,13.0,13.0,11.0,16.0,10.0,5.0,5.0,9.0,7.0,12.0,9.0,9.0,15.0,11.0,10.0,10.0,13.0,9.0,8.0
7.13,9.933333333333334,5.0,5.0,10.0,15.0,13.0,11.0,12.0,6.0,6.0,9.0,12.0,13.0,12.0,9.0,15.0,11.0,6.0,5.0,9.0,7.0,12.0,9.0,10.0,15.0,11.0,10.0,12.0,11.0,9.0,8.0
7.140000000000001,10.166666666666666,6.0,6.0,10.0,17.0,15.0,11.0,12.0,5.0,6.0,9.0,12.0,13.0,12.0,9.0,15.0,11.0,6.0,7.0,9.0,7.0,12.0,10.0,9.0,15.0,11.0,10.0,13.0,10.0,9.0,8.0
7.15,10.233333333333333,6.0,6.0,9.0,19.0,14.0,11.0,12.0,6.0,6.0,9.0,11.0,11.0,13.0,10.0,15.0,12.0,7.0,7.0,11.0,7.0,9.0,11.0,9.0,15.0,12.0,10.0,13.0,10.0,8.0,8.0
7.16,10.233333333333333,6.0,7.0,10.0,19.0,13.0,11.0,11.0,6.0,7.0,9.0,11.0,12.0,12.0,10.0,15.0,11.0,8.0,7.0,11.0,8.0,8.0,9.0,11.0,16.0,12.0,10.0,12.0,9.0,8.0,8.0
7.17,10.3,6.0,7.0,10.0,19.0,12.0,11.0,11.0,5.0,8.0,9.0,11.0,13.0,10.0,10.0,14.0,12.0,9.0,7.0,11.0,9.0,8.0,9.0,11.0,15.0,12.0,10.0,12.0,7.0,11.0,10.0
7.18,10.5,6.0,7.0,11.0,19.0,13.0,11.0,12.0,5.0,7.0,9.0,10.0,13.0,10.0,10.0,15.0,11.0,9.0,7.0,11.0,11.0,8.0,10.0,11.0,15.0,11.0,10.0,12.0,9.0,12.0,10.0
7.19,10.4,6.0,8.0,11.0,18.0,13.0,11.0,12.0,4.0,8.0,10.0,9.0,12.0,9.0,9.0,14.0,10.0,9.0,7.0,11.0,11.0,7.0,9.0,11.0,15.0,11.0,10.0,13.0,9.0,12.0,13.0
7.2,10.266666666666667,6.0,7.0,12.0,18.0,12.0,10.0,12.0,4.0,9.0,11.0,10.0,12.0,6.0,9.0,13.0,10.0,10.0,7.0,10.0,9.0,7.0,9.0,11.0,16.0,9.0,10.0,14.0,10.0,12.0,13.0
7.21,10.266666666666667,6.0,8.0,12.0,18.0,12.0,10.0,11.0,4.0,10.0,10.0,10.0,13.0,6.0,8.0,13.0,10.0,10.0,7.0,10.0,9.0,7.0,10.0,11.0,16.0,9.0,10.0,14.0,9.0,12.0,13.0
7.22,10.466666666666667,6.0,8.0,13.0,17.0,10.0,11.0,12.0,3.0,11.0,10.0,10.0,14.0,6.0,10.0,12.0,10.0,10.0,7.0,10.0,9.0,6.0,10.0,13.0,16.0,9.0,10.0,14.0,12.0,11.0,14.0
7.23,10.7,6.0,9.0,14.0,18.0,10.0,11.0,11.0,5.0,11.0,10.0,10.0,14.0,6.0,11.0,13.0,9.0,11.0,8.0,10.0,9.0,6.0,9.0,12.0,15.0,11.0,10.0,14.0,12.0,11.0,15.0
7.24,10.733333333333333,6.0,9.0,13.0,18.0,11.0,12.0,12.0,6.0,13.0,10.0,10.0,13.0,6.0,10.0,12.0,7.0,12.0,8.0,9.0,8.0,6.0,9.0,12.0,15.0,12.0,10.0,15.0,12.0,10.0,16.0
7.25,10.6,8.0,8.0,13.0,18.0,12.0,11.0,11.0,6.0,13.0,10.0,10.0,13.0,7.0,10.0,11.0,7.0,11.0,9.0,8.0,8.0,6.0,8.0,12.0,13.0,12.0,11.0,15.0,12.0,10.0,15.0
7.26,10.766666666666667,8.0,8.0,12.0,19.0,11.0,10.0,10.0,7.0,13.0,10.0,10.0,14.0,7.0,9.0,11.0,7.0,11.0,7.0,9.0,8.0,7.0,8.0,12.0,12.0,13.0,11.0,16.0,15.0,10.0,18.0
7.2700000000000005,11.133333333333333,8.0,9.0,12.0,19.0,11.0,10.0,10.0,9.0,13.0,9.0,10.0,16.0,6.0,9.0,12.0,6.0,12.0,8.0,9.0,9.0,9.0,8.0,13.0,12.0,14.0,11.0,17.0,15.0,10.0,18.0
7.28,11.233333333333333,7.0,11.0,11.0,19.0,11.0,10.0,10.0,9.0,13.0,8.0,12.0,16.0,6.0,8.0,11.0,6.0,13.0,8.0,9.0,9.0,10.0,8.0,13.0,14.0,15.0,11.0,16.0,15.0,9.0,19.0
7.29,11.433333333333334,8.0,11.0,11.0,20.0,12.0,8.0,10.0,8.0,14.0,8.0,14.0,14.0,7.0,8.0,11.0,6.0,13.0,8.0,9.0,10.0,10.0,8.0,13.0,14.0,17.0,10.0,17.0,16.0,10.0,18.0
7.3,11.566666666666666,8.0,10.0,10.0,21.0,12.0,9.0,10.0,8.0,14.0,8.0,13.0,15.0,7.0,7.0,10.0,6.0,13.0,8.0,9.0,11.0,12.0,10.0,15.0,15.0,16.0,10.0,17.0,17.0,9.0,17.0
7.3100000000000005,11.833333333333334,8.0,11.0,9.0,20.0,13.0,8.0,10.0,8.0,15.0,8.0,12.0,16.0,8.0,8.0,12.0,7.0,13.0,8.0,10.0,12.0,11.0,8.0,15.0,16.0,18.0,10.0,18.0,17.0,9.0,17.0
7.32,11.933333333333334,8.0,12.0,9.0,20.0,13.0,8.0,12.0,9.0,14.0,7.0,13.0,16.0,8.0,8.0,12.0,9.0,12.0,9.0,11.0,12.0,12.0,7.0,14.0,16.0,17.0,9.0,18.0,18.0,8.0,17.0
7.33,11.833333333333334,8.0,12.0,9.0,18.0,13.0,7.0,12.0,10.0,14.0,7.0,10.0,16.0,9.0,9.0,13.0,11.0,12.0,9.0,10.0,12.0,12.0,7.0,14.0,16.0,16.0,9.0,18.0,17.0,8.0,17.0
7.34,11.666666666666666,7.0,12.0,9.0,19.0,14.0,7.0,12.0,10.0,14.0,7.0,10.0,15.0,10.0,9.0,13.0,10.0,12.0,8.0,11.0,14.0,12.0,8.0,13.0,16.0,15.0,7.0,16.0,16.0,7.0,17.0
7.3500000000000005,11.6,7.0,13.0,11.0,17.0,13.0,8.0,11.0,11.0,14.0,7.0,10.0,14.0,10.0,10.0,12.0,12.0,11.0,9.0,9.0,14.0,12.0,8.0,12.0,16.0,15.0,8.0,15.0,14.0,8.0,17.0
7.36,11.2,7.0,14.0,11.0,14.0,13.0,7.0,10.0,10.0,15.0,7.0,10.0,12.0,10.0,10.0,13.0,10.0,11.0,9.0,9.0,13.0,11.0,9.0,11.0,15.0,15.0,8.0,13.0,16.0,8.0,15.0
7.37,11.5,8.0,14.0,11.0,13.0,13.0,7.0,11.0,11.0,14.0,7.0,10.0,11.0,10.0,13.0,13.0,9.0,10.0,10.0,9.0,14.0,12.0,9.0,15.0,12.0,15.0,8.0,13.0,16.0,9.0,18.0
7.38,11.333333333333334,8.0,12.0,11.0,11.0,11.0,7.0,11.0,12.0,14.0,7.0,9.0,11.0,10.0,14.0,12.0,9.0,10.0,11.0,8.0,13.0,12.0,9.0,15.0,12.0,15.0,9.0,13.0,17.0,9.0,18.0
7.390000000000001,11.466666666666667,10.0,13.0,10.0,11.0,11.0,7.0,11.0,12.0,15.0,7.0,9.0,12.0,11.0,14.0,12.0,10.0,10.0,11.0,10.0,12.0,12.0,10.0,14.0,11.0,14.0,9.0,13.0,17.0,8.0,18.0
7.4,11.566666666666666,12.0,12.0,11.0,11.0,10.0,7.0,12.0,12.0,15.0,6.0,8.0,12.0,11.0,15.0,12.0,8.0,9.0,11.0,10.0,13.0,14.0,11.0,15.0,11.0,13.0,9.0,13.0,18.0,8.0,18.0
7.41,11.733333333333333,11.0,13.0,11.0,12.0,12.0,7.0,13.0,13.0,14.0,6.0,9.0,12.0,9.0,15.0,12.0,9.0,8.0,11.0,10.0,13.0,15.0,11.0,16.0,11.0,12.0,10.0,14.0,19.0,7.0,17.0
7.42,11.8,10.0,14.0,11.0,12.0,13.0,8.0,13.0,15.0,11.0,6.0,9.0,11.0,10.0,17.0,12.0,9.0,10.0,12.0,9.0,12.0,15.0,11.0,15.0,10.0,12.0,9.0,15.0,20.0,7.0,16.0
7.43,11.966666666666667,11.0,14.0,11.0,12.0,13.0,9.0,13.0,15.0,12.0,6.0,8.0,14.0,12.0,17.0,11.0,9.0,9.0,12.0,11.0,12.0,14.0,11.0,17.0,9.0,13.0,10.0,16.0,18.0,7.0,13.0
7.44,11.966666666666667,10.0,15.0,10.0,11.0,12.0,10.0,12.0,13.0,12.0,6.0,7.0,16.0,13.0,16.0,12.0,9.0,11.0,13.0,13.0,12.0,13.0,11.0,17.0,9.0,12.0,10.0,17.0,18.0,7.0,12.0
7.45,12.333333333333334,10.0,14.0,10.0,11.0,14.0,11.0,12.0,15.0,12.0,7.0,8.0,17.0,14.0,16.0,12.0,9.0,15.0,14.0,13.0,12.0,12.0,11.0,17.0,8.0,12.0,11.0,16.0,18.0,7.0,12.0
7.46,12.4,10.0,15.0,11.0,10.0,14.0,11.0,12.0,16.0,11.0,7.0,11.0,17.0,15.0,15.0,13.0,10.0,14.0,13.0,13.0,11.0,11.0,11.0,16.0,9.0,11.0,11.0,17.0,18.0,7.0,12.0
7.47,12.833333333333334,14.0,17.0,11.0,11.0,13.0,12.0,12.0,16.0,11.0,8.0,11.0,18.0,15.0,16.0,13.0,12.0,14.0,12.0,13.0,12.0,11.0,11.0,16.0,9.0,10.0,13.0,17.0,17.0,7.0,13.0
7.48,13.066666666666666,14.0,17.0,12.0,11.0,12.0,12.0,11.0,16.0,10.0,9.0,11.0,18.0,15.0,16.0,13.0,14.0,15.0,12.0,14.0,13.0,12.0,11.0,17.0,9.0,12.0,12.0,17.0,16.0,7.0,14.0
7.49,13.366666666666667,14.0,17.0,11.0,11.0,13.0,13.0,10.0,16.0,11.0,10.0,12.0,18.0,15.0,17.0,13.0,14.0,15.0,12.0,14.0,14.0,11.0,11.0,18.0,9.0,13.0,13.0,19.0,15.0,7.0,15.0
7.5,13.533333333333333,15.0,17.0,11.0,10.0,13.0,12.0,12.0,17.0,12.0,11.0,12.0,18.0,17.0,17.0,13.0,14.0,15.0,12.0,14.0,12.0,10.0,11.0,18.0,9.0,13.0,14.0,20.0,17.0,7.0,13.0
7.51,13.566666666666666,15.0,18.0,9.0,9.0,13.0,12.0,14.0,17.0,13.0,10.0,12.0,17.0,18.0,18.0,13.0,14.0,15.0,13.0,14.0,12.0,8.0,13.0,18.0,9.0,13.0,13.0,20.0,16.0,8.0,13.0
7.5200000000000005,13.666666666666666,15.0,19.0,9.0,11.0,13.0,12.0,15.0,18.0,14.0,9.0,12.0,17.0,18.0,18.0,14.0,12.0,15.0,14.0,14.0,12.0,8.0,12.0,17.0,9.0,13.0,12.0,20.0,18.0,8.0,12.0
7.53,13.733333333333333,14.0,21.0,11.0,10.0,13.0,12.0,15.0,19.0,15.0,11.0,12.0,18.0,18.0,18.0,11.0,13.0,14.0,14.0,14.0,15.0,8.0,11.0,17.0,8.0,12.0,12.0,20.0,16.0,8.0,12.0
7.54,14.066666666666666,14.0,23.0,11.0,10.0,14.0,11.0,15.0,19.0,14.0,13.0,12.0,18.0,18.0,18.0,10.0,13.0,17.0,14.0,14.0,15.0,8.0,11.0,17.0,8.0,12.0,14.0,21.0,17.0,9.0,12.0
7.55,13.966666666666667,14.0,23.0,11.0,9.0,14.0,12.0,14.0,18.0,15.0,14.0,9.0,18.0,18.0,17.0,9.0,12.0,19.0,14.0,15.0,15.0,9.0,10.0,18.0,8.0,12.0,16.0,20.0,15.0,8.0,13.0
7.5600000000000005,14.2,14.0,22.0,11.0,8.0,15.0,11.0,13.0,18.0,15.0,17.0,10.0,17.0,19.0,20.0,10.0,12.0,20.0,14.0,17.0,14.0,10.0,11.0,16.0,8.0,12.0,14.0,20.0,15.0,8.0,15.0
7.57,14.333333333333334,15.0,21.0,11.0,9.0,15.0,12.0,15.0,16.0,15.0,17.0,10.0,17.0,19.0,22.0,10.0,12.0,19.0,14.0,17.0,14.0,9.0,11.0,15.0,8.0,13.0,12.0,20.0,15.0,11.0,16.0
7.58,14.066666666666666,15.0,21.0,12.0,8.0,15.0,12.0,15.0,13.0,14.0,16.0,9.0,19.0,19.0,20.0,10.0,11.0,16.0,13.0,16.0,15.0,8.0,10.0,15.0,9.0,12.0,14.0,20.0,17.0,11.0,17.0
7.59,14.033333333333333,15.0,20.0,12.0,8.0,15.0,13.0,15.0,13.0,14.0,16.0,11.0,19.0,17.0,19.0,10.0,12.0,16.0,13.0,16.0,13.0,10.0,10.0,15.0,8.0,12.0,16.0,19.0,15.0,12.0,17.0
7.6000000000000005,14.5,16.0,22.0,12.0,9.0,15.0,15.0,16.0,13.0,14.0,16.0,12.0,20.0,17.0,19.0,10.0,12.0,17.0,12.0,16.0,14.0,10.0,11.0,14.0,9.0,13.0,16.0,19.0,15.0,14.0,17.0
7.61,14.566666666666666,17.0,22.0,13.0,9.0,15.0,14.0,15.0,14.0,13.0,18.0,12.0,20.0,18.0,20.0,10.0,12.0,17.0,12.0,15.0,15.0,10.0,10.0,14.0,9.0,13.0,16.0,19.0,15.0,13.0,17.0
7.62,14.633333333333333,18.0,23.0,12.0,9.0,15.0,13.0,16.0,14.0,14.0,18.0,11.0,21.0,18.0,20.0,9.0,12.0,17.0,12.0,15.0,16.0,10.0,10.0,14.0,9.0,14.0,16.0,18.0,14.0,14.0,17.0
7.63,14.966666666666667,18.0,21.0,12.0,9.0,14.0,12.0,16.0,14.0,15.0,20.0,13.0,20.0,18.0,22.0,10.0,15.0,17.0,13.0,14.0,15.0,10.0,11.0,14.0,9.0,14.0,20.0,19.0,14.0,14.0,16.0
7.640000000000001,15.133333333333333,19.0,22.0,14.0,9.0,13.0,13.0,16.0,14.0,14.0,20.0,12.0,21.0,20.0,23.0,9.0,17.0,15.0,13.0,16.0,14.0,10.0,11.0,14.0,9.0,15.0,21.0,17.0,14.0,14.0,15.0
7.65,15.1,18.0,23.0,14.0,10.0,14.0,13.0,17.0,13.0,13.0,20.0,11.0,20.0,20.0,21.0,9.0,17.0,15.0,14.0,15.0,14.0,11.0,10.0,13.0,11.0,15.0,23.0,15.0,15.0,13.0,16.0
7.66,15.433333333333334,18.0,21.0,15.0,10.0,15.0,15.0,18.0,14.0,14.0,19.0,11.0,22.0,20.0,21.0,9.0,18.0,15.0,14.0,15.0,14.0,11.0,11.0,14.0,12.0,15.0,23.0,15.0,14.0,13.0,17.0
7.67,15.2,18.0,20.0,16.0,9.0,13.0,17.0,17.0,14.0,14.0,18.0,12.0,22.0,18.0,20.0,9.0,18.0,16.0,13.0,16.0,14.0,11.0,10.0,15.0,12.0,14.0,22.0,15.0,14.0,13.0,16.0
7.68,14.8,18.0,20.0,16.0,9.0,14.0,17.0,17.0,11.0,14.0,16.0,11.0,21.0,19.0,17.0,7.0,17.0,16.0,12.0,15.0,16.0,12.0,10.0,14.0,12.0,15.0,21.0,13.0,15.0,13.0,16.0
7.69,14.633333333333333,19.0,21.0,16.0,9.0,14.0,18.0,15.0,11.0,14.0,18.0,10.0,21.0,19.0,15.0,9.0,17.0,15.0,12.0,15.0,15.0,10.0,10.0,14.0,12.0,14.0,20.0,12.0,13.0,15.0,16.0
7.7,14.566666666666666,18.0,20.0,16.0,9.0,14.0,18.0,15.0,10.0,14.0,18.0,10.0,21.0,19.0,15.0,12.0,16.0,14.0,12.0,14.0,13.0,12.0,11.0,13.0,13.0,14.0,20.0,12.0,13.0,15.0,16.0
7.71,14.666666666666666,17.0,20.0,16.0,8.0,15.0,19.0,16.0,12.0,13.0,19.0,10.0,21.0,18.0,16.0,12.0,15.0,15.0,12.0,13.0,13.0,12.0,11.0,13.0,15.0,15.0,20.0,11.0,13.0,14.0,16.0
7.72,15.133333333333333,18.0,21.0,15.0,8.0,14.0,19.0,17.0,13.0,13.0,21.0,10.0,21.0,18.0,16.0,12.0,15.0,14.0,12.0,14.0,13.0,12.0,11.0,13.0,16.0,16.0,22.0,13.0,13.0,19.0,15.0
7.73,14.933333333333334,19.0,20.0,15.0,8.0,14.0,19.0,16.0,12.0,14.0,21.0,10.0,21.0,19.0,14.0,11.0,14.0,12.0,11.0,14.0,15.0,13.0,11.0,13.0,15.0,13.0,24.0,13.0,11.0,21.0,15.0
7.74,15.166666666666666,18.0,21.0,15.0,9.0,14.0,16.0,16.0,12.0,14.0,21.0,10.0,21.0,19.0,16.0,12.0,15.0,12.0,7.0,12.0,15.0,15.0,12.0,15.0,16.0,14.0,25.0,14.0,11.0,23.0,15.0
7.75,15.333333333333334,17.0,20.0,16.0,10.0,15.0,16.0,16.0,14.0,14.0,20.0,10.0,19.0,20.0,15.0,13.0,15.0,13.0,8.0,11.0,16.0,16.0,11.0,13.0,17.0,14.0,25.0,16.0,9.0,24.0,17.0
7.76,15.466666666666667,17.0,20.0,16.0,11.0,15.0,18.0,15.0,16.0,13.0,20.0,10.0,20.0,20.0,16.0,16.0,15.0,12.0,8.0,11.0,16.0,16.0,12.0,11.0,16.0,13.0,26.0,15.0,7.0,25.0,18.0
7.7700000000000005,15.7,17.0,20.0,17.0,11.0,15.0,20.0,15.0,17.0,12.0,21.0,10.0,20.0,19.0,19.0,16.0,16.0,11.0,6.0,12.0,14.0,16.0,13.0,11.0,19.0,13.0,28.0,15.0,7.0,23.0,18.0
7.78,15.766666666666667,17.0,20.0,15.0,11.0,17.0,20.0,15.0,17.0,12.0,23.0,10.0,20.0,17.0,17.0,17.0,16.0,11.0,6.0,13.0,14.0,16.0,16.0,10.0,18.0,12.0,31.0,13.0,7.0,24.0,18.0
7.79,15.5,16.0,19.0,15.0,11.0,15.0,18.0,15.0,16.0,11.0,21.0,9.0,20.0,16.0,17.0,16.0,15.0,12.0,7.0,13.0,15.0,19.0,16.0,10.0,18.0,11.0,33.0,14.0,5.0,24.0,18.0
7.8,15.466666666666667,16.0,19.0,14.0,12.0,16.0,17.0,14.0,19.0,12.0,23.0,10.0,19.0,18.0,16.0,15.0,15.0,12.0,9.0,13.0,14.0,18.0,14.0,7.0,16.0,11.0,33.0,14.0,7.0,24.0,17.0
7.8100000000000005,15.666666666666666,16.0,18.0,14.0,12.0,16.0,16.0,17.0,18.0,12.0,23.0,9.0,19.0,19.0,15.0,15.0,15.0,13.0,11.0,14.0,14.0,18.0,15.0,9.0,16.0,12.0,33.0,14.0,7.0,23.0,17.0
7.82,16.166666666666668,15.0,18.0,14.0,12.0,17.0,17.0,17.0,19.0,12.0,23.0,10.0,19.0,19.0,15.0,15.0,15.0,15.0,11.0,16.0,14.0,20.0,15.0,9.0,20.0,11.0,34.0,14.0,7.0,24.0,18.0
7.83,16.533333333333335,13.0,18.0,15.0,13.0,17.0,16.0,18.0,19.0,11.0,22.0,11.0,21.0,19.0,15.0,15.0,17.0,16.0,13.0,16.0,13.0,19.0,15.0,12.0,19.0,14.0,35.0,15.0,8.0,24.0,17.0
7.84,16.8,15.0,18.0,17.0,13.0,17.0,17.0,18.0,17.0,11.0,21.0,10.0,21.0,19.0,16.0,16.0,18.0,15.0,15.0,15.0,14.0,20.0,15.0,13.0,20.0,14.0,35.0,16.0,9.0,23.0,16.0
7.8500000000000005,16.966666666666665,15.0,18.0,17.0,13.0,16.0,19.0,20.0,18.0,12.0,22.0,10.0,21.0,19.0,16.0,16.0,16.0,16.0,13.0,16.0,15.0,21.0,16.0,13.0,17.0,15.0,34.0,17.0,9.0,23.0,16.0
7.86,17.033333333333335,16.0,18.0,16.0,15.0,17.0,20.0,18.0,20.0,13.0,22.0,9.0,21.0,18.0,15.0,15.0,16.0,16.0,14.0,17.0,14.0,21.0,18.0,13.0,17.0,17.0,32.0,17.0,9.0,23.0,14.0
7.87,17.233333333333334,14.0,16.0,16.0,16.0,20.0,20.0,18.0,22.0,13.0,22.0,10.0,20.0,18.0,15.0,15.0,17.0,17.0,18.0,16.0,13.0,21.0,20.0,12.0,17.0,15.0,34.0,17.0,8.0,24.0,13.0
7.88,17.7,15.0,19.0,17.0,15.0,21.0,20.0,18.0,21.0,13.0,21.0,9.0,21.0,17.0,15.0,16.0,18.0,18.0,19.0,16.0,13.0,22.0,21.0,13.0,18.0,16.0,35.0,19.0,9.0,24.0,12.0
7.890000000000001,17.666666666666668,15.0,20.0,16.0,16.0,21.0,21.0,18.0,21.0,14.0,22.0,8.0,20.0,17.0,15.0,15.0,17.0,18.0,19.0,16.0,11.0,21.0,22.0,12.0,18.0,15.0,34.0,20.0,9.0,25.0,14.0
7.9,18.066666666666666,15.0,20.0,16.0,17.0,22.0,20.0,18.0,22.0,15.0,23.0,8.0,22.0,17.0,16.0,14.0,20.0,18.0,19.0,16.0,12.0,22.0,22.0,12.0,18.0,16.0,33.0,20.0,10.0,25.0,14.0
7.91,18.066666666666666,15.0,21.0,17.0,17.0,22.0,19.0,20.0,22.0,15.0,23.0,8.0,22.0,16.0,15.0,13.0,20.0,17.0,19.0,15.0,12.0,22.0,22.0,14.0,18.0,17.0,32.0,21.0,10.0,24.0,14.0
7.92,17.733333333333334,14.0,20.0,17.0,18.0,20.0,17.0,19.0,22.0,15.0,22.0,7.0,21.0,16.0,14.0,14.0,20.0,18.0,18.0,14.0,13.0,22.0,23.0,14.0,18.0,18.0,32.0,21.0,10.0,20.0,15.0
7.930000000000001,17.666666666666668,16.0,19.0,18.0,18.0,19.0,17.0,20.0,23.0,15.0,23.0,6.0,19.0,17.0,16.0,13.0,20.0,19.0,17.0,14.0,13.0,20.0,20.0,14.0,19.0,17.0,31.0,22.0,12.0,18.0,15.0
7.94,18.0,16.0,21.0,18.0,18.0,22.0,17.0,18.0,22.0,16.0,23.0,8.0,19.0,16.0,16.0,16.0,20.0,19.0,17.0,13.0,12.0,20.0,20.0,14.0,21.0,20.0,32.0,22.0,12.0,17.0,15.0
7.95,18.0,16.0,21.0,18.0,19.0,22.0,19.0,17.0,23.0,15.0,21.0,9.0,19.0,17.0,17.0,16.0,20.0,19.0,16.0,11.0,12.0,22.0,20.0,14.0,19.0,19.0,34.0,22.0,12.0,16.0,15.0
7.96,18.1,16.0,20.0,18.0,19.0,24.0,19.0,17.0,22.0,16.0,21.0,9.0,18.0,19.0,18.0,16.0,21.0,19.0,16.0,11.0,13.0,21.0,19.0,15.0,19.0,19.0,34.0,20.0,13.0,16.0,15.0
7.97,18.4,16.0,21.0,18.0,18.0,23.0,22.0,17.0,22.0,16.0,22.0,9.0,16.0,18.0,18.0,18.0,21.0,19.0,17.0,11.0,14.0,20.0,19.0,15.0,22.0,19.0,33.0,20.0,14.0,18.0,16.0
7.98,18.733333333333334,19.0,21.0,18.0,19.0,24.0,22.0,17.0,23.0,17.0,20.0,9.0,16.0,19.0,18.0,18.0,21.0,22.0,18.0,12.0,15.0,19.0,19.0,15.0,22.0,21.0,32.0,20.0,14.0,18.0,14.0
7.99,18.8,20.0,23.0,17.0,18.0,25.0,22.0,17.0,24.0,18.0,21.0,10.0,16.0,19.0,18.0,18.0,21.0,21.0,18.0,13.0,15.0,17.0,18.0,15.0,23.0,21.0,33.0,19.0,14.0,17.0,13.0
8.0,18.8,19.0,24.0,16.0,17.0,26.0,23.0,18.0,25.0,16.0,22.0,9.0,15.0,20.0,18.0,18.0,19.0,22.0,19.0,13.0,14.0,16.0,19.0,15.0,23.0,22.0,31.0,20.0,15.0,18.0,12.0
8.01,18.833333333333332,18.0,25.0,15.0,16.0,26.0,24.0,19.0,25.0,20.0,21.0,8.0,15.0,19.0,16.0,17.0,16.0,23.0,19.0,13.0,15.0,15.0,20.0,15.0,23.0,24.0,33.0,19.0,15.0,19.0,12.0
8.02,18.8,18.0,26.0,14.0,17.0,26.0,25.0,18.0,26.0,20.0,20.0,7.0,13.0,21.0,16.0,17.0,16.0,22.0,20.0,13.0,15.0,15.0,18.0,16.0,24.0,23.0,32.0,18.0,15.0,20.0,13.0
8.03,19.066666666666666,21.0,27.0,14.0,17.0,26.0,25.0,19.0,25.0,21.0,19.0,9.0,14.0,20.0,17.0,15.0,16.0,22.0,21.0,13.0,15.0,15.0,19.0,14.0,24.0,23.0,33.0,19.0,16.0,19.0,14.0
8.040000000000001,19.4,21.0,29.0,15.0,17.0,25.0,25.0,21.0,23.0,20.0,21.0,10.0,14.0,22.0,17.0,16.0,19.0,21.0,20.0,12.0,13.0,15.0,20.0,17.0,23.0,25.0,30.0,18.0,18.0,20.0,15.0
8.05,19.6,20.0,29.0,15.0,21.0,24.0,26.0,21.0,24.0,20.0,18.0,10.0,14.0,22.0,17.0,16.0,19.0,22.0,19.0,12.0,13.0,15.0,22.0,18.0,23.0,26.0,31.0,17.0,18.0,20.0,16.0
8.06,19.833333333333332,17.0,30.0,17.0,22.0,24.0,28.0,19.0,25.0,19.0,17.0,12.0,14.0,21.0,18.0,16.0,19.0,21.0,19.0,12.0,13.0,15.0,25.0,19.0,25.0,27.0,30.0,17.0,17.0,21.0,16.0
8.07,20.0,17.0,28.0,17.0,22.0,22.0,26.0,19.0,23.0,21.0,18.0,12.0,13.0,20.0,18.0,17.0,20.0,21.0,19.0,13.0,14.0,17.0,28.0,20.0,25.0,26.0,30.0,17.0,19.0,21.0,17.0
8.08,19.9,15.0,27.0,18.0,22.0,22.0,26.0,17.0,22.0,20.0,17.0,13.0,13.0,21.0,18.0,17.0,19.0,20.0,18.0,14.0,15.0,18.0,28.0,20.0,27.0,26.0,30.0,16.0,19.0,22.0,17.0
8.09,19.766666666666666,15.0,26.0,18.0,23.0,23.0,25.0,16.0,23.0,20.0,17.0,13.0,11.0,22.0,20.0,17.0,19.0,16.0,18.0,15.0,16.0,17.0,27.0,19.0,26.0,26.0,29.0,17.0,19.0,23.0,17.0
8.1,19.9,14.0,27.0,20.0,23.0,22.0,25.0,16.0,23.0,20.0,19.0,12.0,11.0,23.0,18.0,16.0,20.0,17.0,18.0,16.0,17.0,17.0,26.0,20.0,26.0,24.0,31.0,19.0,20.0,22.0,15.0
8.11,19.766666666666666,13.0,27.0,19.0,22.0,22.0,25.0,16.0,24.0,19.0,19.0,13.0,12.0,23.0,18.0,15.0,20.0,17.0,18.0,16.0,17.0,17.0,27.0,20.0,24.0,26.0,31.0,19.0,20.0,21.0,13.0
8.120000000000001,19.833333333333332,12.0,28.0,18.0,22.0,21.0,23.0,16.0,23.0,20.0,21.0,12.0,11.0,25.0,20.0,15.0,21.0,16.0,17.0,17.0,17.0,17.0,26.0,19.0,24.0,27.0,30.0,21.0,21.0,22.0,13.0
8.13,20.033333333333335,12.0,29.0,17.0,23.0,21.0,24.0,16.0,22.0,19.0,22.0,13.0,13.0,25.0,21.0,15.0,22.0,17.0,17.0,19.0,15.0,17.0,27.0,19.0,25.0,24.0,28.0,21.0,22.0,22.0,14.0
8.14,20.033333333333335,12.0,29.0,19.0,22.0,22.0,25.0,16.0,20.0,18.0,23.0,14.0,13.0,25.0,23.0,16.0,22.0,17.0,18.0,20.0,14.0,16.0,26.0,17.0,26.0,24.0,26.0,20.0,23.0,21.0,14.0
8.15,19.8,12.0,30.0,18.0,21.0,21.0,22.0,16.0,20.0,18.0,23.0,13.0,12.0,26.0,25.0,17.0,22.0,15.0,18.0,21.0,14.0,15.0,26.0,17.0,23.0,25.0,26.0,19.0,23.0,21.0,15.0
8.16,19.733333333333334,10.0,30.0,18.0,20.0,20.0,23.0,16.0,19.0,19.0,24.0,13.0,12.0,26.0,25.0,18.0,22.0,15.0,19.0,20.0,14.0,14.0,27.0,17.0,23.0,27.0,26.0,18.0,22.0,20.0,15.0
8.17,19.7,10.0,29.0,20.0,20.0,21.0,22.0,17.0,18.0,19.0,24.0,15.0,12.0,26.0,25.0,17.0,23.0,12.0,21.0,18.0,13.0,15.0,27.0,17.0,23.0,27.0,26.0,18.0,21.0,20.0,15.0
8.18,19.333333333333332,8.0,29.0,21.0,20.0,20.0,22.0,18.0,17.0,19.0,22.0,13.0,13.0,24.0,23.0,16.0,22.0,14.0,22.0,18.0,12.0,16.0,27.0,19.0,22.0,26.0,25.0,17.0,22.0,19.0,14.0
8.19,19.3,8.0,30.0,20.0,22.0,20.0,21.0,18.0,17.0,18.0,24.0,15.0,11.0,22.0,22.0,16.0,22.0,15.0,21.0,18.0,13.0,17.0,27.0,17.0,23.0,26.0,25.0,16.0,20.0,19.0,16.0
8.2,19.233333333333334,10.0,30.0,19.0,21.0,20.0,21.0,18.0,14.0,17.0,23.0,16.0,12.0,22.0,24.0,16.0,22.0,15.0,19.0,18.0,15.0,18.0,28.0,18.0,23.0,27.0,25.0,16.0,19.0,17.0,14.0
8.21,19.066666666666666,9.0,28.0,20.0,20.0,18.0,21.0,18.0,14.0,17.0,21.0,17.0,12.0,20.0,23.0,17.0,22.0,15.0,19.0,18.0,15.0,17.0,28.0,20.0,23.0,25.0,25.0,15.0,22.0,18.0,15.0
8.22,19.433333333333334,8.0,28.0,19.0,20.0,18.0,21.0,20.0,14.0,18.0,23.0,18.0,13.0,21.0,23.0,16.0,23.0,16.0,20.0,18.0,15.0,18.0,29.0,21.0,24.0,24.0,24.0,16.0,23.0,17.0,15.0
8.23,19.433333333333334,8.0,28.0,20.0,20.0,17.0,21.0,21.0,15.0,18.0,23.0,18.0,14.0,21.0,21.0,16.0,23.0,17.0,21.0,17.0,17.0,20.0,30.0,20.0,22.0,23.0,22.0,17.0,21.0,18.0,14.0
8.24,19.4,8.0,28.0,19.0,19.0,15.0,21.0,21.0,15.0,17.0,24.0,18.0,15.0,20.0,22.0,20.0,19.0,19.0,21.0,16.0,19.0,20.0,30.0,20.0,21.0,23.0,21.0,20.0,20.0,17.0,14.0
8.25,19.1,8.0,26.0,21.0,18.0,15.0,21.0,20.0,15.0,17.0,21.0,18.0,15.0,21.0,22.0,21.0,18.0,18.0,20.0,16.0,19.0,21.0,31.0,19.0,18.0,23.0,22.0,19.0,20.0,17.0,13.0
8.26,19.133333333333333,8.0,25.0,21.0,19.0,16.0,22.0,21.0,15.0,17.0,18.0,18.0,14.0,21.0,21.0,20.0,18.0,20.0,20.0,17.0,19.0,21.0,31.0,19.0,19.0,24.0,21.0,18.0,21.0,17.0,13.0
8.27,19.433333333333334,9.0,25.0,21.0,20.0,14.0,22.0,20.0,17.0,17.0,18.0,19.0,14.0,21.0,22.0,20.0,20.0,21.0,20.0,19.0,19.0,21.0,31.0,20.0,21.0,23.0,21.0,18.0,21.0,17.0,12.0
8.28,19.7,10.0,28.0,21.0,20.0,14.0,22.0,20.0,18.0,16.0,18.0,18.0,16.0,18.0,23.0,20.0,20.0,23.0,18.0,19.0,19.0,22.0,31.0,21.0,22.0,22.0,21.0,19.0,22.0,17.0,13.0
8.290000000000001,19.966666666666665,10.0,27.0,23.0,20.0,14.0,23.0,20.0,18.0,16.0,21.0,17.0,16.0,19.0,23.0,21.0,20.0,22.0,19.0,19.0,18.0,21.0,31.0,22.0,23.0,22.0,22.0,19.0,24.0,17.0,12.0
8.3,20.2,10.0,26.0,21.0,21.0,13.0,23.0,21.0,19.0,17.0,22.0,16.0,16.0,20.0,21.0,20.0,21.0,22.0,18.0,21.0,17.0,21.0,30.0,23.0,23.0,22.0,24.0,19.0,25.0,19.0,15.0
8.31,20.266666666666666,9.0,27.0,22.0,23.0,13.0,23.0,21.0,19.0,17.0,20.0,16.0,17.0,19.0,21.0,21.0,20.0,22.0,16.0,20.0,17.0,21.0,30.0,25.0,24.0,22.0,24.0,19.0,25.0,20.0,15.0
8.32,20.633333333333333,8.0,27.0,21.0,22.0,13.0,24.0,23.0,20.0,17.0,21.0,17.0,17.0,21.0,21.0,23.0,20.0,23.0,19.0,20.0,16.0,21.0,31.0,26.0,27.0,22.0,23.0,18.0,25.0,18.0,15.0
8.33,20.6,8.0,26.0,19.0,21.0,15.0,25.0,23.0,18.0,15.0,21.0,17.0,16.0,21.0,23.0,23.0,23.0,25.0,18.0,20.0,15.0,21.0,32.0,24.0,27.0,23.0,21.0,17.0,26.0,18.0,17.0
8.34,20.5,10.0,24.0,20.0,20.0,15.0,25.0,23.0,18.0,12.0,22.0,18.0,16.0,20.0,26.0,22.0,23.0,25.0,18.0,22.0,15.0,21.0,29.0,24.0,27.0,23.0,21.0,16.0,26.0,17.0,17.0
8.35,20.8,10.0,25.0,20.0,21.0,16.0,25.0,23.0,18.0,14.0,22.0,19.0,17.0,20.0,26.0,23.0,25.0,26.0,18.0,20.0,15.0,23.0,28.0,23.0,29.0,22.0,19.0,16.0,27.0,16.0,18.0
8.36,20.933333333333334,12.0,25.0,22.0,21.0,15.0,25.0,25.0,18.0,13.0,22.0,18.0,20.0,20.0,26.0,22.0,27.0,25.0,19.0,18.0,17.0,22.0,28.0,22.0,27.0,23.0,18.0,16.0,27.0,17.0,18.0
8.370000000000001,21.1,12.0,27.0,22.0,22.0,15.0,26.0,28.0,18.0,13.0,22.0,17.0,19.0,21.0,26.0,22.0,27.0,24.0,20.0,19.0,16.0,22.0,27.0,23.0,27.0,23.0,18.0,16.0,27.0,16.0,18.0
8.38,21.466666666666665,13.0,28.0,21.0,23.0,15.0,28.0,29.0,18.0,13.0,22.0,19.0,20.0,20.0,25.0,21.0,25.0,24.0,21.0,21.0,16.0,20.0,30.0,23.0,27.0,23.0,19.0,17.0,28.0,16.0,19.0
8.39,21.433333333333334,13.0,28.0,23.0,23.0,16.0,29.0,29.0,18.0,12.0,21.0,19.0,21.0,22.0,24.0,20.0,28.0,23.0,21.0,21.0,16.0,22.0,30.0,24.0,24.0,21.0,18.0,17.0,27.0,15.0,18.0
8.4,21.6,14.0,31.0,22.0,24.0,16.0,28.0,27.0,18.0,13.0,21.0,19.0,20.0,21.0,25.0,20.0,28.0,23.0,21.0,22.0,15.0,22.0,30.0,22.0,24.0,21.0,18.0,18.0,29.0,18.0,18.0
8.41,21.6,15.0,30.0,22.0,22.0,17.0,29.0,28.0,17.0,13.0,22.0,18.0,20.0,20.0,26.0,20.0,28.0,20.0,23.0,22.0,15.0,24.0,31.0,20.0,24.0,20.0,17.0,18.0,30.0,18.0,19.0
8.42,21.733333333333334,19.0,30.0,25.0,21.0,16.0,29.0,30.0,17.0,13.0,22.0,17.0,19.0,20.0,22.0,18.0,28.0,21.0,24.0,22.0,15.0,25.0,28.0,19.0,24.0,20.0,17.0,20.0,31.0,19.0,21.0
8.43,21.766666666666666,21.0,29.0,27.0,21.0,16.0,28.0,29.0,16.0,14.0,23.0,16.0,19.0,20.0,23.0,18.0,29.0,21.0,23.0,22.0,16.0,25.0,29.0,19.0,22.0,19.0,17.0,20.0,31.0,19.0,21.0
8.44,21.8,22.0,31.0,28.0,20.0,16.0,27.0,29.0,16.0,13.0,24.0,17.0,19.0,19.0,23.0,19.0,28.0,21.0,22.0,22.0,17.0,24.0,30.0,18.0,22.0,19.0,17.0,21.0,30.0,20.0,20.0
8.45,21.966666666666665,21.0,32.0,28.0,19.0,16.0,29.0,29.0,15.0,12.0,24.0,18.0,19.0,19.0,21.0,22.0,27.0,24.0,21.0,21.0,18.0,24.0,30.0,17.0,22.0,19.0,18.0,19.0,30.0,24.0,21.0
8.46,21.633333333333333,22.0,29.0,27.0,21.0,16.0,29.0,27.0,15.0,13.0,25.0,18.0,17.0,20.0,21.0,22.0,27.0,24.0,21.0,23.0,18.0,22.0,28.0,16.0,21.0,17.0,16.0,21.0,29.0,24.0,20.0
8.47,21.733333333333334,22.0,31.0,26.0,22.0,16.0,30.0,27.0,16.0,12.0,27.0,18.0,17.0,21.0,20.0,21.0,26.0,25.0,22.0,23.0,17.0,23.0,29.0,16.0,18.0,16.0,15.0,21.0,30.0,24.0,21.0
8.48,22.066666666666666,23.0,32.0,25.0,24.0,17.0,30.0,29.0,16.0,13.0,29.0,19.0,17.0,21.0,20.0,21.0,26.0,24.0,22.0,23.0,18.0,22.0,28.0,17.0,18.0,17.0,15.0,22.0,27.0,25.0,22.0
8.49,22.433333333333334,26.0,33.0,23.0,23.0,17.0,29.0,31.0,17.0,13.0,30.0,19.0,18.0,22.0,20.0,22.0,27.0,24.0,22.0,24.0,19.0,22.0,27.0,18.0,16.0,17.0,15.0,23.0,27.0,26.0,23.0
8.5,22.7,27.0,32.0,24.0,25.0,19.0,29.0,32.0,19.0,14.0,30.0,19.0,19.0,23.0,20.0,21.0,26.0,23.0,20.0,25.0,18.0,21.0,27.0,21.0,16.0,18.0,15.0,24.0,27.0,24.0,23.0
8.51,22.4,27.0,30.0,25.0,25.0,19.0,29.0,29.0,19.0,15.0,30.0,18.0,18.0,23.0,22.0,23.0,27.0,23.0,18.0,23.0,17.0,21.0,27.0,21.0,17.0,19.0,14.0,22.0,27.0,22.0,22.0
8.52,22.3,27.0,29.0,26.0,24.0,20.0,29.0,26.0,22.0,16.0,31.0,17.0,18.0,23.0,22.0,22.0,27.0,24.0,16.0,23.0,18.0,20.0,29.0,22.0,18.0,18.0,15.0,22.0,26.0,21.0,18.0
8.53,22.666666666666668,30.0,28.0,28.0,25.0,20.0,29.0,24.0,23.0,17.0,31.0,18.0,19.0,25.0,22.0,22.0,26.0,26.0,16.0,24.0,19.0,19.0,30.0,20.0,18.0,20.0,14.0,22.0,25.0,21.0,19.0
8.540000000000001,22.7,30.0,30.0,25.0,23.0,23.0,29.0,24.0,24.0,17.0,30.0,16.0,19.0,24.0,21.0,26.0,24.0,24.0,18.0,24.0,20.0,19.0,30.0,20.0,17.0,21.0,15.0,21.0,26.0,21.0,20.0
8.55,22.866666666666667,31.0,29.0,27.0,23.0,23.0,29.0,25.0,26.0,19.0,29.0,15.0,22.0,23.0,21.0,29.0,23.0,25.0,18.0,26.0,21.0,18.0,27.0,19.0,16.0,20.0,17.0,21.0,25.0,21.0,18.0
8.56,23.2,32.0,29.0,25.0,23.0,22.0,29.0,26.0,27.0,19.0,30.0,15.0,22.0,23.0,21.0,29.0,23.0,24.0,22.0,26.0,20.0,18.0,26.0,20.0,16.0,20.0,17.0,22.0,27.0,22.0,21.0
8.57,23.6,33.0,29.0,27.0,22.0,23.0,29.0,26.0,29.0,19.0,30.0,14.0,24.0,22.0,22.0,29.0,23.0,24.0,23.0,28.0,20.0,21.0,25.0,21.0,15.0,22.0,15.0,23.0,26.0,23.0,21.0
8.58,23.333333333333332,36.0,26.0,26.0,21.0,22.0,29.0,29.0,29.0,19.0,27.0,14.0,24.0,22.0,21.0,29.0,22.0,23.0,25.0,27.0,21.0,20.0,24.0,21.0,15.0,20.0,16.0,23.0,24.0,24.0,21.0
8.59,23.766666666666666,37.0,26.0,28.0,24.0,23.0,28.0,29.0,28.0,19.0,28.0,13.0,24.0,23.0,20.0,29.0,22.0,23.0,25.0,26.0,21.0,21.0,26.0,21.0,16.0,21.0,18.0,24.0,25.0,24.0,21.0
8.6,24.333333333333332,38.0,25.0,27.0,24.0,22.0,29.0,28.0,27.0,21.0,26.0,16.0,28.0,23.0,19.0,28.0,22.0,23.0,26.0,29.0,21.0,21.0,26.0,24.0,16.0,22.0,19.0,26.0,28.0,24.0,22.0
8.61,24.5,38.0,24.0,26.0,24.0,22.0,29.0,27.0,28.0,20.0,25.0,15.0,30.0,23.0,18.0,30.0,22.0,24.0,27.0,30.0,21.0,21.0,26.0,24.0,16.0,23.0,19.0,27.0,29.0,25.0,22.0
8.620000000000001,24.9,38.0,26.0,26.0,24.0,24.0,27.0,27.0,31.0,22.0,25.0,17.0,29.0,21.0,19.0,32.0,20.0,24.0,27.0,30.0,22.0,22.0,28.0,24.0,16.0,21.0,21.0,27.0,30.0,25.0,22.0
8.63,25.366666666666667,38.0,25.0,27.0,25.0,24.0,29.0,27.0,33.0,22.0,25.0,18.0,30.0,21.0,18.0,31.0,21.0,24.0,27.0,32.0,22.0,23.0,30.0,23.0,17.0,22.0,22.0,27.0,28.0,27.0,23.0
8.64,25.666666666666668,37.0,27.0,26.0,26.0,25.0,28.0,27.0,34.0,21.0,24.0,19.0,30.0,21.0,19.0,30.0,20.0,25.0,29.0,31.0,20.0,25.0,30.0,24.0,18.0,21.0,24.0,27.0,28.0,27.0,27.0
8.65,26.166666666666668,37.0,28.0,26.0,25.0,24.0,28.0,25.0,35.0,22.0,27.0,19.0,30.0,20.0,18.0,30.0,20.0,26.0,29.0,32.0,20.0,28.0,33.0,28.0,22.0,23.0,23.0,27.0,27.0,26.0,27.0
8.66,26.266666666666666,38.0,26.0,24.0,26.0,25.0,27.0,25.0,35.0,23.0,28.0,19.0,29.0,20.0,19.0,30.0,20.0,26.0,29.0,30.0,19.0,32.0,34.0,26.0,23.0,23.0,22.0,26.0,29.0,27.0,28.0
8.67,26.366666666666667,39.0,26.0,23.0,28.0,24.0,29.0,24.0,34.0,24.0,30.0,18.0,28.0,21.0,19.0,30.0,19.0,27.0,30.0,31.0,19.0,32.0,34.0,24.0,23.0,23.0,24.0,24.0,29.0,28.0,27.0
8.68,26.5,39.0,26.0,23.0,29.0,24.0,29.0,25.0,36.0,25.0,30.0,19.0,29.0,23.0,19.0,29.0,21.0,27.0,29.0,31.0,20.0,31.0,33.0,24.0,25.0,24.0,24.0,22.0,28.0,26.0,25.0
8.69,26.466666666666665,38.0,26.0,21.0,28.0,24.0,29.0,26.0,36.0,25.0,31.0,17.0,30.0,22.0,19.0,29.0,22.0,27.0,30.0,33.0,20.0,30.0,32.0,24.0,24.0,25.0,24.0,23.0,27.0,27.0,25.0
8.700000000000001,26.566666666666666,35.0,30.0,19.0,26.0,26.0,27.0,29.0,33.0,26.0,30.0,19.0,31.0,23.0,19.0,29.0,25.0,26.0,30.0,32.0,21.0,30.0,29.0,23.0,24.0,26.0,24.0,23.0,27.0,30.0,25.0
8.71,25.966666666666665,34.0,30.0,19.0,26.0,23.0,27.0,26.0,33.0,27.0,31.0,18.0,29.0,21.0,19.0,28.0,25.0,25.0,30.0,32.0,20.0,30.0,27.0,22.0,23.0,26.0,23.0,23.0,26.0,32.0,24.0
8.72,26.433333333333334,37.0,32.0,21.0,27.0,22.0,28.0,25.0,33.0,27.0,32.0,20.0,31.0,18.0,19.0,28.0,26.0,24.0,30.0,30.0,18.0,33.0,28.0,22.0,23.0,28.0,22.0,23.0,27.0,34.0,25.0
8.73,26.433333333333334,35.0,32.0,21.0,27.0,23.0,27.0,24.0,32.0,27.0,29.0,21.0,33.0,19.0,19.0,28.0,26.0,25.0,30.0,29.0,17.0,31.0,30.0,21.0,24.0,29.0,24.0,23.0,27.0,35.0,25.0
8.74,26.933333333333334,35.0,32.0,25.0,27.0,25.0,26.0,24.0,31.0,28.0,30.0,20.0,35.0,19.0,20.0,26.0,29.0,25.0,32.0,30.0,17.0,31.0,28.0,21.0,25.0,29.0,24.0,23.0,28.0,36.0,27.0
8.75,26.9,34.0,33.0,26.0,27.0,26.0,27.0,25.0,30.0,25.0,31.0,21.0,36.0,19.0,20.0,25.0,29.0,24.0,29.0,29.0,18.0,29.0,28.0,23.0,25.0,29.0,26.0,23.0,27.0,33.0,30.0
8.76,26.866666666666667,36.0,31.0,27.0,25.0,29.0,28.0,26.0,31.0,25.0,32.0,21.0,35.0,19.0,21.0,25.0,29.0,23.0,30.0,26.0,15.0,29.0,28.0,24.0,25.0,31.0,24.0,25.0,26.0,32.0,28.0
8.77,26.9,35.0,33.0,26.0,23.0,30.0,26.0,27.0,29.0,26.0,33.0,22.0,34.0,21.0,20.0,24.0,32.0,22.0,31.0,26.0,16.0,27.0,28.0,24.0,26.0,31.0,26.0,25.0,26.0,29.0,29.0
8.78,27.1,35.0,33.0,24.0,22.0,30.0,26.0,28.0,29.0,24.0,33.0,21.0,37.0,20.0,20.0,25.0,31.0,22.0,34.0,25.0,17.0,30.0,26.0,24.0,29.0,31.0,27.0,25.0,26.0,32.0,27.0
8.790000000000001,27.0,31.0,32.0,24.0,24.0,29.0,24.0,28.0,31.0,23.0,33.0,22.0,36.0,21.0,21.0,24.0,29.0,25.0,32.0,27.0,17.0,29.0,29.0,24.0,29.0,30.0,26.0,25.0,25.0,32.0,28.0
8.8,27.233333333333334,29.0,33.0,25.0,22.0,30.0,24.0,26.0,32.0,27.0,36.0,22.0,37.0,20.0,22.0,24.0,30.0,23.0,29.0,29.0,18.0,29.0,28.0,25.0,29.0,32.0,27.0,26.0,26.0,30.0,27.0
8.81,27.4,28.0,33.0,26.0,23.0,31.0,23.0,26.0,30.0,28.0,36.0,21.0,36.0,20.0,23.0,22.0,33.0,26.0,28.0,31.0,17.0,31.0,28.0,27.0,29.0,30.0,28.0,25.0,26.0,31.0,26.0
8.82,27.366666666666667,30.0,32.0,23.0,23.0,31.0,24.0,23.0,29.0,30.0,35.0,21.0,37.0,20.0,23.0,23.0,33.0,25.0,27.0,30.0,19.0,29.0,27.0,27.0,29.0,30.0,30.0,28.0,27.0,30.0,26.0
8.83,27.1,32.0,33.0,24.0,22.0,32.0,24.0,23.0,26.0,28.0,36.0,21.0,35.0,21.0,22.0,22.0,32.0,26.0,26.0,30.0,20.0,29.0,26.0,29.0,28.0,30.0,29.0,27.0,23.0,30.0,27.0
8.84,26.966666666666665,31.0,32.0,23.0,21.0,32.0,23.0,22.0,23.0,27.0,35.0,21.0,33.0,20.0,24.0,24.0,32.0,26.0,27.0,31.0,22.0,30.0,27.0,29.0,28.0,30.0,28.0,26.0,23.0,31.0,28.0
8.85,26.4,30.0,27.0,22.0,21.0,30.0,23.0,21.0,23.0,26.0,36.0,22.0,33.0,20.0,25.0,25.0,33.0,27.0,24.0,29.0,22.0,29.0,26.0,30.0,27.0,31.0,26.0,25.0,22.0,30.0,27.0
8.86,26.466666666666665,30.0,27.0,21.0,22.0,30.0,24.0,23.0,24.0,26.0,35.0,22.0,34.0,21.0,25.0,26.0,32.0,27.0,24.0,30.0,21.0,30.0,25.0,31.0,27.0,29.0,26.0,24.0,21.0,30.0,27.0
8.870000000000001,26.8,31.0,26.0,20.0,20.0,30.0,26.0,23.0,23.0,28.0,35.0,24.0,33.0,22.0,26.0,25.0,34.0,28.0,28.0,32.0,23.0,28.0,26.0,32.0,28.0,27.0,26.0,24.0,20.0,29.0,27.0
8.88,26.766666666666666,30.0,26.0,21.0,20.0,29.0,26.0,23.0,25.0,27.0,35.0,26.0,33.0,23.0,24.0,25.0,35.0,28.0,29.0,32.0,24.0,27.0,26.0,33.0,28.0,26.0,24.0,24.0,20.0,27.0,27.0
8.89,27.166666666666668,30.0,27.0,21.0,20.0,29.0,24.0,22.0,26.0,28.0,37.0,28.0,36.0,24.0,24.0,25.0,34.0,28.0,29.0,30.0,26.0,29.0,26.0,31.0,28.0,27.0,25.0,26.0,21.0,27.0,27.0
8.9,27.433333333333334,32.0,27.0,24.0,20.0,31.0,24.0,22.0,25.0,29.0,37.0,26.0,35.0,24.0,24.0,27.0,37.0,30.0,30.0,30.0,26.0,26.0,25.0,31.0,28.0,27.0,26.0,27.0,21.0,25.0,27.0
8.91,27.733333333333334,33.0,27.0,25.0,18.0,32.0,24.0,23.0,25.0,31.0,40.0,28.0,34.0,23.0,22.0,29.0,40.0,31.0,31.0,30.0,28.0,26.0,26.0,32.0,21.0,26.0,25.0,28.0,21.0,24.0,29.0
8.92,27.7,34.0,27.0,26.0,19.0,32.0,25.0,23.0,24.0,31.0,41.0,28.0,34.0,24.0,23.0,31.0,39.0,30.0,29.0,28.0,29.0,26.0,25.0,33.0,19.0,24.0,25.0,29.0,21.0,24.0,28.0
8.93,27.933333333333334,34.0,28.0,26.0,21.0,33.0,25.0,23.0,25.0,31.0,40.0,28.0,33.0,24.0,21.0,31.0,39.0,30.0,30.0,28.0,31.0,23.0,27.0,36.0,20.0,24.0,27.0,29.0,23.0,21.0,27.0
8.94,28.0,34.0,26.0,25.0,22.0,34.0,25.0,23.0,23.0,30.0,38.0,30.0,34.0,24.0,23.0,30.0,40.0,31.0,31.0,28.0,31.0,22.0,25.0,38.0,19.0,23.0,27.0,31.0,22.0,22.0,29.0
8.950000000000001,27.9,34.0,25.0,23.0,23.0,32.0,26.0,24.0,22.0,29.0,38.0,30.0,35.0,23.0,26.0,30.0,38.0,31.0,31.0,30.0,30.0,22.0,25.0,37.0,20.0,24.0,26.0,31.0,23.0,23.0,26.0
8.96,28.0,31.0,23.0,24.0,25.0,31.0,25.0,24.0,21.0,29.0,39.0,30.0,35.0,23.0,26.0,31.0,38.0,31.0,30.0,32.0,31.0,22.0,25.0,38.0,20.0,23.0,28.0,32.0,22.0,24.0,27.0
8.97,28.266666666666666,31.0,25.0,24.0,24.0,30.0,25.0,26.0,19.0,31.0,38.0,30.0,34.0,23.0,26.0,32.0,38.0,32.0,31.0,32.0,33.0,22.0,26.0,39.0,20.0,22.0,29.0,30.0,25.0,24.0,27.0
8.98,28.966666666666665,32.0,26.0,23.0,24.0,31.0,25.0,29.0,18.0,31.0,38.0,32.0,38.0,23.0,27.0,36.0,37.0,34.0,30.0,31.0,32.0,21.0,28.0,41.0,21.0,22.0,30.0,30.0,25.0,25.0,29.0
8.99,29.266666666666666,29.0,27.0,25.0,25.0,31.0,25.0,28.0,18.0,31.0,37.0,31.0,40.0,23.0,24.0,37.0,35.0,40.0,30.0,32.0,33.0,23.0,29.0,41.0,21.0,24.0,29.0,31.0,25.0,26.0,28.0
9.0,29.533333333333335,29.0,27.0,26.0,24.0,32.0,25.0,30.0,18.0,32.0,37.0,33.0,40.0,22.0,22.0,37.0,35.0,42.0,30.0,32.0,33.0,22.0,30.0,40.0,20.0,25.0,29.0,31.0,25.0,29.0,29.0
9.01,29.633333333333333,30.0,27.0,26.0,24.0,32.0,27.0,31.0,19.0,31.0,36.0,33.0,39.0,22.0,22.0,38.0,35.0,41.0,29.0,32.0,32.0,23.0,32.0,39.0,22.0,26.0,30.0,31.0,24.0,28.0,28.0
9.02,29.9,31.0,26.0,27.0,24.0,33.0,25.0,34.0,19.0,34.0,37.0,34.0,37.0,24.0,22.0,39.0,33.0,41.0,29.0,32.0,30.0,21.0,33.0,40.0,22.0,26.0,33.0,31.0,24.0,28.0,28.0
9.03,30.066666666666666,31.0,26.0,27.0,24.0,33.0,25.0,35.0,20.0,36.0,37.0,33.0,36.0,24.0,22.0,41.0,32.0,38.0,29.0,31.0,31.0,22.0,36.0,40.0,22.0,26.0,35.0,30.0,25.0,28.0,27.0
9.040000000000001,29.933333333333334,28.0,26.0,26.0,22.0,33.0,28.0,35.0,21.0,36.0,36.0,31.0,36.0,24.0,23.0,39.0,32.0,40.0,30.0,32.0,32.0,23.0,33.0,38.0,21.0,25.0,36.0,32.0,26.0,28.0,26.0
9.05,30.333333333333332,29.0,25.0,24.0,22.0,36.0,29.0,37.0,23.0,34.0,38.0,30.0,37.0,25.0,23.0,38.0,32.0,39.0,29.0,34.0,33.0,25.0,35.0,36.0,22.0,26.0,36.0,33.0,26.0,28.0,26.0
9.06,30.366666666666667,27.0,22.0,24.0,23.0,37.0,32.0,38.0,23.0,35.0,39.0,28.0,36.0,24.0,23.0,37.0,33.0,42.0,29.0,32.0,33.0,23.0,36.0,35.0,22.0,26.0,37.0,32.0,27.0,30.0,26.0
9.07,29.8,25.0,20.0,25.0,24.0,35.0,33.0,38.0,21.0,34.0,37.0,28.0,35.0,25.0,25.0,37.0,33.0,40.0,27.0,31.0,34.0,21.0,33.0,34.0,24.0,24.0,38.0,30.0,26.0,30.0,27.0
9.08,29.5,26.0,21.0,25.0,24.0,37.0,32.0,38.0,19.0,29.0,35.0,28.0,34.0,24.0,25.0,36.0,31.0,38.0,27.0,33.0,30.0,20.0,34.0,35.0,23.0,28.0,37.0,32.0,25.0,30.0,29.0
9.09,29.3,25.0,22.0,25.0,24.0,35.0,31.0,38.0,20.0,28.0,36.0,29.0,34.0,24.0,25.0,37.0,32.0,38.0,28.0,35.0,29.0,21.0,31.0,33.0,23.0,28.0,36.0,32.0,23.0,28.0,29.0
9.1,29.366666666666667,24.0,22.0,23.0,24.0,38.0,31.0,37.0,21.0,30.0,36.0,27.0,35.0,23.0,25.0,35.0,32.0,39.0,27.0,37.0,28.0,19.0,33.0,33.0,24.0,28.0,35.0,33.0,26.0,27.0,29.0
9.11,29.533333333333335,24.0,24.0,24.0,28.0,38.0,31.0,38.0,22.0,29.0,35.0,26.0,33.0,22.0,26.0,38.0,29.0,40.0,27.0,37.0,26.0,18.0,32.0,32.0,25.0,28.0,38.0,32.0,28.0,27.0,29.0
9.120000000000001,29.9,23.0,24.0,25.0,28.0,36.0,32.0,38.0,22.0,32.0,36.0,27.0,33.0,24.0,25.0,37.0,30.0,40.0,27.0,39.0,26.0,18.0,32.0,31.0,27.0,29.0,39.0,32.0,28.0,28.0,29.0
9.13,30.133333333333333,26.0,27.0,24.0,27.0,34.0,33.0,36.0,22.0,31.0,36.0,27.0,33.0,24.0,26.0,37.0,32.0,40.0,25.0,39.0,26.0,18.0,31.0,32.0,26.0,29.0,39.0,33.0,30.0,29.0,32.0
9.14,30.333333333333332,25.0,26.0,23.0,27.0,34.0,32.0,36.0,23.0,30.0,36.0,28.0,35.0,26.0,25.0,37.0,34.0,39.0,25.0,38.0,28.0,19.0,30.0,33.0,28.0,31.0,39.0,33.0,29.0,28.0,33.0
9.15,30.5,24.0,25.0,25.0,28.0,34.0,35.0,36.0,23.0,31.0,36.0,27.0,34.0,28.0,25.0,36.0,37.0,40.0,23.0,39.0,29.0,20.0,31.0,32.0,29.0,31.0,38.0,31.0,28.0,27.0,33.0
9.16,30.433333333333334,23.0,24.0,26.0,29.0,31.0,34.0,35.0,23.0,35.0,33.0,28.0,35.0,27.0,27.0,36.0,35.0,42.0,22.0,38.0,28.0,19.0,31.0,32.0,30.0,30.0,36.0,32.0,30.0,29.0,33.0
9.17,30.666666666666668,24.0,25.0,24.0,29.0,35.0,36.0,35.0,23.0,35.0,34.0,31.0,35.0,27.0,26.0,36.0,35.0,39.0,23.0,38.0,29.0,21.0,31.0,32.0,29.0,29.0,34.0,32.0,31.0,30.0,32.0
9.18,30.766666666666666,24.0,24.0,26.0,30.0,35.0,37.0,37.0,22.0,34.0,34.0,32.0,33.0,26.0,24.0,36.0,36.0,38.0,25.0,37.0,31.0,23.0,32.0,32.0,29.0,28.0,33.0,30.0,31.0,31.0,33.0
9.19,31.333333333333332,27.0,25.0,27.0,32.0,35.0,35.0,37.0,24.0,34.0,34.0,34.0,34.0,25.0,24.0,35.0,37.0,38.0,25.0,38.0,33.0,25.0,33.0,32.0,29.0,29.0,33.0,30.0,32.0,32.0,32.0
9.200000000000001,31.266666666666666,27.0,25.0,29.0,32.0,33.0,34.0,37.0,24.0,32.0,36.0,33.0,35.0,25.0,23.0,35.0,37.0,36.0,24.0,38.0,32.0,26.0,31.0,33.0,31.0,29.0,33.0,30.0,32.0,31.0,35.0
9.21,31.666666666666668,27.0,24.0,31.0,33.0,32.0,33.0,37.0,26.0,30.0,38.0,31.0,33.0,27.0,24.0,35.0,34.0,34.0,28.0,38.0,35.0,26.0,30.0,34.0,33.0,31.0,35.0,30.0,33.0,32.0,36.0
9.22,32.1,28.0,28.0,32.0,32.0,31.0,33.0,37.0,26.0,27.0,39.0,30.0,34.0,30.0,23.0,35.0,33.0,35.0,29.0,39.0,36.0,28.0,28.0,34.0,34.0,33.0,35.0,30.0,38.0,32.0,34.0
9.23,32.2,25.0,28.0,32.0,33.0,27.0,31.0,38.0,29.0,26.0,40.0,32.0,34.0,28.0,24.0,37.0,32.0,34.0,29.0,40.0,35.0,30.0,29.0,32.0,34.0,32.0,37.0,29.0,36.0,36.0,37.0
9.24,32.2,26.0,28.0,30.0,36.0,25.0,33.0,38.0,30.0,25.0,39.0,31.0,34.0,26.0,24.0,38.0,33.0,33.0,31.0,39.0,35.0,28.0,30.0,29.0,35.0,31.0,39.0,30.0,35.0,39.0,36.0
9.25,32.333333333333336,25.0,27.0,28.0,36.0,25.0,35.0,39.0,30.0,25.0,39.0,32.0,32.0,26.0,23.0,38.0,35.0,32.0,30.0,38.0,37.0,28.0,35.0,29.0,34.0,31.0,39.0,31.0,35.0,38.0,38.0
9.26,32.46666666666667,27.0,25.0,31.0,35.0,23.0,39.0,40.0,29.0,25.0,39.0,34.0,31.0,26.0,24.0,35.0,35.0,31.0,31.0,36.0,38.0,29.0,36.0,30.0,34.0,32.0,39.0,33.0,34.0,38.0,35.0
9.27,32.9,27.0,28.0,33.0,39.0,23.0,39.0,40.0,31.0,26.0,41.0,32.0,31.0,28.0,24.0,34.0,35.0,32.0,33.0,34.0,39.0,30.0,36.0,29.0,35.0,32.0,38.0,34.0,35.0,36.0,33.0
9.28,33.36666666666667,27.0,30.0,34.0,38.0,23.0,39.0,39.0,35.0,28.0,43.0,31.0,31.0,27.0,24.0,31.0,35.0,34.0,32.0,34.0,39.0,31.0,39.0,29.0,36.0,32.0,39.0,34.0,36.0,38.0,33.0
9.290000000000001,33.8,27.0,28.0,37.0,38.0,24.0,41.0,40.0,35.0,29.0,43.0,32.0,29.0,26.0,23.0,34.0,33.0,34.0,35.0,33.0,39.0,30.0,38.0,32.0,38.0,31.0,41.0,35.0,38.0,38.0,33.0
9.3,33.766666666666666,28.0,28.0,38.0,37.0,24.0,40.0,40.0,37.0,31.0,43.0,32.0,29.0,28.0,23.0,35.0,31.0,32.0,32.0,33.0,38.0,31.0,37.0,33.0,37.0,34.0,40.0,36.0,36.0,36.0,34.0
9.31,33.36666666666667,28.0,27.0,38.0,38.0,25.0,38.0,37.0,35.0,28.0,41.0,31.0,30.0,29.0,22.0,35.0,30.0,32.0,28.0,31.0,40.0,33.0,38.0,34.0,36.0,34.0,39.0,35.0,37.0,37.0,35.0
9.32,32.63333333333333,29.0,26.0,37.0,38.0,27.0,39.0,35.0,37.0,27.0,39.0,30.0,28.0,31.0,21.0,32.0,27.0,30.0,27.0,33.0,37.0,33.0,38.0,33.0,32.0,33.0,41.0,32.0,35.0,36.0,36.0
9.33,32.9,29.0,26.0,38.0,37.0,28.0,39.0,34.0,36.0,29.0,42.0,32.0,29.0,31.0,20.0,32.0,28.0,29.0,30.0,33.0,37.0,33.0,39.0,38.0,32.0,32.0,39.0,32.0,33.0,36.0,34.0
9.34,33.56666666666667,30.0,27.0,36.0,38.0,27.0,37.0,35.0,40.0,29.0,42.0,34.0,29.0,34.0,21.0,33.0,29.0,30.0,34.0,32.0,37.0,33.0,40.0,40.0,32.0,34.0,39.0,32.0,35.0,35.0,33.0
9.35,33.333333333333336,31.0,26.0,37.0,38.0,27.0,39.0,35.0,39.0,29.0,42.0,34.0,29.0,34.0,22.0,32.0,30.0,28.0,32.0,31.0,36.0,33.0,41.0,39.0,32.0,33.0,38.0,32.0,36.0,34.0,31.0
9.36,33.166666666666664,31.0,28.0,38.0,36.0,27.0,37.0,34.0,37.0,30.0,42.0,36.0,27.0,33.0,21.0,30.0,29.0,28.0,31.0,32.0,38.0,32.0,46.0,36.0,31.0,32.0,40.0,32.0,36.0,34.0,31.0
9.370000000000001,32.9,31.0,26.0,36.0,38.0,28.0,38.0,32.0,38.0,31.0,40.0,35.0,26.0,34.0,21.0,31.0,29.0,28.0,29.0,34.0,36.0,32.0,40.0,36.0,32.0,34.0,40.0,31.0,36.0,35.0,30.0
9.38,33.43333333333333,32.0,26.0,39.0,36.0,27.0,40.0,31.0,39.0,32.0,41.0,38.0,26.0,33.0,21.0,30.0,30.0,27.0,29.0,36.0,37.0,34.0,42.0,37.0,30.0,36.0,42.0,31.0,34.0,35.0,32.0
9.39,33.1,33.0,25.0,40.0,37.0,25.0,42.0,29.0,38.0,33.0,40.0,40.0,25.0,33.0,21.0,29.0,28.0,28.0,29.0,31.0,36.0,36.0,42.0,37.0,28.0,36.0,40.0,31.0,32.0,36.0,33.0
9.4,33.0,34.0,26.0,42.0,39.0,26.0,40.0,29.0,37.0,35.0,40.0,40.0,23.0,33.0,22.0,29.0,31.0,24.0,28.0,32.0,37.0,35.0,41.0,36.0,27.0,35.0,40.0,28.0,32.0,36.0,33.0
9.41,33.63333333333333,34.0,26.0,42.0,38.0,26.0,41.0,34.0,38.0,34.0,41.0,40.0,25.0,35.0,22.0,25.0,30.0,22.0,31.0,32.0,39.0,33.0,41.0,38.0,29.0,37.0,39.0,30.0,34.0,38.0,35.0
9.42,33.6,32.0,26.0,39.0,37.0,28.0,40.0,33.0,40.0,30.0,39.0,40.0,26.0,37.0,23.0,25.0,31.0,19.0,33.0,33.0,41.0,32.0,42.0,38.0,30.0,36.0,40.0,28.0,34.0,40.0,36.0
9.43,33.86666666666667,33.0,27.0,38.0,37.0,29.0,40.0,34.0,37.0,28.0,40.0,40.0,25.0,40.0,24.0,25.0,31.0,19.0,31.0,32.0,39.0,33.0,44.0,38.0,30.0,38.0,40.0,28.0,35.0,41.0,40.0
9.44,33.7,32.0,25.0,38.0,35.0,29.0,40.0,33.0,37.0,30.0,41.0,42.0,22.0,39.0,23.0,25.0,31.0,21.0,32.0,32.0,39.0,35.0,44.0,39.0,28.0,37.0,38.0,30.0,34.0,43.0,37.0
9.450000000000001,34.03333333333333,33.0,24.0,39.0,36.0,32.0,41.0,32.0,37.0,30.0,43.0,44.0,24.0,40.0,24.0,26.0,29.0,22.0,32.0,31.0,38.0,36.0,45.0,38.0,28.0,38.0,37.0,28.0,35.0,43.0,36.0
9.46,34.3,35.0,23.0,39.0,39.0,31.0,40.0,32.0,38.0,29.0,44.0,41.0,24.0,40.0,24.0,25.0,32.0,24.0,32.0,30.0,39.0,38.0,45.0,38.0,29.0,38.0,34.0,30.0,35.0,43.0,38.0
9.47,34.233333333333334,34.0,26.0,40.0,40.0,31.0,40.0,35.0,38.0,28.0,44.0,40.0,24.0,42.0,24.0,22.0,30.0,23.0,33.0,28.0,40.0,38.0,45.0,39.0,29.0,36.0,32.0,32.0,36.0,41.0,37.0
9.48,34.0,32.0,26.0,41.0,38.0,30.0,39.0,35.0,38.0,28.0,41.0,39.0,22.0,41.0,24.0,22.0,33.0,25.0,32.0,28.0,41.0,37.0,46.0,37.0,30.0,35.0,34.0,32.0,35.0,43.0,36.0
9.49,34.06666666666667,32.0,27.0,42.0,37.0,29.0,39.0,36.0,38.0,29.0,37.0,38.0,21.0,41.0,27.0,24.0,32.0,29.0,35.0,28.0,40.0,38.0,43.0,38.0,30.0,37.0,32.0,32.0,34.0,41.0,36.0
9.5,33.9,31.0,26.0,41.0,36.0,29.0,40.0,38.0,36.0,30.0,39.0,36.0,22.0,40.0,26.0,23.0,32.0,33.0,35.0,27.0,42.0,39.0,39.0,37.0,31.0,34.0,32.0,33.0,36.0,38.0,36.0
9.51,33.56666666666667,30.0,26.0,40.0,37.0,31.0,40.0,37.0,38.0,27.0,36.0,32.0,27.0,39.0,27.0,23.0,30.0,34.0,36.0,26.0,42.0,41.0,38.0,37.0,30.0,32.0,32.0,33.0,34.0,37.0,35.0
9.52,33.766666666666666,30.0,25.0,40.0,37.0,31.0,41.0,39.0,39.0,27.0,36.0,33.0,29.0,38.0,27.0,23.0,27.0,34.0,36.0,26.0,46.0,40.0,36.0,37.0,29.0,31.0,32.0,34.0,37.0,38.0,35.0
9.53,33.666666666666664,28.0,26.0,41.0,41.0,32.0,39.0,39.0,40.0,31.0,37.0,33.0,26.0,36.0,24.0,25.0,27.0,35.0,35.0,26.0,42.0,39.0,36.0,36.0,30.0,31.0,34.0,32.0,36.0,39.0,34.0
9.540000000000001,33.733333333333334,27.0,26.0,42.0,41.0,31.0,41.0,41.0,37.0,32.0,35.0,35.0,26.0,35.0,25.0,25.0,28.0,35.0,35.0,25.0,41.0,39.0,36.0,35.0,29.0,33.0,36.0,32.0,34.0,40.0,35.0
9.55,34.7,25.0,28.0,43.0,41.0,29.0,43.0,43.0,37.0,35.0,36.0,36.0,26.0,36.0,24.0,30.0,29.0,40.0,34.0,24.0,42.0,41.0,34.0,36.0,31.0,33.0,37.0,34.0,35.0,42.0,37.0
9.56,34.733333333333334,27.0,31.0,42.0,39.0,29.0,42.0,43.0,34.0,35.0,34.0,36.0,23.0,40.0,25.0,31.0,29.0,37.0,36.0,22.0,43.0,41.0,33.0,38.0,33.0,33.0,37.0,32.0,35.0,41.0,41.0
9.57,34.63333333333333,28.0,32.0,41.0,38.0,30.0,42.0,42.0,33.0,36.0,34.0,38.0,23.0,40.0,28.0,30.0,28.0,36.0,34.0,21.0,40.0,42.0,34.0,39.0,33.0,33.0,36.0,32.0,37.0,38.0,41.0
9.58,34.46666666666667,28.0,32.0,42.0,35.0,29.0,41.0,40.0,30.0,34.0,35.0,36.0,22.0,42.0,32.0,30.0,28.0,38.0,37.0,20.0,39.0,42.0,32.0,39.0,32.0,33.0,36.0,32.0,37.0,40.0,41.0
9.59,34.5,26.0,31.0,42.0,33.0,28.0,41.0,39.0,33.0,34.0,32.0,39.0,22.0,40.0,33.0,31.0,28.0,39.0,38.0,22.0,38.0,42.0,31.0,39.0,34.0,35.0,35.0,31.0,38.0,39.0,42.0
9.6,35.06666666666667,25.0,31.0,43.0,35.0,33.0,42.0,39.0,33.0,34.0,31.0,40.0,23.0,41.0,31.0,35.0,29.0,40.0,39.0,22.0,40.0,43.0,34.0,41.0,34.0,33.0,34.0,28.0,41.0,38.0,40.0
9.61,34.93333333333333,26.0,33.0,47.0,36.0,34.0,42.0,35.0,33.0,34.0,31.0,40.0,23.0,42.0,31.0,33.0,26.0,40.0,38.0,21.0,38.0,42.0,33.0,41.0,35.0,33.0,34.0,27.0,40.0,38.0,42.0
9.620000000000001,34.93333333333333,29.0,33.0,45.0,34.0,34.0,44.0,37.0,31.0,33.0,31.0,39.0,22.0,42.0,33.0,32.0,28.0,38.0,39.0,20.0,39.0,43.0,33.0,40.0,34.0,32.0,33.0,29.0,41.0,38.0,42.0
9.63,35.0,28.0,34.0,47.0,33.0,34.0,43.0,39.0,31.0,35.0,31.0,36.0,22.0,40.0,34.0,33.0,27.0,39.0,39.0,22.0,40.0,43.0,33.0,38.0,33.0,35.0,33.0,30.0,43.0,36.0,39.0
9.64,34.86666666666667,27.0,33.0,49.0,32.0,35.0,42.0,38.0,32.0,35.0,28.0,35.0,24.0,39.0,33.0,34.0,27.0,39.0,39.0,25.0,41.0,41.0,33.0,34.0,32.0,36.0,32.0,30.0,45.0,38.0,38.0
9.65,35.233333333333334,30.0,34.0,50.0,33.0,36.0,39.0,39.0,34.0,35.0,29.0,34.0,23.0,40.0,35.0,35.0,29.0,42.0,38.0,25.0,40.0,40.0,36.0,34.0,33.0,38.0,30.0,30.0,42.0,35.0,39.0
9.66,35.3,31.0,34.0,46.0,33.0,39.0,40.0,41.0,34.0,37.0,27.0,34.0,22.0,37.0,34.0,34.0,32.0,40.0,39.0,26.0,37.0,41.0,38.0,34.0,35.0,39.0,28.0,32.0,41.0,36.0,38.0
9.67,35.6,34.0,34.0,47.0,33.0,38.0,40.0,42.0,34.0,39.0,25.0,38.0,22.0,38.0,35.0,32.0,32.0,40.0,39.0,25.0,34.0,43.0,39.0,33.0,32.0,41.0,29.0,32.0,43.0,36.0,39.0
9.68,35.0,35.0,34.0,47.0,32.0,37.0,42.0,41.0,32.0,40.0,25.0,37.0,24.0,38.0,33.0,33.0,31.0,37.0,40.0,25.0,32.0,41.0,38.0,31.0,32.0,39.0,26.0,32.0,43.0,35.0,38.0
9.69,35.6,37.0,36.0,47.0,36.0,35.0,40.0,42.0,31.0,42.0,25.0,37.0,26.0,39.0,32.0,37.0,32.0,38.0,39.0,25.0,34.0,40.0,36.0,32.0,33.0,42.0,25.0,34.0,43.0,34.0,39.0
9.700000000000001,36.13333333333333,38.0,35.0,49.0,35.0,36.0,40.0,42.0,31.0,43.0,26.0,36.0,27.0,38.0,37.0,37.0,32.0,41.0,40.0,26.0,35.0,40.0,36.0,32.0,34.0,39.0,27.0,36.0,43.0,35.0,38.0
9.71,36.6,39.0,37.0,48.0,35.0,37.0,44.0,44.0,33.0,43.0,26.0,35.0,27.0,37.0,36.0,35.0,33.0,42.0,38.0,27.0,34.0,40.0,34.0,32.0,36.0,39.0,28.0,36.0,45.0,37.0,41.0
9.72,36.6,39.0,37.0,45.0,35.0,40.0,43.0,43.0,35.0,43.0,27.0,34.0,27.0,40.0,35.0,38.0,33.0,40.0,40.0,25.0,34.0,38.0,33.0,34.0,34.0,39.0,28.0,37.0,44.0,38.0,40.0
9.73,36.8,40.0,36.0,46.0,34.0,41.0,46.0,42.0,34.0,42.0,25.0,34.0,29.0,41.0,35.0,39.0,32.0,41.0,38.0,23.0,35.0,37.0,34.0,38.0,35.0,40.0,28.0,38.0,45.0,37.0,39.0
9.74,36.7,41.0,34.0,46.0,35.0,40.0,45.0,39.0,36.0,45.0,26.0,34.0,29.0,41.0,37.0,38.0,31.0,39.0,34.0,24.0,36.0,36.0,34.0,39.0,34.0,39.0,28.0,38.0,45.0,37.0,41.0
9.75,36.96666666666667,40.0,37.0,44.0,36.0,38.0,42.0,40.0,36.0,45.0,26.0,34.0,29.0,39.0,37.0,37.0,32.0,40.0,33.0,24.0,38.0,35.0,34.0,41.0,35.0,40.0,28.0,41.0,47.0,39.0,42.0
9.76,37.06666666666667,41.0,38.0,45.0,37.0,37.0,40.0,37.0,35.0,43.0,29.0,34.0,30.0,38.0,37.0,37.0,32.0,37.0,33.0,26.0,39.0,34.0,34.0,41.0,36.0,40.0,27.0,43.0,47.0,41.0,44.0
9.77,37.43333333333333,40.0,40.0,44.0,36.0,36.0,42.0,36.0,38.0,46.0,30.0,33.0,31.0,40.0,38.0,40.0,30.0,37.0,34.0,29.0,40.0,34.0,34.0,41.0,36.0,41.0,27.0,40.0,47.0,39.0,44.0
9.78,37.13333333333333,39.0,40.0,43.0,36.0,37.0,41.0,36.0,38.0,45.0,29.0,33.0,32.0,39.0,38.0,39.0,29.0,39.0,32.0,30.0,41.0,34.0,34.0,38.0,35.0,42.0,28.0,37.0,45.0,39.0,46.0
9.790000000000001,37.5,41.0,41.0,44.0,35.0,40.0,40.0,39.0,40.0,46.0,28.0,32.0,30.0,39.0,38.0,39.0,31.0,38.0,32.0,33.0,39.0,34.0,35.0,36.0,32.0,44.0,30.0,38.0,46.0,39.0,46.0
9.8,37.6,40.0,41.0,45.0,38.0,41.0,38.0,36.0,39.0,44.0,28.0,32.0,33.0,40.0,40.0,39.0,32.0,39.0,33.0,30.0,37.0,33.0,33.0,39.0,31.0,45.0,30.0,39.0,48.0,38.0,47.0
9.81,37.733333333333334,40.0,42.0,45.0,39.0,39.0,38.0,38.0,39.0,43.0,32.0,33.0,34.0,40.0,42.0,37.0,33.0,41.0,32.0,31.0,37.0,31.0,31.0,34.0,30.0,45.0,30.0,41.0,50.0,39.0,46.0
9.82,37.53333333333333,40.0,41.0,42.0,37.0,38.0,39.0,34.0,35.0,45.0,34.0,36.0,35.0,41.0,39.0,38.0,35.0,40.0,31.0,34.0,39.0,31.0,29.0,35.0,31.0,44.0,31.0,43.0,48.0,38.0,43.0
9.83,37.7,40.0,40.0,42.0,39.0,38.0,38.0,31.0,35.0,45.0,34.0,36.0,33.0,43.0,40.0,39.0,35.0,39.0,34.0,35.0,40.0,31.0,30.0,35.0,32.0,45.0,33.0,42.0,47.0,37.0,43.0
9.84,37.9,40.0,39.0,40.0,35.0,38.0,37.0,35.0,32.0,48.0,35.0,38.0,35.0,41.0,41.0,40.0,34.0,38.0,35.0,36.0,41.0,32.0,29.0,37.0,32.0,43.0,31.0,42.0,50.0,39.0,44.0
9.85,38.03333333333333,39.0,42.0,39.0,35.0,35.0,37.0,36.0,33.0,48.0,36.0,37.0,35.0,41.0,41.0,38.0,33.0,37.0,35.0,37.0,42.0,33.0,30.0,40.0,32.0,39.0,31.0,41.0,53.0,40.0,46.0
9.86,38.2,40.0,43.0,42.0,35.0,33.0,36.0,38.0,37.0,47.0,38.0,38.0,34.0,42.0,41.0,36.0,33.0,35.0,33.0,39.0,43.0,34.0,29.0,39.0,35.0,35.0,31.0,42.0,53.0,41.0,44.0
9.870000000000001,38.333333333333336,40.0,41.0,46.0,34.0,33.0,36.0,37.0,36.0,44.0,43.0,39.0,33.0,41.0,41.0,37.0,32.0,35.0,36.0,40.0,43.0,36.0,27.0,38.0,36.0,34.0,32.0,43.0,50.0,44.0,43.0
9.88,38.266666666666666,41.0,38.0,45.0,34.0,36.0,37.0,37.0,35.0,44.0,46.0,40.0,34.0,39.0,43.0,36.0,32.0,35.0,35.0,39.0,41.0,35.0,28.0,38.0,35.0,33.0,33.0,42.0,50.0,43.0,44.0
9.89,38.06666666666667,43.0,38.0,41.0,37.0,38.0,40.0,37.0,35.0,42.0,48.0,39.0,36.0,37.0,40.0,35.0,28.0,34.0,35.0,38.0,40.0,33.0,32.0,36.0,36.0,34.0,32.0,42.0,48.0,43.0,45.0
9.9,38.06666666666667,41.0,41.0,42.0,34.0,38.0,38.0,36.0,37.0,42.0,52.0,38.0,35.0,34.0,42.0,34.0,28.0,35.0,35.0,38.0,41.0,34.0,31.0,36.0,38.0,31.0,32.0,44.0,47.0,44.0,44.0
9.91,38.43333333333333,45.0,42.0,44.0,34.0,40.0,41.0,36.0,36.0,41.0,54.0,39.0,38.0,36.0,41.0,31.0,28.0,34.0,34.0,38.0,39.0,34.0,31.0,37.0,37.0,32.0,33.0,45.0,45.0,43.0,45.0
9.92,38.63333333333333,45.0,45.0,45.0,38.0,42.0,40.0,37.0,35.0,39.0,51.0,41.0,34.0,36.0,43.0,30.0,28.0,33.0,36.0,37.0,39.0,34.0,33.0,39.0,36.0,31.0,36.0,43.0,45.0,42.0,46.0
9.93,38.266666666666666,45.0,45.0,45.0,38.0,41.0,36.0,38.0,35.0,37.0,52.0,43.0,33.0,36.0,43.0,33.0,27.0,35.0,35.0,39.0,39.0,33.0,31.0,38.0,36.0,31.0,36.0,42.0,42.0,39.0,45.0
9.94,38.43333333333333,45.0,46.0,46.0,38.0,40.0,36.0,41.0,38.0,38.0,55.0,43.0,35.0,36.0,43.0,31.0,25.0,36.0,34.0,37.0,41.0,32.0,30.0,39.0,35.0,32.0,37.0,44.0,39.0,37.0,44.0
9.950000000000001,38.36666666666667,44.0,46.0,45.0,38.0,41.0,38.0,41.0,37.0,40.0,56.0,44.0,35.0,37.0,41.0,32.0,27.0,34.0,32.0,38.0,40.0,33.0,30.0,37.0,35.0,32.0,39.0,44.0,36.0,38.0,41.0
9.96,38.166666666666664,43.0,44.0,44.0,39.0,42.0,38.0,40.0,35.0,40.0,56.0,46.0,34.0,39.0,40.0,34.0,25.0,33.0,31.0,38.0,40.0,33.0,29.0,38.0,37.0,31.0,38.0,44.0,38.0,38.0,38.0
9.97,38.2,43.0,43.0,43.0,39.0,43.0,36.0,39.0,38.0,42.0,52.0,52.0,34.0,39.0,42.0,35.0,23.0,32.0,33.0,38.0,40.0,35.0,27.0,38.0,36.0,30.0,36.0,47.0,39.0,36.0,36.0
9.98,38.6,44.0,46.0,43.0,41.0,43.0,37.0,39.0,37.0,42.0,49.0,52.0,35.0,38.0,44.0,33.0,21.0,35.0,33.0,38.0,39.0,38.0,27.0,38.0,36.0,31.0,37.0,47.0,40.0,38.0,37.0
9.99,38.233333333333334,44.0,43.0,43.0,40.0,42.0,36.0,39.0,36.0,42.0,47.0,51.0,35.0,34.0,44.0,34.0,22.0,34.0,31.0,36.0,40.0,35.0,28.0,37.0,38.0,32.0,38.0,48.0,41.0,39.0,38.0
10.0,38.2,40.0,44.0,39.0,41.0,44.0,35.0,41.0,35.0,42.0,48.0,51.0,34.0,36.0,47.0,31.0,21.0,34.0,32.0,37.0,43.0,35.0,27.0,34.0,39.0,31.0,41.0,45.0,43.0,38.0,38.0
10.01,38.166666666666664,38.0,44.0,37.0,43.0,43.0,36.0,41.0,34.0,40.0,46.0,52.0,34.0,38.0,46.0,32.0,20.0,33.0,34.0,38.0,44.0,36.0,25.0,35.0,42.0,29.0,41.0,46.0,43.0,37.0,38.0
10.02,38.266666666666666,40.0,46.0,38.0,43.0,45.0,37.0,40.0,32.0,37.0,46.0,55.0,35.0,39.0,46.0,32.0,18.0,31.0,34.0,38.0,45.0,36.0,28.0,35.0,42.0,28.0,42.0,44.0,45.0,34.0,37.0
10.03,38.233333333333334,39.0,46.0,41.0,44.0,43.0,37.0,38.0,32.0,35.0,47.0,54.0,35.0,39.0,45.0,32.0,21.0,31.0,38.0,37.0,44.0,36.0,29.0,32.0,40.0,28.0,43.0,44.0,44.0,35.0,38.0
10.040000000000001,38.63333333333333,40.0,46.0,43.0,43.0,47.0,38.0,39.0,33.0,37.0,48.0,53.0,35.0,37.0,43.0,33.0,22.0,30.0,39.0,39.0,44.0,38.0,30.0,34.0,39.0,26.0,42.0,45.0,42.0,36.0,38.0
10.05,38.733333333333334,42.0,45.0,45.0,44.0,47.0,38.0,38.0,31.0,36.0,49.0,54.0,34.0,36.0,41.0,35.0,23.0,26.0,39.0,39.0,42.0,39.0,31.0,36.0,41.0,25.0,42.0,47.0,41.0,36.0,40.0
10.06,38.7,42.0,50.0,46.0,48.0,45.0,38.0,35.0,33.0,37.0,48.0,55.0,34.0,36.0,41.0,33.0,24.0,26.0,40.0,38.0,42.0,39.0,32.0,34.0,41.0,25.0,37.0,47.0,39.0,36.0,40.0
10.07,38.666666666666664,45.0,50.0,47.0,45.0,44.0,35.0,32.0,33.0,38.0,48.0,53.0,35.0,39.0,43.0,31.0,23.0,26.0,40.0,37.0,39.0,40.0,33.0,33.0,39.0,29.0,41.0,47.0,38.0,37.0,40.0
10.08,38.6,44.0,49.0,44.0,43.0,43.0,38.0,29.0,33.0,37.0,47.0,56.0,37.0,38.0,41.0,32.0,26.0,27.0,42.0,36.0,38.0,42.0,35.0,33.0,39.0,30.0,41.0,47.0,37.0,36.0,38.0
10.09,38.96666666666667,45.0,47.0,44.0,45.0,44.0,38.0,29.0,33.0,38.0,41.0,58.0,38.0,37.0,41.0,32.0,26.0,30.0,44.0,35.0,42.0,42.0,34.0,33.0,41.0,30.0,40.0,47.0,38.0,40.0,37.0
10.1,39.2,44.0,47.0,45.0,44.0,44.0,37.0,28.0,32.0,37.0,41.0,56.0,38.0,37.0,40.0,33.0,26.0,31.0,44.0,36.0,47.0,42.0,36.0,35.0,41.0,30.0,42.0,47.0,36.0,40.0,40.0
10.11,39.766666666666666,46.0,51.0,46.0,45.0,45.0,37.0,32.0,34.0,38.0,40.0,55.0,37.0,38.0,37.0,34.0,28.0,31.0,44.0,33.0,49.0,43.0,35.0,36.0,42.0,32.0,46.0,45.0,34.0,42.0,38.0
10.120000000000001,39.2,44.0,50.0,45.0,41.0,45.0,37.0,34.0,34.0,37.0,38.0,53.0,36.0,36.0,36.0,36.0,28.0,32.0,45.0,31.0,50.0,44.0,34.0,37.0,41.0,31.0,47.0,44.0,32.0,39.0,39.0
10.13,38.8,45.0,50.0,44.0,38.0,43.0,37.0,33.0,36.0,39.0,40.0,51.0,37.0,35.0,35.0,38.0,28.0,31.0,46.0,30.0,49.0,41.0,34.0,34.0,41.0,31.0,48.0,44.0,29.0,37.0,40.0
10.14,39.666666666666664,46.0,48.0,46.0,38.0,45.0,37.0,36.0,39.0,42.0,42.0,51.0,38.0,35.0,35.0,39.0,29.0,32.0,43.0,30.0,51.0,42.0,32.0,36.0,40.0,33.0,48.0,46.0,31.0,40.0,40.0
10.15,39.833333333333336,45.0,46.0,45.0,37.0,45.0,38.0,36.0,40.0,42.0,42.0,49.0,39.0,36.0,33.0,39.0,30.0,33.0,48.0,33.0,51.0,41.0,33.0,35.0,41.0,38.0,46.0,45.0,30.0,41.0,38.0
10.16,39.36666666666667,45.0,46.0,44.0,37.0,44.0,35.0,36.0,40.0,42.0,41.0,45.0,40.0,37.0,31.0,39.0,30.0,33.0,47.0,33.0,48.0,43.0,31.0,34.0,40.0,37.0,45.0,45.0,31.0,42.0,40.0
10.17,39.0,43.0,45.0,44.0,37.0,45.0,36.0,38.0,42.0,40.0,38.0,44.0,40.0,33.0,33.0,36.0,30.0,33.0,46.0,33.0,48.0,44.0,33.0,34.0,42.0,34.0,43.0,43.0,27.0,44.0,42.0
10.18,39.166666666666664,41.0,44.0,42.0,34.0,42.0,34.0,38.0,45.0,42.0,40.0,47.0,41.0,35.0,31.0,40.0,30.0,34.0,45.0,34.0,47.0,45.0,38.0,36.0,44.0,35.0,40.0,44.0,27.0,43.0,37.0
10.19,39.166666666666664,41.0,43.0,41.0,32.0,44.0,32.0,37.0,47.0,41.0,40.0,48.0,43.0,36.0,33.0,40.0,30.0,35.0,47.0,34.0,45.0,42.0,39.0,34.0,43.0,35.0,39.0,45.0,28.0,41.0,40.0
10.200000000000001,39.3,40.0,46.0,42.0,33.0,44.0,32.0,36.0,45.0,41.0,42.0,49.0,42.0,36.0,32.0,40.0,30.0,36.0,44.0,36.0,47.0,42.0,37.0,36.0,43.0,36.0,41.0,44.0,27.0,42.0,38.0
10.21,39.56666666666667,40.0,47.0,42.0,33.0,48.0,33.0,40.0,44.0,42.0,40.0,46.0,42.0,35.0,32.0,40.0,33.0,36.0,45.0,38.0,45.0,41.0,36.0,35.0,42.0,38.0,42.0,43.0,29.0,40.0,40.0
10.22,39.6,38.0,45.0,44.0,34.0,51.0,30.0,39.0,43.0,45.0,45.0,43.0,44.0,36.0,32.0,39.0,34.0,36.0,46.0,37.0,42.0,40.0,34.0,37.0,42.0,38.0,42.0,43.0,28.0,42.0,39.0
10.23,39.5,40.0,43.0,43.0,34.0,49.0,31.0,36.0,41.0,47.0,44.0,42.0,45.0,36.0,33.0,37.0,33.0,35.0,47.0,38.0,45.0,37.0,34.0,38.0,42.0,38.0,43.0,44.0,27.0,42.0,41.0
10.24,39.4,39.0,43.0,43.0,34.0,47.0,32.0,36.0,43.0,48.0,37.0,45.0,46.0,35.0,33.0,37.0,33.0,34.0,46.0,42.0,44.0,36.0,35.0,40.0,42.0,39.0,44.0,44.0,26.0,40.0,39.0
10.25,39.166666666666664,37.0,42.0,46.0,38.0,48.0,31.0,35.0,42.0,47.0,36.0,45.0,45.0,36.0,31.0,34.0,27.0,33.0,46.0,46.0,42.0,36.0,37.0,38.0,42.0,39.0,44.0,45.0,27.0,40.0,40.0
10.26,39.8,36.0,43.0,48.0,40.0,48.0,30.0,35.0,43.0,45.0,36.0,47.0,46.0,39.0,32.0,33.0,26.0,33.0,46.0,47.0,43.0,38.0,39.0,39.0,42.0,42.0,44.0,45.0,28.0,41.0,40.0
10.27,39.63333333333333,36.0,43.0,49.0,45.0,46.0,29.0,38.0,43.0,44.0,36.0,49.0,41.0,40.0,31.0,35.0,26.0,34.0,47.0,44.0,44.0,39.0,36.0,38.0,42.0,41.0,42.0,45.0,27.0,41.0,38.0
10.28,39.733333333333334,36.0,43.0,51.0,44.0,45.0,31.0,37.0,38.0,43.0,36.0,51.0,43.0,42.0,32.0,36.0,30.0,34.0,47.0,43.0,41.0,39.0,35.0,40.0,44.0,38.0,42.0,44.0,28.0,41.0,38.0
10.290000000000001,39.63333333333333,35.0,42.0,49.0,45.0,49.0,30.0,38.0,40.0,43.0,34.0,54.0,43.0,41.0,33.0,34.0,31.0,34.0,48.0,41.0,40.0,39.0,35.0,42.0,42.0,37.0,42.0,44.0,27.0,41.0,36.0
10.3,39.46666666666667,35.0,40.0,47.0,45.0,50.0,31.0,40.0,39.0,43.0,36.0,53.0,45.0,41.0,33.0,38.0,32.0,34.0,46.0,41.0,37.0,40.0,33.0,42.0,40.0,38.0,42.0,44.0,26.0,38.0,35.0
10.31,39.13333333333333,34.0,37.0,44.0,44.0,51.0,30.0,40.0,40.0,43.0,36.0,53.0,49.0,41.0,33.0,39.0,32.0,35.0,46.0,38.0,37.0,37.0,35.0,40.0,39.0,37.0,43.0,42.0,25.0,37.0,37.0
10.32,39.63333333333333,34.0,38.0,44.0,44.0,53.0,31.0,41.0,41.0,45.0,36.0,57.0,50.0,40.0,32.0,42.0,33.0,37.0,45.0,41.0,36.0,35.0,35.0,40.0,38.0,39.0,45.0,40.0,25.0,36.0,36.0
10.33,39.43333333333333,34.0,39.0,41.0,42.0,55.0,30.0,41.0,42.0,46.0,36.0,58.0,49.0,41.0,31.0,42.0,32.0,36.0,44.0,40.0,37.0,35.0,34.0,39.0,40.0,40.0,43.0,39.0,26.0,37.0,34.0
10.34,39.5,32.0,36.0,42.0,45.0,58.0,30.0,41.0,41.0,45.0,37.0,58.0,50.0,40.0,32.0,41.0,32.0,36.0,44.0,41.0,40.0,33.0,32.0,38.0,41.0,39.0,45.0,40.0,24.0,36.0,36.0
10.35,38.8,30.0,32.0,44.0,44.0,56.0,30.0,41.0,39.0,44.0,34.0,54.0,48.0,38.0,38.0,36.0,32.0,35.0,42.0,42.0,40.0,33.0,34.0,38.0,41.0,38.0,44.0,40.0,24.0,36.0,37.0
10.36,39.4,30.0,34.0,41.0,44.0,54.0,31.0,43.0,39.0,46.0,38.0,51.0,50.0,40.0,38.0,36.0,32.0,36.0,44.0,44.0,41.0,34.0,35.0,39.0,41.0,38.0,46.0,39.0,25.0,36.0,37.0
10.370000000000001,39.86666666666667,30.0,35.0,43.0,45.0,52.0,30.0,44.0,41.0,47.0,35.0,51.0,49.0,38.0,36.0,39.0,33.0,38.0,44.0,41.0,42.0,36.0,36.0,42.0,44.0,39.0,45.0,41.0,30.0,35.0,35.0
10.38,40.03333333333333,30.0,35.0,43.0,45.0,51.0,30.0,44.0,43.0,44.0,35.0,53.0,48.0,40.0,35.0,40.0,31.0,42.0,43.0,42.0,40.0,37.0,36.0,40.0,46.0,38.0,45.0,45.0,31.0,33.0,36.0
10.39,40.0,30.0,35.0,43.0,45.0,50.0,30.0,44.0,41.0,45.0,36.0,51.0,46.0,41.0,34.0,41.0,33.0,41.0,45.0,42.0,38.0,37.0,34.0,41.0,45.0,41.0,46.0,43.0,32.0,33.0,37.0
10.4,40.0,30.0,33.0,43.0,46.0,51.0,31.0,43.0,39.0,43.0,35.0,50.0,41.0,42.0,35.0,45.0,35.0,40.0,45.0,38.0,40.0,38.0,38.0,41.0,47.0,40.0,45.0,42.0,34.0,32.0,38.0
10.41,40.06666666666667,29.0,33.0,41.0,46.0,50.0,34.0,45.0,40.0,44.0,38.0,48.0,42.0,43.0,34.0,46.0,34.0,40.0,45.0,36.0,41.0,38.0,38.0,40.0,47.0,40.0,44.0,41.0,33.0,33.0,39.0
10.42,40.56666666666667,33.0,34.0,43.0,46.0,51.0,35.0,43.0,41.0,42.0,40.0,47.0,39.0,43.0,33.0,46.0,39.0,42.0,45.0,37.0,39.0,37.0,39.0,40.0,47.0,45.0,44.0,40.0,35.0,34.0,38.0
10.43,40.333333333333336,34.0,34.0,42.0,46.0,48.0,34.0,41.0,40.0,43.0,41.0,47.0,42.0,44.0,33.0,45.0,39.0,40.0,43.0,35.0,39.0,37.0,38.0,39.0,48.0,46.0,45.0,41.0,37.0,31.0,38.0
10.44,40.2,31.0,34.0,40.0,45.0,44.0,34.0,39.0,40.0,44.0,42.0,46.0,42.0,45.0,35.0,47.0,39.0,40.0,43.0,35.0,39.0,38.0,38.0,39.0,46.0,48.0,45.0,39.0,40.0,31.0,38.0
10.450000000000001,40.36666666666667,35.0,35.0,37.0,45.0,45.0,35.0,41.0,38.0,43.0,43.0,44.0,44.0,42.0,34.0,46.0,37.0,42.0,42.0,36.0,40.0,40.0,39.0,40.0,45.0,47.0,48.0,37.0,41.0,33.0,37.0
10.46,40.666666666666664,34.0,36.0,36.0,43.0,43.0,39.0,42.0,38.0,45.0,43.0,43.0,46.0,42.0,32.0,44.0,39.0,41.0,48.0,39.0,40.0,39.0,41.0,40.0,42.0,46.0,45.0,40.0,41.0,35.0,38.0
10.47,41.5,34.0,37.0,37.0,42.0,46.0,40.0,42.0,37.0,48.0,42.0,43.0,47.0,43.0,33.0,44.0,42.0,41.0,48.0,40.0,42.0,40.0,41.0,41.0,43.0,50.0,47.0,41.0,41.0,35.0,38.0
10.48,41.43333333333333,34.0,35.0,39.0,39.0,45.0,40.0,41.0,38.0,45.0,41.0,47.0,47.0,43.0,34.0,42.0,43.0,41.0,49.0,38.0,42.0,36.0,43.0,44.0,40.0,49.0,47.0,44.0,41.0,35.0,41.0
10.49,41.7,35.0,36.0,38.0,42.0,45.0,41.0,42.0,38.0,44.0,42.0,47.0,47.0,41.0,32.0,42.0,42.0,41.0,50.0,39.0,41.0,39.0,43.0,47.0,42.0,48.0,48.0,44.0,39.0,35.0,41.0
10.5,41.333333333333336,38.0,38.0,34.0,40.0,45.0,39.0,38.0,39.0,45.0,41.0,48.0,48.0,39.0,32.0,45.0,43.0,40.0,50.0,37.0,40.0,37.0,43.0,49.0,44.0,49.0,46.0,45.0,35.0,31.0,42.0
10.51,40.8,38.0,39.0,34.0,42.0,45.0,36.0,38.0,37.0,46.0,42.0,48.0,47.0,37.0,31.0,47.0,43.0,41.0,49.0,36.0,41.0,36.0,40.0,48.0,39.0,48.0,44.0,43.0,36.0,31.0,42.0
10.52,40.56666666666667,41.0,38.0,35.0,43.0,44.0,36.0,41.0,38.0,44.0,42.0,52.0,47.0,38.0,31.0,44.0,42.0,37.0,48.0,36.0,43.0,36.0,40.0,50.0,39.0,44.0,41.0,43.0,34.0,29.0,41.0
10.53,40.766666666666666,38.0,40.0,39.0,41.0,43.0,39.0,41.0,38.0,45.0,41.0,51.0,47.0,37.0,33.0,46.0,41.0,38.0,47.0,38.0,44.0,37.0,38.0,49.0,39.0,42.0,41.0,45.0,33.0,31.0,41.0
10.540000000000001,40.4,39.0,39.0,38.0,41.0,42.0,41.0,42.0,38.0,44.0,41.0,51.0,48.0,39.0,34.0,46.0,42.0,37.0,45.0,37.0,43.0,36.0,37.0,46.0,39.0,42.0,39.0,40.0,34.0,33.0,39.0
10.55,40.266666666666666,40.0,39.0,38.0,44.0,41.0,40.0,41.0,39.0,44.0,42.0,48.0,49.0,39.0,33.0,43.0,41.0,35.0,44.0,37.0,42.0,38.0,38.0,46.0,40.0,39.0,43.0,38.0,34.0,33.0,40.0
10.56,40.6,38.0,39.0,38.0,46.0,40.0,41.0,38.0,39.0,41.0,44.0,49.0,49.0,42.0,34.0,46.0,43.0,37.0,44.0,37.0,43.0,33.0,39.0,47.0,40.0,38.0,45.0,39.0,38.0,32.0,39.0
10.57,40.4,38.0,36.0,37.0,47.0,39.0,43.0,36.0,39.0,43.0,43.0,50.0,49.0,43.0,34.0,44.0,43.0,40.0,43.0,37.0,43.0,33.0,40.0,47.0,37.0,40.0,39.0,40.0,36.0,31.0,42.0
10.58,40.6,40.0,37.0,36.0,48.0,38.0,42.0,39.0,36.0,42.0,43.0,50.0,48.0,45.0,35.0,44.0,43.0,41.0,43.0,36.0,45.0,33.0,41.0,51.0,37.0,37.0,38.0,39.0,37.0,32.0,42.0
10.59,40.56666666666667,41.0,39.0,35.0,47.0,38.0,40.0,40.0,34.0,44.0,41.0,48.0,46.0,46.0,34.0,45.0,43.0,40.0,40.0,38.0,44.0,35.0,41.0,51.0,40.0,38.0,38.0,41.0,36.0,33.0,41.0
10.6,40.833333333333336,42.0,41.0,34.0,48.0,40.0,42.0,43.0,33.0,44.0,39.0,47.0,46.0,45.0,39.0,44.0,44.0,40.0,41.0,40.0,43.0,36.0,36.0,51.0,40.0,37.0,37.0,40.0,37.0,33.0,43.0
10.61,40.833333333333336,44.0,43.0,34.0,46.0,37.0,42.0,42.0,34.0,46.0,38.0,47.0,44.0,47.0,39.0,44.0,40.0,41.0,42.0,36.0,44.0,37.0,33.0,51.0,40.0,37.0,38.0,42.0,39.0,33.0,45.0
10.620000000000001,41.03333333333333,46.0,42.0,34.0,47.0,38.0,40.0,42.0,35.0,48.0,37.0,47.0,42.0,47.0,38.0,48.0,41.0,44.0,41.0,35.0,44.0,37.0,32.0,50.0,41.0,38.0,36.0,43.0,39.0,32.0,47.0
10.63,41.233333333333334,49.0,42.0,37.0,48.0,40.0,38.0,43.0,35.0,48.0,40.0,46.0,41.0,45.0,38.0,51.0,39.0,45.0,40.0,35.0,43.0,38.0,32.0,49.0,41.0,35.0,38.0,42.0,39.0,32.0,48.0
10.64,40.733333333333334,48.0,39.0,37.0,52.0,42.0,37.0,42.0,35.0,44.0,38.0,44.0,41.0,43.0,39.0,52.0,39.0,46.0,39.0,35.0,41.0,39.0,33.0,47.0,38.0,36.0,39.0,42.0,38.0,31.0,46.0
10.65,40.766666666666666,48.0,37.0,37.0,51.0,45.0,38.0,41.0,35.0,44.0,38.0,45.0,40.0,41.0,41.0,49.0,38.0,46.0,41.0,33.0,42.0,39.0,35.0,48.0,39.0,37.0,38.0,44.0,37.0,31.0,45.0
10.66,40.766666666666666,50.0,38.0,36.0,50.0,47.0,38.0,40.0,35.0,43.0,37.0,44.0,40.0,41.0,42.0,47.0,36.0,46.0,41.0,32.0,41.0,39.0,36.0,45.0,39.0,40.0,40.0,46.0,36.0,34.0,44.0
10.67,40.5,50.0,36.0,36.0,49.0,46.0,37.0,40.0,36.0,43.0,35.0,41.0,41.0,42.0,44.0,47.0,38.0,42.0,40.0,32.0,40.0,40.0,37.0,44.0,39.0,40.0,40.0,45.0,35.0,37.0,43.0
10.68,40.833333333333336,50.0,37.0,38.0,46.0,47.0,36.0,37.0,36.0,47.0,36.0,42.0,42.0,45.0,44.0,49.0,39.0,40.0,41.0,33.0,37.0,38.0,37.0,44.0,42.0,41.0,41.0,44.0,35.0,39.0,42.0
10.69,40.6,52.0,37.0,40.0,44.0,46.0,36.0,36.0,34.0,49.0,37.0,39.0,44.0,45.0,44.0,45.0,39.0,40.0,40.0,31.0,38.0,39.0,38.0,45.0,43.0,39.0,41.0,46.0,33.0,40.0,38.0
10.700000000000001,40.56666666666667,50.0,40.0,38.0,43.0,46.0,36.0,36.0,34.0,45.0,34.0,41.0,44.0,45.0,43.0,42.0,39.0,42.0,42.0,33.0,37.0,40.0,42.0,44.0,43.0,39.0,41.0,45.0,31.0,43.0,39.0
10.71,40.0,51.0,40.0,37.0,43.0,40.0,35.0,34.0,33.0,43.0,34.0,40.0,44.0,43.0,42.0,46.0,38.0,41.0,39.0,31.0,36.0,43.0,43.0,44.0,40.0,44.0,41.0,43.0,31.0,41.0,40.0
10.72,39.833333333333336,51.0,39.0,37.0,44.0,39.0,37.0,37.0,36.0,41.0,31.0,43.0,45.0,40.0,41.0,44.0,38.0,39.0,37.0,32.0,34.0,42.0,43.0,43.0,39.0,44.0,39.0,42.0,32.0,42.0,44.0
10.73,39.5,54.0,39.0,37.0,42.0,42.0,37.0,35.0,35.0,41.0,31.0,42.0,45.0,39.0,42.0,42.0,39.0,40.0,37.0,31.0,32.0,43.0,43.0,44.0,40.0,41.0,36.0,41.0,31.0,42.0,42.0
10.74,39.13333333333333,53.0,39.0,35.0,41.0,40.0,35.0,35.0,36.0,39.0,30.0,42.0,46.0,40.0,42.0,41.0,38.0,41.0,38.0,31.0,33.0,43.0,42.0,45.0,38.0,41.0,35.0,41.0,30.0,43.0,41.0
10.75,39.3,51.0,43.0,35.0,41.0,41.0,37.0,37.0,35.0,39.0,29.0,44.0,45.0,40.0,41.0,39.0,39.0,43.0,37.0,32.0,33.0,42.0,40.0,43.0,39.0,41.0,40.0,39.0,31.0,44.0,39.0
10.76,39.0,51.0,45.0,34.0,39.0,40.0,34.0,36.0,35.0,41.0,29.0,41.0,44.0,45.0,38.0,38.0,38.0,46.0,37.0,34.0,31.0,44.0,35.0,44.0,42.0,41.0,39.0,38.0,31.0,43.0,37.0
10.77,38.8,52.0,44.0,34.0,39.0,38.0,32.0,38.0,32.0,40.0,29.0,40.0,42.0,45.0,39.0,37.0,37.0,45.0,36.0,34.0,31.0,42.0,33.0,45.0,44.0,40.0,39.0,40.0,33.0,46.0,38.0
10.78,38.1,49.0,41.0,34.0,40.0,33.0,34.0,35.0,33.0,40.0,26.0,41.0,40.0,44.0,40.0,38.0,39.0,43.0,35.0,35.0,28.0,41.0,32.0,45.0,44.0,40.0,38.0,42.0,33.0,44.0,36.0
10.790000000000001,37.8,47.0,41.0,35.0,41.0,32.0,33.0,33.0,35.0,41.0,26.0,39.0,41.0,45.0,39.0,36.0,39.0,42.0,33.0,34.0,29.0,43.0,33.0,45.0,44.0,40.0,37.0,41.0,31.0,43.0,36.0
10.8,37.4,46.0,41.0,34.0,41.0,32.0,32.0,33.0,36.0,42.0,23.0,38.0,42.0,45.0,36.0,37.0,39.0,42.0,33.0,34.0,27.0,43.0,33.0,48.0,43.0,36.0,37.0,40.0,32.0,43.0,34.0
10.81,37.96666666666667,47.0,42.0,35.0,46.0,30.0,31.0,35.0,37.0,42.0,23.0,39.0,41.0,46.0,37.0,36.0,39.0,42.0,34.0,34.0,26.0,45.0,33.0,45.0,46.0,34.0,40.0,40.0,33.0,44.0,37.0
10.82,37.766666666666666,46.0,41.0,33.0,43.0,30.0,31.0,36.0,35.0,42.0,24.0,40.0,43.0,45.0,37.0,35.0,38.0,40.0,34.0,36.0,24.0,45.0,33.0,45.0,48.0,36.0,39.0,40.0,32.0,45.0,37.0
10.83,38.0,45.0,44.0,30.0,43.0,32.0,32.0,36.0,35.0,40.0,22.0,39.0,45.0,45.0,40.0,33.0,40.0,41.0,35.0,39.0,24.0,45.0,34.0,43.0,48.0,39.0,39.0,41.0,31.0,45.0,35.0
10.84,38.03333333333333,46.0,44.0,30.0,44.0,30.0,33.0,36.0,32.0,43.0,25.0,42.0,48.0,45.0,40.0,34.0,39.0,38.0,33.0,37.0,25.0,44.0,35.0,42.0,47.0,38.0,41.0,42.0,32.0,42.0,34.0
10.85,37.86666666666667,46.0,43.0,31.0,46.0,31.0,31.0,34.0,32.0,44.0,26.0,42.0,47.0,44.0,39.0,35.0,36.0,40.0,34.0,36.0,26.0,42.0,36.0,43.0,48.0,36.0,40.0,41.0,32.0,40.0,35.0
10.86,38.1,47.0,42.0,29.0,46.0,31.0,31.0,34.0,33.0,47.0,24.0,43.0,46.0,44.0,40.0,37.0,36.0,39.0,34.0,37.0,29.0,42.0,37.0,42.0,47.0,37.0,36.0,43.0,33.0,41.0,36.0
10.870000000000001,37.5,46.0,41.0,31.0,46.0,30.0,33.0,36.0,34.0,48.0,25.0,41.0,45.0,44.0,42.0,37.0,34.0,37.0,36.0,37.0,29.0,40.0,37.0,39.0,45.0,34.0,35.0,41.0,28.0,38.0,36.0
10.88,37.6,43.0,40.0,30.0,44.0,32.0,32.0,37.0,35.0,45.0,25.0,44.0,47.0,44.0,44.0,39.0,33.0,40.0,34.0,33.0,30.0,39.0,37.0,38.0,47.0,35.0,37.0,41.0,28.0,38.0,37.0
10.89,37.4,43.0,40.0,31.0,43.0,31.0,33.0,37.0,36.0,43.0,27.0,42.0,46.0,43.0,45.0,40.0,32.0,41.0,35.0,32.0,30.0,40.0,39.0,35.0,44.0,32.0,38.0,40.0,29.0,38.0,37.0
10.9,37.63333333333333,43.0,38.0,32.0,44.0,30.0,36.0,35.0,40.0,45.0,27.0,40.0,44.0,42.0,48.0,41.0,33.0,42.0,34.0,31.0,32.0,39.0,38.0,37.0,41.0,32.0,38.0,41.0,30.0,36.0,40.0
10.91,38.1,45.0,39.0,34.0,46.0,29.0,37.0,38.0,43.0,45.0,29.0,41.0,46.0,40.0,48.0,39.0,34.0,42.0,34.0,31.0,32.0,37.0,36.0,38.0,39.0,32.0,37.0,45.0,30.0,35.0,42.0
10.92,37.93333333333333,44.0,37.0,33.0,45.0,30.0,36.0,38.0,49.0,45.0,30.0,41.0,47.0,38.0,50.0,37.0,35.0,39.0,35.0,32.0,33.0,37.0,38.0,38.0,35.0,32.0,38.0,42.0,28.0,34.0,42.0
10.93,38.1,46.0,38.0,34.0,43.0,30.0,37.0,38.0,50.0,45.0,31.0,43.0,47.0,40.0,50.0,35.0,35.0,40.0,35.0,33.0,34.0,38.0,40.0,38.0,33.0,32.0,39.0,40.0,27.0,32.0,40.0
10.94,38.3,43.0,38.0,34.0,39.0,31.0,38.0,41.0,48.0,44.0,31.0,40.0,50.0,40.0,52.0,34.0,35.0,40.0,36.0,32.0,37.0,36.0,41.0,43.0,31.0,31.0,41.0,42.0,29.0,31.0,41.0
10.950000000000001,38.666666666666664,42.0,38.0,37.0,39.0,29.0,38.0,41.0,48.0,46.0,33.0,42.0,51.0,41.0,51.0,34.0,34.0,40.0,35.0,33.0,37.0,37.0,39.0,41.0,32.0,33.0,41.0,41.0,32.0,32.0,43.0
10.96,38.5,43.0,37.0,35.0,41.0,29.0,38.0,40.0,46.0,47.0,32.0,40.0,50.0,44.0,51.0,33.0,33.0,39.0,36.0,33.0,38.0,37.0,40.0,41.0,31.0,28.0,43.0,40.0,31.0,33.0,46.0
10.97,38.1,45.0,38.0,35.0,38.0,29.0,40.0,38.0,46.0,45.0,30.0,39.0,46.0,43.0,50.0,32.0,35.0,37.0,35.0,36.0,40.0,34.0,39.0,39.0,32.0,26.0,44.0,40.0,31.0,34.0,47.0
10.98,38.46666666666667,45.0,38.0,35.0,42.0,31.0,40.0,37.0,46.0,46.0,31.0,40.0,47.0,44.0,50.0,33.0,34.0,37.0,34.0,37.0,41.0,35.0,38.0,40.0,32.0,28.0,42.0,39.0,32.0,36.0,44.0
10.99,38.63333333333333,45.0,39.0,35.0,42.0,30.0,39.0,37.0,46.0,48.0,29.0,40.0,50.0,44.0,49.0,32.0,35.0,40.0,34.0,36.0,38.0,36.0,39.0,39.0,33.0,29.0,41.0,40.0,34.0,36.0,44.0
11.0,38.233333333333334,44.0,39.0,37.0,42.0,30.0,40.0,35.0,44.0,48.0,30.0,39.0,48.0,46.0,47.0,31.0,33.0,40.0,32.0,36.0,38.0,35.0,38.0,40.0,33.0,29.0,40.0,38.0,36.0,38.0,41.0
11.01,38.06666666666667,42.0,38.0,36.0,42.0,31.0,39.0,35.0,43.0,46.0,30.0,38.0,46.0,46.0,47.0,32.0,37.0,41.0,34.0,35.0,37.0,36.0,37.0,43.0,35.0,30.0,39.0,38.0,36.0,36.0,37.0
11.02,38.46666666666667,45.0,34.0,35.0,42.0,35.0,41.0,36.0,42.0,46.0,31.0,36.0,49.0,48.0,49.0,29.0,37.0,41.0,33.0,36.0,36.0,35.0,41.0,43.0,36.0,29.0,41.0,39.0,37.0,35.0,37.0
11.03,38.13333333333333,42.0,34.0,33.0,42.0,36.0,41.0,35.0,39.0,44.0,31.0,36.0,48.0,46.0,48.0,33.0,38.0,43.0,32.0,34.0,40.0,35.0,41.0,43.0,30.0,28.0,42.0,39.0,38.0,36.0,37.0
11.040000000000001,38.233333333333334,43.0,33.0,32.0,43.0,35.0,40.0,34.0,39.0,46.0,31.0,33.0,50.0,44.0,48.0,32.0,39.0,43.0,34.0,36.0,40.0,36.0,41.0,45.0,30.0,30.0,41.0,39.0,37.0,35.0,38.0
11.05,38.233333333333334,44.0,30.0,31.0,42.0,34.0,41.0,35.0,40.0,45.0,32.0,35.0,49.0,44.0,47.0,33.0,40.0,41.0,36.0,36.0,40.0,34.0,41.0,44.0,32.0,31.0,40.0,41.0,36.0,35.0,38.0
11.06,38.233333333333334,43.0,29.0,31.0,40.0,34.0,43.0,35.0,40.0,44.0,33.0,34.0,49.0,42.0,46.0,33.0,39.0,41.0,39.0,35.0,40.0,36.0,43.0,44.0,33.0,33.0,38.0,42.0,36.0,34.0,38.0
11.07,38.166666666666664,45.0,27.0,28.0,36.0,36.0,46.0,36.0,39.0,47.0,34.0,36.0,46.0,43.0,44.0,33.0,35.0,42.0,40.0,36.0,38.0,36.0,44.0,42.0,32.0,34.0,37.0,41.0,38.0,34.0,40.0
11.08,38.5,46.0,29.0,27.0,36.0,37.0,46.0,36.0,41.0,44.0,35.0,38.0,46.0,42.0,43.0,34.0,36.0,43.0,43.0,34.0,36.0,38.0,47.0,42.0,31.0,35.0,38.0,42.0,38.0,35.0,37.0
11.09,38.46666666666667,44.0,29.0,27.0,34.0,36.0,48.0,36.0,41.0,45.0,35.0,36.0,46.0,44.0,43.0,36.0,36.0,42.0,43.0,33.0,37.0,38.0,47.0,45.0,28.0,35.0,38.0,41.0,39.0,36.0,36.0
11.1,38.833333333333336,45.0,29.0,27.0,35.0,36.0,47.0,35.0,44.0,45.0,33.0,35.0,45.0,43.0,43.0,37.0,40.0,40.0,42.0,37.0,37.0,38.0,47.0,43.0,29.0,37.0,40.0,44.0,40.0,36.0,36.0
11.11,38.4,45.0,27.0,29.0,35.0,35.0,49.0,32.0,45.0,41.0,34.0,35.0,46.0,41.0,40.0,37.0,40.0,41.0,39.0,37.0,37.0,39.0,48.0,43.0,32.0,33.0,40.0,41.0,40.0,36.0,35.0
11.120000000000001,38.63333333333333,45.0,26.0,30.0,36.0,33.0,47.0,30.0,44.0,40.0,36.0,33.0,49.0,41.0,42.0,38.0,41.0,43.0,41.0,39.0,36.0,39.0,49.0,40.0,33.0,33.0,41.0,42.0,40.0,37.0,35.0
11.13,38.5,45.0,27.0,29.0,35.0,34.0,46.0,29.0,45.0,38.0,38.0,34.0,49.0,41.0,41.0,34.0,41.0,42.0,41.0,40.0,35.0,37.0,49.0,39.0,34.0,34.0,43.0,41.0,42.0,36.0,36.0
11.14,38.166666666666664,42.0,27.0,30.0,34.0,34.0,44.0,28.0,46.0,37.0,36.0,33.0,46.0,42.0,42.0,34.0,43.0,43.0,40.0,43.0,34.0,35.0,46.0,40.0,35.0,32.0,40.0,43.0,39.0,41.0,36.0
11.15,38.36666666666667,40.0,29.0,29.0,32.0,34.0,47.0,26.0,46.0,37.0,37.0,34.0,45.0,43.0,44.0,33.0,43.0,45.0,40.0,42.0,34.0,36.0,46.0,45.0,33.0,32.0,40.0,42.0,39.0,41.0,37.0
11.16,38.766666666666666,42.0,28.0,30.0,30.0,35.0,47.0,26.0,44.0,38.0,38.0,35.0,46.0,41.0,42.0,32.0,45.0,43.0,44.0,43.0,35.0,36.0,45.0,46.0,35.0,31.0,41.0,44.0,39.0,44.0,38.0
11.17,38.8,44.0,27.0,29.0,30.0,39.0,45.0,24.0,42.0,38.0,41.0,36.0,49.0,41.0,42.0,30.0,44.0,44.0,45.0,43.0,35.0,37.0,46.0,47.0,36.0,30.0,39.0,44.0,37.0,41.0,39.0
11.18,38.43333333333333,42.0,27.0,29.0,29.0,40.0,46.0,24.0,37.0,38.0,40.0,36.0,48.0,42.0,42.0,30.0,45.0,44.0,43.0,45.0,34.0,36.0,45.0,46.0,35.0,29.0,41.0,43.0,36.0,42.0,39.0
11.19,39.0,40.0,29.0,31.0,32.0,39.0,50.0,25.0,39.0,40.0,41.0,37.0,47.0,44.0,42.0,29.0,46.0,46.0,41.0,45.0,36.0,37.0,45.0,46.0,35.0,30.0,40.0,43.0,35.0,43.0,37.0
11.200000000000001,38.7,41.0,22.0,31.0,32.0,39.0,47.0,24.0,37.0,40.0,39.0,37.0,45.0,41.0,45.0,27.0,49.0,49.0,40.0,49.0,37.0,38.0,46.0,46.0,35.0,29.0,41.0,45.0,33.0,41.0,36.0
11.21,39.0,43.0,20.0,33.0,35.0,39.0,45.0,24.0,38.0,38.0,39.0,35.0,45.0,39.0,50.0,28.0,49.0,50.0,40.0,48.0,38.0,38.0,47.0,45.0,34.0,32.0,41.0,46.0,32.0,42.0,37.0
11.22,38.63333333333333,43.0,24.0,30.0,35.0,39.0,46.0,22.0,39.0,38.0,39.0,33.0,43.0,40.0,51.0,28.0,51.0,50.0,39.0,46.0,37.0,36.0,47.0,43.0,33.0,32.0,39.0,46.0,32.0,38.0,40.0
11.23,38.56666666666667,42.0,26.0,30.0,36.0,40.0,45.0,24.0,37.0,41.0,38.0,34.0,44.0,39.0,51.0,28.0,49.0,49.0,40.0,48.0,38.0,35.0,45.0,40.0,31.0,31.0,39.0,44.0,35.0,38.0,40.0
11.24,38.53333333333333,39.0,26.0,31.0,37.0,41.0,44.0,24.0,37.0,43.0,37.0,34.0,43.0,38.0,53.0,25.0,47.0,48.0,40.0,51.0,35.0,36.0,44.0,39.0,33.0,32.0,39.0,47.0,36.0,38.0,39.0
11.25,38.3,38.0,27.0,30.0,37.0,42.0,40.0,25.0,34.0,41.0,37.0,34.0,41.0,39.0,52.0,24.0,47.0,50.0,44.0,50.0,35.0,37.0,40.0,38.0,33.0,31.0,43.0,47.0,37.0,37.0,39.0
11.26,38.46666666666667,40.0,26.0,31.0,35.0,43.0,40.0,27.0,34.0,41.0,32.0,33.0,42.0,41.0,51.0,25.0,48.0,49.0,44.0,51.0,36.0,37.0,42.0,37.0,34.0,33.0,41.0,46.0,38.0,36.0,41.0
11.27,38.36666666666667,41.0,28.0,32.0,35.0,41.0,40.0,27.0,37.0,41.0,32.0,32.0,43.0,41.0,53.0,26.0,45.0,50.0,43.0,51.0,39.0,38.0,42.0,38.0,31.0,32.0,38.0,44.0,36.0,37.0,38.0
11.28,38.56666666666667,43.0,29.0,31.0,35.0,44.0,39.0,29.0,37.0,40.0,29.0,34.0,44.0,40.0,52.0,27.0,47.0,51.0,43.0,47.0,40.0,36.0,42.0,36.0,31.0,32.0,39.0,44.0,39.0,37.0,40.0
11.290000000000001,38.4,44.0,31.0,30.0,35.0,44.0,41.0,30.0,37.0,41.0,27.0,32.0,43.0,37.0,51.0,23.0,45.0,49.0,44.0,46.0,41.0,36.0,44.0,38.0,31.0,33.0,40.0,41.0,42.0,37.0,39.0
11.3,38.5,42.0,33.0,29.0,37.0,43.0,38.0,29.0,36.0,41.0,27.0,32.0,43.0,39.0,53.0,23.0,46.0,49.0,45.0,46.0,40.0,35.0,43.0,38.0,27.0,32.0,41.0,45.0,44.0,38.0,41.0
11.31,38.266666666666666,41.0,35.0,29.0,36.0,41.0,38.0,31.0,34.0,41.0,28.0,32.0,41.0,37.0,52.0,22.0,45.0,50.0,45.0,45.0,39.0,33.0,45.0,35.0,29.0,35.0,42.0,46.0,44.0,37.0,40.0
11.32,38.266666666666666,41.0,37.0,29.0,34.0,40.0,39.0,30.0,35.0,41.0,28.0,34.0,43.0,37.0,52.0,23.0,44.0,49.0,42.0,47.0,40.0,31.0,43.0,36.0,28.0,36.0,40.0,47.0,43.0,37.0,42.0
11.33,37.96666666666667,44.0,39.0,28.0,33.0,39.0,34.0,29.0,35.0,37.0,28.0,35.0,42.0,35.0,52.0,25.0,45.0,48.0,42.0,46.0,41.0,32.0,43.0,34.0,27.0,37.0,39.0,49.0,42.0,36.0,43.0
11.34,37.96666666666667,41.0,39.0,28.0,33.0,40.0,34.0,32.0,33.0,38.0,27.0,37.0,41.0,36.0,52.0,27.0,45.0,49.0,43.0,46.0,39.0,31.0,42.0,38.0,25.0,36.0,40.0,49.0,40.0,35.0,43.0
11.35,37.766666666666666,42.0,43.0,29.0,32.0,40.0,33.0,30.0,33.0,37.0,27.0,38.0,40.0,35.0,50.0,26.0,44.0,49.0,44.0,46.0,42.0,31.0,40.0,40.0,24.0,38.0,39.0,47.0,39.0,32.0,43.0
11.36,37.733333333333334,44.0,45.0,29.0,33.0,37.0,30.0,34.0,33.0,36.0,28.0,38.0,41.0,34.0,50.0,28.0,44.0,47.0,46.0,47.0,42.0,30.0,38.0,36.0,22.0,37.0,39.0,46.0,43.0,32.0,43.0
11.370000000000001,37.6,46.0,41.0,33.0,32.0,38.0,29.0,34.0,34.0,37.0,27.0,37.0,41.0,33.0,50.0,28.0,43.0,47.0,46.0,47.0,44.0,29.0,37.0,34.0,23.0,38.0,41.0,44.0,41.0,32.0,42.0
11.38,37.63333333333333,44.0,42.0,31.0,30.0,40.0,28.0,33.0,34.0,38.0,27.0,37.0,40.0,35.0,49.0,27.0,47.0,49.0,42.0,48.0,42.0,30.0,40.0,32.0,23.0,38.0,42.0,45.0,40.0,35.0,41.0
11.39,36.93333333333333,43.0,42.0,31.0,29.0,37.0,29.0,34.0,35.0,38.0,27.0,34.0,38.0,35.0,49.0,28.0,45.0,47.0,42.0,48.0,41.0,28.0,36.0,33.0,24.0,39.0,39.0,44.0,41.0,35.0,37.0
11.4,36.733333333333334,42.0,42.0,35.0,29.0,37.0,27.0,33.0,33.0,36.0,26.0,32.0,39.0,33.0,52.0,27.0,44.0,46.0,43.0,48.0,43.0,30.0,34.0,33.0,23.0,41.0,37.0,42.0,42.0,35.0,38.0
11.41,37.2,42.0,42.0,37.0,29.0,37.0,25.0,39.0,39.0,38.0,27.0,32.0,38.0,34.0,50.0,32.0,42.0,45.0,42.0,48.0,44.0,31.0,34.0,33.0,21.0,43.0,35.0,40.0,42.0,35.0,40.0
11.42,36.43333333333333,43.0,41.0,38.0,27.0,36.0,27.0,40.0,35.0,38.0,26.0,32.0,37.0,34.0,48.0,31.0,41.0,44.0,42.0,44.0,43.0,29.0,36.0,33.0,22.0,43.0,36.0,37.0,39.0,33.0,38.0
11.43,36.5,41.0,45.0,38.0,28.0,36.0,29.0,43.0,33.0,38.0,25.0,33.0,37.0,35.0,49.0,31.0,42.0,43.0,41.0,43.0,43.0,29.0,34.0,35.0,22.0,44.0,36.0,36.0,37.0,32.0,37.0
11.44,36.63333333333333,39.0,44.0,38.0,28.0,36.0,30.0,42.0,33.0,38.0,25.0,33.0,36.0,36.0,49.0,31.0,44.0,44.0,41.0,43.0,43.0,29.0,34.0,36.0,24.0,45.0,37.0,37.0,37.0,29.0,38.0
11.450000000000001,36.46666666666667,39.0,43.0,38.0,28.0,36.0,30.0,42.0,33.0,38.0,24.0,31.0,34.0,37.0,50.0,31.0,43.0,42.0,42.0,44.0,44.0,29.0,32.0,38.0,22.0,45.0,36.0,36.0,37.0,30.0,40.0
11.46,36.2,37.0,42.0,36.0,28.0,36.0,28.0,44.0,33.0,37.0,25.0,31.0,34.0,37.0,48.0,30.0,46.0,41.0,43.0,42.0,45.0,30.0,32.0,36.0,23.0,46.0,37.0,37.0,37.0,26.0,39.0
11.47,35.93333333333333,37.0,44.0,35.0,25.0,35.0,28.0,42.0,34.0,36.0,24.0,29.0,32.0,37.0,46.0,33.0,44.0,40.0,43.0,40.0,44.0,28.0,34.0,38.0,25.0,49.0,38.0,37.0,38.0,25.0,38.0
11.48,36.03333333333333,35.0,43.0,36.0,26.0,33.0,27.0,40.0,35.0,37.0,29.0,29.0,32.0,37.0,47.0,32.0,42.0,40.0,43.0,42.0,40.0,31.0,36.0,35.0,26.0,51.0,37.0,38.0,41.0,24.0,37.0
11.49,36.266666666666666,33.0,43.0,37.0,23.0,34.0,26.0,39.0,35.0,38.0,30.0,30.0,34.0,40.0,48.0,31.0,40.0,39.0,42.0,44.0,41.0,33.0,38.0,36.0,26.0,51.0,35.0,39.0,43.0,24.0,36.0
11.5,36.166666666666664,32.0,43.0,36.0,24.0,35.0,29.0,35.0,36.0,37.0,31.0,30.0,33.0,38.0,48.0,31.0,41.0,39.0,42.0,44.0,41.0,35.0,37.0,35.0,25.0,52.0,34.0,39.0,45.0,24.0,34.0
11.51,36.166666666666664,33.0,41.0,36.0,24.0,34.0,32.0,34.0,37.0,37.0,32.0,33.0,33.0,38.0,50.0,29.0,40.0,38.0,40.0,42.0,40.0,34.0,38.0,34.0,27.0,53.0,35.0,37.0,45.0,24.0,35.0
11.52,36.233333333333334,32.0,40.0,39.0,26.0,35.0,36.0,35.0,37.0,37.0,34.0,31.0,33.0,42.0,47.0,27.0,38.0,38.0,40.0,41.0,40.0,34.0,38.0,33.0,30.0,51.0,34.0,37.0,45.0,21.0,36.0
11.53,36.166666666666664,34.0,38.0,38.0,27.0,36.0,37.0,35.0,36.0,37.0,33.0,29.0,37.0,42.0,46.0,27.0,39.0,39.0,37.0,34.0,42.0,34.0,38.0,32.0,32.0,51.0,35.0,36.0,46.0,22.0,36.0
11.540000000000001,36.0,34.0,36.0,38.0,26.0,38.0,37.0,35.0,39.0,39.0,32.0,28.0,37.0,43.0,47.0,27.0,39.0,36.0,37.0,35.0,39.0,33.0,40.0,33.0,32.0,49.0,32.0,35.0,44.0,22.0,38.0
11.55,36.06666666666667,36.0,35.0,39.0,26.0,40.0,36.0,36.0,39.0,39.0,34.0,27.0,38.0,46.0,45.0,29.0,37.0,37.0,36.0,34.0,37.0,34.0,41.0,32.0,33.0,48.0,33.0,33.0,42.0,23.0,37.0
11.56,36.333333333333336,37.0,38.0,40.0,26.0,40.0,34.0,38.0,39.0,39.0,35.0,28.0,38.0,47.0,48.0,32.0,35.0,38.0,34.0,33.0,38.0,29.0,41.0,36.0,34.0,47.0,33.0,34.0,39.0,23.0,37.0
11.57,36.43333333333333,40.0,36.0,39.0,29.0,40.0,35.0,36.0,37.0,39.0,35.0,30.0,38.0,47.0,51.0,31.0,36.0,40.0,31.0,33.0,39.0,31.0,44.0,37.0,34.0,46.0,33.0,30.0,39.0,22.0,35.0
11.58,36.86666666666667,41.0,36.0,39.0,30.0,41.0,33.0,34.0,36.0,39.0,37.0,32.0,36.0,48.0,53.0,32.0,34.0,35.0,32.0,35.0,43.0,31.0,43.0,42.0,33.0,47.0,34.0,31.0,40.0,23.0,36.0
11.59,36.86666666666667,42.0,33.0,39.0,32.0,42.0,35.0,33.0,38.0,39.0,35.0,32.0,36.0,48.0,55.0,32.0,35.0,33.0,32.0,35.0,42.0,32.0,41.0,39.0,34.0,49.0,36.0,33.0,36.0,25.0,33.0
11.6,37.5,41.0,35.0,41.0,32.0,39.0,36.0,35.0,40.0,39.0,37.0,32.0,36.0,48.0,57.0,35.0,33.0,33.0,31.0,37.0,42.0,31.0,41.0,40.0,35.0,50.0,36.0,34.0,40.0,25.0,34.0
11.61,37.2,42.0,34.0,43.0,31.0,40.0,35.0,37.0,40.0,37.0,36.0,31.0,36.0,49.0,54.0,35.0,33.0,31.0,31.0,36.0,41.0,31.0,43.0,38.0,35.0,49.0,35.0,35.0,39.0,26.0,33.0
11.620000000000001,37.13333333333333,42.0,35.0,41.0,31.0,40.0,36.0,37.0,39.0,36.0,38.0,32.0,36.0,49.0,58.0,33.0,33.0,31.0,31.0,35.0,41.0,32.0,42.0,38.0,34.0,46.0,34.0,33.0,40.0,27.0,34.0
11.63,36.8,42.0,35.0,43.0,29.0,37.0,36.0,37.0,39.0,35.0,40.0,33.0,36.0,48.0,56.0,32.0,33.0,30.0,30.0,31.0,40.0,31.0,41.0,39.0,34.0,45.0,34.0,34.0,41.0,29.0,34.0
11.64,36.53333333333333,43.0,35.0,42.0,30.0,38.0,37.0,37.0,36.0,36.0,38.0,33.0,35.0,50.0,55.0,34.0,32.0,29.0,29.0,32.0,42.0,31.0,38.0,39.0,34.0,44.0,33.0,32.0,37.0,29.0,36.0
11.65,36.333333333333336,40.0,33.0,41.0,31.0,39.0,38.0,35.0,34.0,33.0,37.0,34.0,37.0,48.0,54.0,34.0,32.0,27.0,28.0,33.0,42.0,30.0,41.0,40.0,34.0,44.0,36.0,31.0,38.0,29.0,37.0
11.66,36.4,40.0,33.0,40.0,32.0,38.0,38.0,33.0,36.0,31.0,36.0,32.0,40.0,48.0,54.0,34.0,35.0,27.0,26.0,33.0,42.0,29.0,41.0,40.0,33.0,44.0,36.0,34.0,39.0,31.0,37.0
11.67,36.5,41.0,38.0,41.0,31.0,40.0,37.0,32.0,37.0,30.0,36.0,32.0,41.0,47.0,52.0,35.0,36.0,25.0,27.0,35.0,43.0,31.0,41.0,38.0,33.0,44.0,34.0,34.0,39.0,30.0,35.0
11.68,36.36666666666667,42.0,38.0,45.0,31.0,40.0,32.0,33.0,36.0,30.0,36.0,30.0,41.0,48.0,50.0,33.0,37.0,26.0,26.0,36.0,43.0,32.0,41.0,38.0,36.0,42.0,34.0,35.0,37.0,29.0,34.0
11.69,36.666666666666664,43.0,40.0,45.0,31.0,39.0,30.0,33.0,35.0,31.0,36.0,33.0,40.0,47.0,50.0,35.0,36.0,25.0,27.0,39.0,41.0,33.0,41.0,38.0,36.0,41.0,35.0,37.0,37.0,30.0,36.0
11.700000000000001,36.53333333333333,42.0,38.0,43.0,31.0,40.0,34.0,33.0,36.0,31.0,35.0,35.0,40.0,48.0,48.0,37.0,35.0,24.0,26.0,41.0,40.0,36.0,39.0,38.0,34.0,40.0,34.0,37.0,35.0,30.0,36.0
11.71,36.56666666666667,43.0,38.0,42.0,30.0,37.0,35.0,32.0,36.0,31.0,37.0,37.0,39.0,47.0,48.0,35.0,36.0,25.0,27.0,45.0,38.0,37.0,39.0,37.0,35.0,37.0,32.0,36.0,35.0,32.0,39.0
11.72,36.233333333333334,44.0,36.0,40.0,33.0,38.0,34.0,32.0,35.0,33.0,37.0,37.0,38.0,51.0,48.0,32.0,34.0,24.0,27.0,46.0,38.0,35.0,37.0,37.0,35.0,37.0,31.0,37.0,34.0,30.0,37.0
11.73,36.53333333333333,45.0,36.0,42.0,34.0,38.0,32.0,31.0,33.0,33.0,38.0,38.0,40.0,52.0,47.0,34.0,33.0,24.0,27.0,49.0,39.0,36.0,39.0,37.0,36.0,37.0,31.0,38.0,32.0,30.0,35.0
11.74,36.833333333333336,44.0,34.0,38.0,36.0,41.0,31.0,31.0,32.0,31.0,36.0,39.0,42.0,51.0,48.0,31.0,33.0,29.0,27.0,48.0,41.0,38.0,42.0,39.0,37.0,38.0,32.0,37.0,31.0,29.0,39.0
11.75,36.9,43.0,35.0,40.0,36.0,39.0,31.0,33.0,34.0,29.0,34.0,38.0,44.0,52.0,50.0,32.0,30.0,29.0,26.0,46.0,42.0,38.0,42.0,38.0,40.0,38.0,29.0,38.0,31.0,30.0,40.0
11.76,36.63333333333333,42.0,34.0,41.0,36.0,38.0,31.0,31.0,34.0,30.0,35.0,39.0,44.0,51.0,47.0,34.0,27.0,31.0,24.0,47.0,39.0,37.0,45.0,39.0,39.0,37.0,28.0,38.0,31.0,30.0,40.0
11.77,36.9,41.0,33.0,40.0,35.0,38.0,31.0,32.0,33.0,27.0,38.0,38.0,44.0,52.0,45.0,34.0,27.0,33.0,27.0,47.0,41.0,38.0,46.0,39.0,38.0,38.0,30.0,41.0,30.0,30.0,41.0
11.78,37.0,42.0,33.0,39.0,36.0,37.0,31.0,33.0,32.0,28.0,38.0,38.0,43.0,50.0,43.0,34.0,28.0,34.0,26.0,47.0,43.0,39.0,50.0,39.0,38.0,38.0,32.0,40.0,30.0,28.0,41.0
11.790000000000001,36.833333333333336,40.0,33.0,42.0,34.0,39.0,29.0,31.0,33.0,29.0,42.0,39.0,43.0,49.0,41.0,34.0,28.0,34.0,27.0,47.0,44.0,41.0,46.0,38.0,34.0,38.0,30.0,41.0,31.0,27.0,41.0
11.8,36.96666666666667,40.0,32.0,42.0,36.0,40.0,29.0,33.0,36.0,32.0,43.0,39.0,43.0,46.0,39.0,34.0,26.0,35.0,26.0,45.0,43.0,40.0,44.0,38.0,33.0,36.0,32.0,40.0,35.0,29.0,43.0
11.81,37.0,39.0,34.0,42.0,39.0,40.0,30.0,32.0,37.0,32.0,43.0,38.0,42.0,46.0,39.0,33.0,27.0,38.0,27.0,44.0,43.0,38.0,44.0,38.0,30.0,35.0,34.0,40.0,34.0,29.0,43.0
11.82,36.9,39.0,34.0,41.0,39.0,39.0,30.0,34.0,36.0,28.0,47.0,35.0,40.0,44.0,40.0,35.0,29.0,38.0,26.0,42.0,42.0,38.0,48.0,37.0,30.0,35.0,36.0,40.0,33.0,31.0,41.0
11.83,37.13333333333333,37.0,32.0,44.0,38.0,37.0,33.0,33.0,37.0,28.0,49.0,35.0,41.0,42.0,38.0,37.0,29.0,39.0,27.0,42.0,42.0,37.0,45.0,37.0,31.0,36.0,39.0,39.0,34.0,32.0,44.0
11.84,36.9,38.0,32.0,47.0,40.0,39.0,34.0,33.0,36.0,28.0,48.0,34.0,39.0,41.0,39.0,36.0,30.0,38.0,27.0,42.0,42.0,34.0,45.0,34.0,28.0,35.0,40.0,37.0,35.0,31.0,45.0
11.85,36.8,40.0,31.0,46.0,40.0,37.0,34.0,32.0,38.0,28.0,46.0,35.0,39.0,41.0,37.0,37.0,30.0,37.0,27.0,43.0,41.0,33.0,44.0,34.0,30.0,35.0,41.0,35.0,38.0,29.0,46.0
11.86,36.56666666666667,36.0,32.0,46.0,39.0,36.0,34.0,33.0,37.0,29.0,48.0,36.0,37.0,40.0,39.0,37.0,32.0,37.0,28.0,42.0,40.0,33.0,45.0,32.0,30.0,32.0,42.0,35.0,37.0,29.0,44.0
11.870000000000001,36.4,34.0,31.0,48.0,38.0,35.0,33.0,32.0,37.0,30.0,45.0,37.0,35.0,40.0,38.0,37.0,32.0,38.0,30.0,39.0,40.0,36.0,45.0,31.0,29.0,33.0,43.0,34.0,38.0,31.0,43.0
11.88,36.43333333333333,35.0,33.0,45.0,38.0,35.0,34.0,33.0,39.0,28.0,45.0,37.0,36.0,40.0,41.0,38.0,30.0,37.0,29.0,40.0,41.0,38.0,45.0,29.0,29.0,28.0,43.0,34.0,38.0,31.0,44.0
11.89,36.166666666666664,34.0,34.0,46.0,39.0,34.0,34.0,34.0,39.0,28.0,41.0,35.0,36.0,41.0,38.0,36.0,29.0,38.0,30.0,38.0,42.0,37.0,45.0,30.0,29.0,28.0,43.0,34.0,39.0,30.0,44.0
11.9,36.266666666666666,35.0,32.0,44.0,38.0,34.0,34.0,34.0,38.0,30.0,42.0,35.0,35.0,40.0,36.0,40.0,30.0,39.0,35.0,39.0,43.0,37.0,42.0,28.0,29.0,28.0,44.0,35.0,38.0,30.0,44.0
11.91,35.86666666666667,35.0,33.0,44.0,34.0,34.0,32.0,33.0,37.0,27.0,40.0,37.0,34.0,41.0,34.0,41.0,30.0,39.0,35.0,39.0,42.0,35.0,42.0,26.0,29.0,28.0,44.0,37.0,40.0,32.0,42.0
11.92,36.03333333333333,34.0,34.0,44.0,35.0,32.0,29.0,33.0,36.0,26.0,45.0,36.0,36.0,42.0,33.0,43.0,31.0,40.0,34.0,40.0,43.0,33.0,43.0,26.0,27.0,29.0,46.0,37.0,43.0,31.0,40.0
11.93,35.86666666666667,32.0,38.0,43.0,33.0,30.0,29.0,34.0,34.0,27.0,45.0,35.0,35.0,43.0,32.0,44.0,32.0,41.0,35.0,39.0,40.0,32.0,42.0,27.0,27.0,30.0,47.0,38.0,43.0,30.0,39.0
11.94,35.6,33.0,35.0,45.0,35.0,26.0,26.0,34.0,32.0,27.0,46.0,32.0,34.0,43.0,31.0,46.0,33.0,40.0,35.0,38.0,39.0,30.0,40.0,26.0,31.0,35.0,48.0,38.0,42.0,30.0,38.0
11.950000000000001,35.46666666666667,33.0,33.0,43.0,37.0,26.0,27.0,33.0,30.0,29.0,46.0,31.0,32.0,44.0,32.0,45.0,34.0,41.0,33.0,38.0,39.0,29.0,40.0,26.0,32.0,36.0,49.0,38.0,41.0,29.0,38.0
11.96,35.03333333333333,29.0,35.0,42.0,37.0,21.0,28.0,33.0,31.0,30.0,43.0,35.0,36.0,43.0,33.0,44.0,33.0,38.0,31.0,35.0,39.0,32.0,41.0,26.0,34.0,37.0,42.0,38.0,38.0,29.0,38.0
11.97,35.1,30.0,36.0,43.0,36.0,21.0,26.0,33.0,34.0,29.0,43.0,35.0,34.0,46.0,36.0,40.0,32.0,36.0,31.0,38.0,40.0,33.0,38.0,30.0,34.0,37.0,41.0,38.0,36.0,31.0,36.0
11.98,34.86666666666667,32.0,37.0,41.0,34.0,20.0,27.0,33.0,33.0,30.0,44.0,37.0,35.0,47.0,35.0,39.0,33.0,36.0,30.0,34.0,39.0,36.0,36.0,29.0,34.0,36.0,41.0,39.0,34.0,30.0,35.0
11.99,34.733333333333334,33.0,38.0,41.0,31.0,21.0,28.0,32.0,32.0,30.0,42.0,34.0,36.0,45.0,33.0,40.0,35.0,34.0,33.0,33.0,39.0,36.0,37.0,29.0,34.0,36.0,38.0,39.0,35.0,33.0,35.0
12.0,34.36666666666667,32.0,39.0,43.0,31.0,19.0,27.0,31.0,30.0,31.0,41.0,35.0,36.0,45.0,33.0,41.0,34.0,33.0,36.0,32.0,39.0,36.0,36.0,29.0,31.0,35.0,38.0,38.0,34.0,31.0,35.0
12.01,34.3,31.0,38.0,44.0,32.0,18.0,25.0,27.0,29.0,34.0,42.0,37.0,34.0,43.0,32.0,40.0,32.0,35.0,37.0,34.0,37.0,35.0,36.0,29.0,33.0,36.0,37.0,38.0,35.0,33.0,36.0
12.02,34.43333333333333,34.0,37.0,43.0,32.0,18.0,26.0,28.0,27.0,34.0,42.0,40.0,32.0,46.0,32.0,44.0,31.0,32.0,38.0,33.0,36.0,35.0,36.0,30.0,32.0,36.0,35.0,38.0,37.0,33.0,36.0
12.030000000000001,34.36666666666667,32.0,40.0,44.0,30.0,16.0,28.0,31.0,26.0,36.0,41.0,40.0,31.0,44.0,34.0,43.0,29.0,31.0,39.0,33.0,36.0,33.0,35.0,33.0,35.0,36.0,33.0,35.0,36.0,34.0,37.0
12.040000000000001,33.833333333333336,32.0,40.0,44.0,29.0,18.0,24.0,29.0,25.0,34.0,40.0,42.0,29.0,47.0,32.0,43.0,28.0,33.0,38.0,34.0,34.0,35.0,36.0,36.0,32.0,36.0,31.0,35.0,33.0,32.0,34.0
12.05,33.8,33.0,41.0,43.0,29.0,19.0,26.0,28.0,25.0,32.0,38.0,44.0,29.0,48.0,33.0,44.0,29.0,33.0,38.0,35.0,32.0,34.0,35.0,36.0,32.0,35.0,33.0,33.0,32.0,30.0,35.0
12.06,33.43333333333333,32.0,37.0,43.0,33.0,19.0,25.0,31.0,25.0,32.0,37.0,44.0,26.0,47.0,32.0,43.0,30.0,31.0,37.0,34.0,30.0,37.0,32.0,36.0,32.0,35.0,32.0,33.0,32.0,30.0,36.0
12.07,33.266666666666666,33.0,36.0,42.0,34.0,18.0,27.0,30.0,25.0,32.0,37.0,42.0,27.0,49.0,31.0,40.0,31.0,33.0,37.0,33.0,30.0,36.0,31.0,37.0,31.0,35.0,32.0,33.0,30.0,29.0,37.0
12.08,33.46666666666667,34.0,37.0,40.0,35.0,19.0,29.0,31.0,24.0,32.0,35.0,42.0,27.0,44.0,33.0,37.0,32.0,38.0,40.0,33.0,30.0,35.0,31.0,38.0,31.0,34.0,32.0,31.0,33.0,30.0,37.0
12.09,33.8,33.0,38.0,39.0,33.0,19.0,31.0,33.0,25.0,33.0,35.0,42.0,28.0,48.0,33.0,37.0,32.0,37.0,40.0,33.0,30.0,37.0,30.0,39.0,33.0,33.0,32.0,31.0,34.0,30.0,36.0
12.1,33.666666666666664,33.0,36.0,39.0,34.0,19.0,30.0,35.0,26.0,31.0,34.0,40.0,27.0,44.0,32.0,39.0,33.0,36.0,43.0,32.0,28.0,38.0,31.0,40.0,34.0,33.0,29.0,31.0,36.0,30.0,37.0
12.11,33.43333333333333,34.0,36.0,38.0,36.0,19.0,29.0,33.0,24.0,30.0,34.0,40.0,28.0,44.0,33.0,38.0,34.0,35.0,42.0,35.0,27.0,40.0,30.0,40.0,37.0,31.0,24.0,32.0,35.0,29.0,36.0
12.120000000000001,33.46666666666667,33.0,34.0,35.0,37.0,19.0,28.0,33.0,24.0,34.0,32.0,42.0,28.0,44.0,34.0,38.0,35.0,35.0,43.0,34.0,26.0,43.0,33.0,38.0,39.0,30.0,21.0,28.0,38.0,29.0,37.0
12.13,33.13333333333333,31.0,34.0,36.0,38.0,19.0,27.0,32.0,26.0,35.0,29.0,43.0,26.0,43.0,33.0,36.0,38.0,35.0,41.0,33.0,26.0,45.0,32.0,38.0,37.0,30.0,20.0,28.0,37.0,30.0,36.0
12.14,32.733333333333334,31.0,34.0,34.0,37.0,20.0,27.0,32.0,29.0,31.0,31.0,43.0,23.0,44.0,32.0,33.0,37.0,32.0,42.0,31.0,24.0,45.0,32.0,36.0,37.0,33.0,21.0,26.0,36.0,34.0,35.0
12.15,33.1,31.0,36.0,34.0,38.0,21.0,25.0,33.0,29.0,30.0,31.0,44.0,26.0,44.0,32.0,34.0,38.0,32.0,41.0,30.0,24.0,45.0,35.0,38.0,38.0,33.0,21.0,26.0,37.0,32.0,35.0
12.16,33.13333333333333,31.0,36.0,35.0,38.0,23.0,27.0,32.0,30.0,31.0,33.0,44.0,24.0,46.0,30.0,33.0,40.0,32.0,40.0,30.0,24.0,44.0,38.0,37.0,36.0,32.0,21.0,24.0,37.0,32.0,34.0
12.17,33.13333333333333,30.0,39.0,33.0,38.0,22.0,28.0,32.0,32.0,30.0,31.0,43.0,25.0,44.0,30.0,32.0,40.0,33.0,41.0,33.0,21.0,44.0,37.0,36.0,37.0,34.0,21.0,27.0,38.0,30.0,33.0
12.18,33.3,32.0,40.0,32.0,37.0,25.0,30.0,32.0,33.0,28.0,30.0,42.0,22.0,45.0,29.0,33.0,40.0,31.0,40.0,37.0,20.0,44.0,38.0,35.0,37.0,38.0,21.0,27.0,38.0,31.0,32.0
12.19,33.46666666666667,31.0,37.0,28.0,36.0,26.0,29.0,34.0,33.0,32.0,30.0,43.0,22.0,48.0,28.0,34.0,39.0,31.0,42.0,37.0,20.0,43.0,39.0,34.0,37.0,37.0,24.0,27.0,37.0,33.0,33.0
12.200000000000001,33.46666666666667,32.0,37.0,29.0,35.0,27.0,31.0,31.0,36.0,32.0,31.0,43.0,22.0,48.0,28.0,37.0,39.0,31.0,40.0,38.0,20.0,42.0,39.0,35.0,35.0,35.0,25.0,25.0,35.0,32.0,34.0
12.21,33.53333333333333,34.0,37.0,29.0,35.0,28.0,31.0,30.0,35.0,35.0,30.0,43.0,24.0,47.0,28.0,37.0,38.0,30.0,39.0,36.0,21.0,44.0,38.0,33.0,32.0,33.0,29.0,27.0,36.0,31.0,36.0
12.22,33.666666666666664,35.0,37.0,31.0,37.0,29.0,32.0,29.0,35.0,37.0,30.0,45.0,24.0,45.0,28.0,36.0,36.0,31.0,37.0,35.0,22.0,45.0,40.0,32.0,33.0,32.0,28.0,26.0,35.0,31.0,37.0
12.23,33.3,35.0,34.0,33.0,38.0,28.0,30.0,28.0,33.0,37.0,29.0,42.0,23.0,44.0,29.0,36.0,33.0,30.0,40.0,36.0,23.0,45.0,41.0,32.0,32.0,32.0,30.0,27.0,33.0,29.0,37.0
12.24,33.0,36.0,32.0,32.0,39.0,30.0,30.0,27.0,31.0,39.0,30.0,43.0,23.0,44.0,26.0,37.0,30.0,29.0,37.0,36.0,22.0,43.0,44.0,33.0,32.0,32.0,30.0,26.0,33.0,29.0,35.0
12.25,32.833333333333336,36.0,32.0,30.0,41.0,28.0,29.0,26.0,31.0,41.0,30.0,43.0,24.0,44.0,26.0,36.0,29.0,29.0,37.0,36.0,23.0,41.0,43.0,33.0,32.0,32.0,28.0,27.0,33.0,30.0,35.0
12.26,33.06666666666667,35.0,31.0,31.0,40.0,28.0,29.0,27.0,27.0,41.0,30.0,43.0,25.0,43.0,27.0,36.0,31.0,28.0,38.0,37.0,24.0,41.0,46.0,33.0,32.0,32.0,31.0,27.0,32.0,32.0,35.0
12.27,32.8,34.0,31.0,30.0,39.0,28.0,29.0,26.0,28.0,41.0,28.0,43.0,25.0,40.0,28.0,35.0,29.0,30.0,40.0,37.0,22.0,39.0,44.0,33.0,34.0,33.0,32.0,29.0,32.0,31.0,34.0
12.280000000000001,32.43333333333333,34.0,29.0,29.0,40.0,29.0,28.0,27.0,28.0,42.0,29.0,42.0,25.0,40.0,29.0,33.0,27.0,29.0,39.0,37.0,20.0,38.0,45.0,31.0,33.0,32.0,31.0,31.0,32.0,30.0,34.0
12.290000000000001,33.03333333333333,33.0,28.0,30.0,42.0,29.0,28.0,28.0,27.0,43.0,27.0,43.0,29.0,40.0,31.0,35.0,25.0,33.0,40.0,38.0,22.0,37.0,45.0,30.0,33.0,33.0,31.0,32.0,31.0,33.0,35.0
12.3,32.833333333333336,34.0,30.0,32.0,41.0,29.0,28.0,28.0,28.0,45.0,27.0,41.0,28.0,38.0,32.0,33.0,25.0,30.0,39.0,37.0,22.0,38.0,43.0,27.0,35.0,33.0,30.0,33.0,31.0,31.0,37.0
12.31,32.666666666666664,36.0,30.0,33.0,40.0,32.0,28.0,27.0,28.0,43.0,28.0,39.0,30.0,40.0,31.0,32.0,24.0,29.0,40.0,37.0,22.0,35.0,42.0,25.0,32.0,33.0,30.0,33.0,32.0,33.0,36.0
12.32,32.2,36.0,27.0,34.0,39.0,31.0,28.0,27.0,29.0,41.0,26.0,42.0,30.0,38.0,26.0,32.0,25.0,27.0,40.0,39.0,19.0,35.0,42.0,25.0,33.0,32.0,29.0,32.0,33.0,34.0,35.0
12.33,32.43333333333333,37.0,28.0,34.0,36.0,33.0,29.0,24.0,27.0,41.0,25.0,41.0,30.0,39.0,26.0,32.0,25.0,27.0,39.0,41.0,21.0,37.0,43.0,26.0,33.0,32.0,29.0,32.0,34.0,35.0,37.0
12.34,32.1,35.0,30.0,31.0,37.0,31.0,29.0,24.0,29.0,41.0,23.0,41.0,29.0,36.0,27.0,30.0,25.0,27.0,38.0,45.0,21.0,36.0,43.0,27.0,35.0,32.0,28.0,31.0,33.0,33.0,36.0
12.35,32.03333333333333,34.0,30.0,30.0,35.0,30.0,31.0,23.0,31.0,41.0,21.0,42.0,30.0,35.0,26.0,31.0,27.0,28.0,38.0,44.0,22.0,36.0,43.0,28.0,37.0,30.0,27.0,31.0,32.0,33.0,35.0
12.36,32.13333333333333,34.0,27.0,29.0,36.0,30.0,32.0,25.0,37.0,40.0,18.0,40.0,32.0,35.0,25.0,31.0,29.0,26.0,37.0,45.0,23.0,36.0,42.0,30.0,36.0,28.0,28.0,33.0,33.0,30.0,37.0
12.370000000000001,32.3,33.0,27.0,29.0,36.0,32.0,31.0,27.0,38.0,39.0,18.0,40.0,32.0,35.0,25.0,30.0,30.0,27.0,36.0,44.0,24.0,36.0,41.0,29.0,37.0,29.0,28.0,34.0,36.0,29.0,37.0
12.38,32.4,31.0,30.0,28.0,35.0,35.0,29.0,31.0,39.0,39.0,19.0,38.0,32.0,37.0,27.0,31.0,31.0,26.0,36.0,44.0,21.0,35.0,40.0,29.0,36.0,28.0,28.0,35.0,35.0,30.0,37.0
12.39,31.9,32.0,28.0,27.0,37.0,34.0,29.0,30.0,40.0,35.0,19.0,36.0,33.0,36.0,27.0,31.0,31.0,28.0,34.0,43.0,21.0,33.0,43.0,28.0,34.0,28.0,29.0,35.0,33.0,29.0,34.0
12.4,31.933333333333334,32.0,28.0,28.0,37.0,36.0,31.0,31.0,39.0,33.0,19.0,34.0,33.0,35.0,27.0,31.0,30.0,28.0,32.0,44.0,21.0,32.0,42.0,30.0,34.0,28.0,31.0,36.0,34.0,29.0,33.0
12.41,31.833333333333332,31.0,27.0,29.0,38.0,34.0,31.0,32.0,40.0,33.0,19.0,34.0,32.0,36.0,27.0,30.0,30.0,25.0,30.0,44.0,22.0,33.0,39.0,32.0,37.0,27.0,30.0,36.0,34.0,29.0,34.0
12.42,31.966666666666665,31.0,28.0,27.0,39.0,34.0,33.0,31.0,43.0,33.0,20.0,33.0,31.0,36.0,29.0,31.0,31.0,25.0,28.0,42.0,23.0,35.0,38.0,32.0,38.0,26.0,29.0,34.0,34.0,31.0,34.0
12.43,31.866666666666667,33.0,29.0,29.0,38.0,36.0,33.0,29.0,42.0,33.0,20.0,30.0,30.0,36.0,31.0,30.0,30.0,24.0,27.0,42.0,24.0,35.0,38.0,32.0,39.0,23.0,29.0,34.0,35.0,31.0,34.0
12.44,31.533333333333335,33.0,31.0,29.0,38.0,36.0,33.0,29.0,41.0,34.0,21.0,31.0,30.0,34.0,32.0,29.0,29.0,24.0,27.0,40.0,24.0,35.0,35.0,32.0,41.0,23.0,27.0,32.0,32.0,30.0,34.0
12.450000000000001,31.2,33.0,30.0,27.0,38.0,34.0,35.0,29.0,39.0,33.0,22.0,31.0,31.0,33.0,31.0,30.0,27.0,24.0,27.0,40.0,23.0,32.0,34.0,32.0,42.0,22.0,29.0,32.0,32.0,31.0,33.0
12.46,31.233333333333334,34.0,32.0,25.0,36.0,35.0,35.0,29.0,38.0,32.0,22.0,31.0,30.0,32.0,31.0,30.0,26.0,24.0,27.0,40.0,24.0,31.0,36.0,33.0,43.0,25.0,29.0,32.0,32.0,31.0,32.0
12.47,31.1,34.0,33.0,26.0,37.0,36.0,34.0,29.0,37.0,33.0,21.0,30.0,28.0,33.0,31.0,28.0,27.0,22.0,25.0,40.0,23.0,31.0,35.0,35.0,43.0,26.0,30.0,31.0,32.0,32.0,31.0
12.48,31.0,36.0,33.0,26.0,38.0,36.0,35.0,28.0,37.0,33.0,22.0,30.0,25.0,32.0,31.0,28.0,27.0,22.0,24.0,42.0,23.0,31.0,34.0,33.0,41.0,28.0,32.0,32.0,31.0,30.0,30.0
12.49,30.7,37.0,32.0,24.0,37.0,37.0,34.0,29.0,34.0,33.0,24.0,29.0,25.0,33.0,32.0,28.0,26.0,22.0,23.0,41.0,23.0,30.0,33.0,32.0,41.0,29.0,32.0,32.0,30.0,33.0,26.0
12.5,30.766666666666666,38.0,32.0,23.0,36.0,37.0,33.0,29.0,32.0,32.0,25.0,28.0,25.0,32.0,33.0,29.0,26.0,21.0,21.0,40.0,23.0,35.0,33.0,31.0,45.0,27.0,32.0,34.0,32.0,33.0,26.0
12.51,30.566666666666666,35.0,31.0,21.0,38.0,38.0,33.0,30.0,32.0,32.0,26.0,27.0,25.0,31.0,34.0,27.0,27.0,21.0,20.0,41.0,24.0,34.0,33.0,32.0,44.0,26.0,32.0,34.0,33.0,31.0,25.0
12.52,30.4,33.0,29.0,21.0,41.0,36.0,31.0,31.0,30.0,30.0,27.0,28.0,25.0,32.0,32.0,27.0,28.0,21.0,20.0,41.0,27.0,35.0,32.0,32.0,45.0,27.0,32.0,31.0,35.0,30.0,23.0
12.530000000000001,30.566666666666666,35.0,29.0,22.0,41.0,35.0,31.0,32.0,33.0,31.0,28.0,28.0,25.0,34.0,32.0,26.0,27.0,21.0,20.0,39.0,28.0,33.0,33.0,31.0,44.0,28.0,30.0,31.0,35.0,32.0,23.0
12.540000000000001,30.233333333333334,35.0,29.0,22.0,38.0,33.0,29.0,30.0,33.0,33.0,29.0,29.0,23.0,32.0,32.0,27.0,25.0,20.0,22.0,39.0,28.0,30.0,33.0,30.0,41.0,28.0,31.0,33.0,34.0,32.0,27.0
12.55,30.066666666666666,34.0,28.0,23.0,38.0,35.0,30.0,31.0,34.0,31.0,28.0,27.0,22.0,32.0,32.0,26.0,26.0,20.0,24.0,39.0,29.0,29.0,34.0,29.0,38.0,28.0,32.0,32.0,34.0,31.0,26.0
12.56,30.0,32.0,28.0,25.0,36.0,35.0,30.0,31.0,35.0,27.0,31.0,26.0,22.0,33.0,31.0,25.0,26.0,18.0,25.0,39.0,29.0,31.0,36.0,29.0,38.0,27.0,32.0,31.0,35.0,30.0,27.0
12.57,29.766666666666666,30.0,27.0,25.0,34.0,38.0,31.0,31.0,36.0,25.0,30.0,24.0,22.0,32.0,31.0,26.0,26.0,21.0,23.0,34.0,28.0,33.0,34.0,29.0,37.0,27.0,33.0,32.0,36.0,33.0,25.0
12.58,29.7,32.0,29.0,24.0,34.0,35.0,31.0,30.0,36.0,26.0,29.0,21.0,24.0,31.0,31.0,26.0,27.0,22.0,21.0,35.0,27.0,32.0,33.0,29.0,38.0,29.0,32.0,33.0,35.0,33.0,26.0
12.59,29.933333333333334,33.0,28.0,23.0,35.0,33.0,31.0,28.0,34.0,26.0,30.0,21.0,26.0,30.0,29.0,26.0,28.0,24.0,21.0,36.0,28.0,34.0,34.0,29.0,38.0,32.0,33.0,35.0,36.0,31.0,26.0
12.6,30.166666666666668,31.0,29.0,25.0,35.0,32.0,31.0,28.0,35.0,25.0,31.0,21.0,26.0,32.0,29.0,29.0,27.0,23.0,22.0,35.0,28.0,34.0,36.0,29.0,36.0,33.0,32.0,36.0,37.0,33.0,25.0
12.61,30.0,31.0,30.0,26.0,33.0,32.0,33.0,30.0,35.0,24.0,31.0,18.0,25.0,30.0,29.0,31.0,25.0,25.0,22.0,34.0,29.0,35.0,36.0,30.0,35.0,35.0,31.0,35.0,38.0,29.0,23.0
12.620000000000001,30.366666666666667,31.0,31.0,26.0,33.0,35.0,33.0,33.0,35.0,25.0,31.0,19.0,27.0,30.0,27.0,31.0,28.0,25.0,24.0,35.0,27.0,35.0,34.0,30.0,36.0,34.0,31.0,34.0,37.0,30.0,24.0
12.63,30.066666666666666,31.0,31.0,25.0,32.0,34.0,32.0,34.0,34.0,25.0,31.0,19.0,26.0,31.0,26.0,30.0,30.0,26.0,28.0,31.0,26.0,35.0,33.0,27.0,35.0,34.0,32.0,35.0,34.0,32.0,23.0
12.64,29.433333333333334,33.0,31.0,24.0,31.0,33.0,29.0,33.0,32.0,23.0,32.0,19.0,26.0,31.0,25.0,32.0,30.0,26.0,28.0,31.0,25.0,35.0,28.0,28.0,35.0,33.0,30.0,35.0,33.0,30.0,22.0
12.65,29.033333333333335,34.0,29.0,22.0,30.0,35.0,29.0,32.0,30.0,22.0,31.0,20.0,26.0,31.0,24.0,29.0,27.0,27.0,29.0,30.0,25.0,35.0,28.0,27.0,33.0,31.0,30.0,36.0,35.0,31.0,23.0
12.66,28.933333333333334,32.0,29.0,23.0,28.0,35.0,31.0,32.0,31.0,22.0,31.0,20.0,27.0,31.0,24.0,30.0,25.0,28.0,31.0,29.0,25.0,34.0,28.0,26.0,32.0,31.0,29.0,36.0,34.0,30.0,24.0
12.67,29.0,32.0,29.0,20.0,28.0,34.0,29.0,32.0,28.0,23.0,33.0,23.0,27.0,32.0,23.0,31.0,25.0,30.0,32.0,30.0,25.0,32.0,30.0,25.0,31.0,32.0,29.0,35.0,35.0,29.0,26.0
12.68,29.133333333333333,32.0,27.0,24.0,26.0,35.0,29.0,33.0,26.0,23.0,35.0,23.0,28.0,32.0,27.0,30.0,24.0,32.0,31.0,30.0,23.0,32.0,30.0,28.0,30.0,33.0,30.0,34.0,33.0,27.0,27.0
12.69,29.133333333333333,33.0,27.0,25.0,24.0,33.0,29.0,32.0,25.0,22.0,32.0,24.0,29.0,30.0,28.0,34.0,25.0,34.0,31.0,29.0,24.0,33.0,25.0,29.0,30.0,33.0,31.0,37.0,31.0,28.0,27.0
12.700000000000001,29.4,32.0,28.0,27.0,25.0,31.0,29.0,32.0,25.0,24.0,32.0,25.0,29.0,29.0,29.0,35.0,26.0,34.0,32.0,29.0,25.0,33.0,25.0,28.0,30.0,33.0,32.0,38.0,30.0,28.0,27.0
12.71,28.766666666666666,32.0,27.0,26.0,25.0,28.0,27.0,32.0,24.0,22.0,31.0,24.0,29.0,29.0,29.0,37.0,26.0,33.0,32.0,29.0,25.0,30.0,24.0,28.0,30.0,30.0,31.0,38.0,29.0,28.0,28.0
12.72,28.5,29.0,25.0,25.0,27.0,28.0,30.0,32.0,23.0,22.0,31.0,23.0,28.0,28.0,28.0,35.0,26.0,34.0,31.0,30.0,27.0,30.0,26.0,29.0,30.0,28.0,28.0,38.0,29.0,26.0,29.0
12.73,28.466666666666665,30.0,26.0,26.0,26.0,28.0,29.0,33.0,23.0,23.0,32.0,24.0,28.0,30.0,29.0,35.0,24.0,33.0,29.0,28.0,28.0,30.0,25.0,29.0,29.0,29.0,28.0,39.0,28.0,26.0,27.0
12.74,28.166666666666668,30.0,27.0,27.0,25.0,28.0,27.0,31.0,20.0,23.0,31.0,25.0,27.0,31.0,28.0,34.0,25.0,30.0,30.0,29.0,28.0,30.0,21.0,28.0,30.0,32.0,25.0,39.0,28.0,27.0,29.0
12.75,27.933333333333334,32.0,27.0,28.0,25.0,27.0,27.0,30.0,19.0,24.0,32.0,26.0,27.0,31.0,27.0,34.0,26.0,30.0,29.0,26.0,31.0,30.0,21.0,26.0,29.0,31.0,25.0,37.0,26.0,27.0,28.0
12.76,27.7,32.0,27.0,28.0,24.0,26.0,24.0,29.0,20.0,23.0,32.0,25.0,28.0,30.0,28.0,35.0,26.0,30.0,29.0,24.0,33.0,28.0,21.0,24.0,29.0,31.0,26.0,35.0,27.0,29.0,28.0
12.77,27.533333333333335,30.0,26.0,28.0,27.0,26.0,24.0,28.0,21.0,23.0,32.0,25.0,28.0,32.0,27.0,37.0,25.0,30.0,30.0,22.0,32.0,29.0,18.0,24.0,28.0,31.0,26.0,38.0,25.0,27.0,27.0
12.780000000000001,27.8,30.0,24.0,32.0,28.0,26.0,26.0,28.0,20.0,24.0,31.0,27.0,30.0,32.0,26.0,39.0,25.0,30.0,30.0,24.0,30.0,31.0,17.0,23.0,27.0,32.0,25.0,34.0,25.0,28.0,30.0
12.790000000000001,27.133333333333333,30.0,24.0,33.0,27.0,26.0,25.0,27.0,21.0,22.0,31.0,27.0,28.0,34.0,24.0,38.0,25.0,30.0,29.0,24.0,26.0,30.0,15.0,22.0,29.0,28.0,23.0,33.0,26.0,27.0,30.0
12.8,26.8,30.0,24.0,33.0,26.0,25.0,24.0,26.0,20.0,21.0,30.0,26.0,27.0,33.0,24.0,39.0,25.0,30.0,29.0,26.0,25.0,31.0,15.0,24.0,26.0,29.0,22.0,31.0,27.0,25.0,31.0
12.81,26.333333333333332,30.0,22.0,32.0,28.0,22.0,24.0,24.0,22.0,20.0,30.0,26.0,26.0,32.0,23.0,38.0,24.0,29.0,30.0,26.0,25.0,30.0,13.0,26.0,23.0,31.0,22.0,31.0,27.0,23.0,31.0
12.82,26.466666666666665,32.0,22.0,29.0,29.0,22.0,25.0,26.0,21.0,19.0,30.0,26.0,24.0,32.0,21.0,40.0,25.0,32.0,30.0,24.0,25.0,26.0,14.0,27.0,25.0,31.0,21.0,30.0,27.0,26.0,33.0
12.83,26.633333333333333,32.0,22.0,31.0,29.0,20.0,27.0,25.0,22.0,20.0,31.0,28.0,26.0,32.0,20.0,40.0,27.0,33.0,29.0,24.0,25.0,23.0,15.0,26.0,25.0,31.0,20.0,31.0,26.0,26.0,33.0
12.84,26.266666666666666,32.0,22.0,33.0,27.0,21.0,30.0,25.0,23.0,20.0,29.0,28.0,25.0,29.0,18.0,36.0,25.0,31.0,29.0,26.0,26.0,23.0,17.0,26.0,25.0,31.0,20.0,28.0,25.0,27.0,31.0
12.85,26.366666666666667,32.0,22.0,33.0,26.0,21.0,30.0,24.0,22.0,20.0,27.0,29.0,25.0,29.0,18.0,37.0,24.0,32.0,29.0,25.0,28.0,23.0,18.0,27.0,25.0,33.0,20.0,28.0,26.0,27.0,31.0
12.86,26.166666666666668,33.0,22.0,33.0,24.0,20.0,31.0,24.0,22.0,21.0,26.0,29.0,24.0,27.0,18.0,35.0,25.0,33.0,30.0,24.0,26.0,21.0,18.0,27.0,24.0,33.0,23.0,29.0,26.0,27.0,30.0
12.870000000000001,26.066666666666666,32.0,22.0,32.0,21.0,20.0,31.0,23.0,21.0,19.0,27.0,28.0,23.0,28.0,20.0,33.0,27.0,33.0,30.0,25.0,27.0,20.0,19.0,27.0,23.0,35.0,23.0,30.0,27.0,26.0,30.0
12.88,26.166666666666668,32.0,23.0,34.0,22.0,19.0,30.0,22.0,20.0,17.0,28.0,28.0,23.0,29.0,19.0,34.0,25.0,31.0,32.0,25.0,28.0,20.0,19.0,28.0,24.0,37.0,23.0,29.0,28.0,27.0,29.0
12.89,26.0,30.0,20.0,34.0,22.0,19.0,32.0,21.0,19.0,19.0,28.0,29.0,22.0,28.0,19.0,34.0,24.0,33.0,29.0,25.0,28.0,20.0,18.0,32.0,22.0,36.0,22.0,32.0,27.0,27.0,29.0
12.9,26.233333333333334,29.0,22.0,33.0,22.0,20.0,32.0,21.0,18.0,18.0,27.0,33.0,22.0,28.0,18.0,34.0,26.0,33.0,30.0,24.0,30.0,20.0,19.0,31.0,22.0,37.0,23.0,34.0,25.0,28.0,28.0
12.91,25.966666666666665,28.0,20.0,33.0,21.0,20.0,31.0,21.0,18.0,17.0,26.0,35.0,22.0,28.0,17.0,33.0,26.0,34.0,30.0,23.0,31.0,19.0,19.0,29.0,22.0,38.0,23.0,35.0,25.0,28.0,27.0
12.92,25.833333333333332,29.0,20.0,33.0,21.0,19.0,29.0,19.0,18.0,17.0,28.0,34.0,23.0,27.0,18.0,33.0,25.0,36.0,29.0,22.0,32.0,19.0,17.0,31.0,23.0,38.0,21.0,34.0,25.0,27.0,28.0
12.93,25.566666666666666,29.0,19.0,32.0,20.0,18.0,28.0,19.0,19.0,16.0,27.0,35.0,23.0,27.0,18.0,33.0,25.0,35.0,28.0,22.0,29.0,18.0,16.0,31.0,22.0,38.0,22.0,33.0,28.0,25.0,32.0
12.94,25.666666666666668,30.0,19.0,34.0,21.0,18.0,27.0,21.0,19.0,16.0,28.0,34.0,22.0,28.0,19.0,33.0,25.0,32.0,31.0,22.0,31.0,17.0,16.0,30.0,23.0,34.0,24.0,33.0,27.0,25.0,31.0
12.950000000000001,25.833333333333332,34.0,19.0,34.0,21.0,17.0,27.0,22.0,19.0,14.0,28.0,35.0,22.0,28.0,20.0,30.0,24.0,32.0,30.0,25.0,32.0,16.0,18.0,32.0,23.0,34.0,24.0,32.0,28.0,24.0,31.0
12.96,25.733333333333334,33.0,20.0,34.0,22.0,16.0,27.0,26.0,18.0,14.0,28.0,36.0,23.0,29.0,20.0,27.0,22.0,33.0,32.0,23.0,31.0,18.0,18.0,34.0,23.0,33.0,23.0,29.0,28.0,22.0,30.0
12.97,25.966666666666665,36.0,22.0,33.0,22.0,17.0,28.0,27.0,17.0,14.0,26.0,35.0,24.0,28.0,21.0,28.0,23.0,34.0,32.0,24.0,32.0,19.0,18.0,34.0,23.0,32.0,24.0,29.0,27.0,23.0,27.0
12.98,25.733333333333334,36.0,23.0,33.0,21.0,17.0,29.0,28.0,17.0,16.0,27.0,34.0,26.0,27.0,20.0,28.0,24.0,34.0,31.0,25.0,32.0,18.0,19.0,33.0,19.0,28.0,23.0,29.0,26.0,22.0,27.0
12.99,25.733333333333334,32.0,22.0,30.0,23.0,18.0,30.0,29.0,16.0,21.0,27.0,34.0,28.0,26.0,20.0,27.0,24.0,32.0,30.0,26.0,33.0,18.0,19.0,33.0,20.0,26.0,24.0,29.0,27.0,21.0,27.0
13.0,25.333333333333332,33.0,20.0,29.0,23.0,17.0,29.0,27.0,16.0,21.0,26.0,34.0,28.0,26.0,21.0,26.0,22.0,32.0,28.0,26.0,34.0,20.0,19.0,34.0,20.0,27.0,24.0,26.0,24.0,21.0,27.0
13.01,25.433333333333334,33.0,20.0,28.0,23.0,18.0,29.0,29.0,17.0,23.0,25.0,34.0,28.0,25.0,20.0,27.0,23.0,33.0,28.0,27.0,33.0,20.0,21.0,33.0,20.0,25.0,25.0,25.0,24.0,20.0,27.0
13.02,25.4,34.0,21.0,28.0,23.0,18.0,29.0,31.0,17.0,23.0,25.0,32.0,28.0,26.0,19.0,28.0,23.0,33.0,28.0,28.0,32.0,21.0,21.0,33.0,20.0,23.0,25.0,24.0,22.0,17.0,30.0
13.030000000000001,25.133333333333333,34.0,21.0,27.0,21.0,16.0,27.0,30.0,16.0,23.0,24.0,35.0,27.0,24.0,19.0,29.0,23.0,33.0,28.0,26.0,34.0,21.0,21.0,32.0,21.0,25.0,25.0,24.0,23.0,15.0,30.0
13.040000000000001,25.533333333333335,32.0,24.0,28.0,22.0,17.0,28.0,29.0,15.0,22.0,24.0,35.0,27.0,26.0,21.0,26.0,23.0,35.0,30.0,27.0,35.0,23.0,21.0,31.0,21.0,24.0,23.0,24.0,23.0,18.0,32.0
13.05,25.666666666666668,34.0,27.0,28.0,21.0,18.0,28.0,28.0,15.0,22.0,24.0,33.0,28.0,24.0,20.0,26.0,25.0,35.0,32.0,28.0,31.0,23.0,22.0,31.0,21.0,24.0,23.0,25.0,25.0,18.0,31.0
13.06,25.9,32.0,25.0,29.0,21.0,20.0,29.0,28.0,17.0,22.0,25.0,29.0,29.0,25.0,22.0,26.0,26.0,36.0,33.0,28.0,30.0,22.0,23.0,30.0,21.0,26.0,23.0,27.0,23.0,18.0,32.0
13.07,25.966666666666665,34.0,26.0,29.0,21.0,19.0,29.0,27.0,17.0,24.0,24.0,29.0,28.0,24.0,22.0,25.0,26.0,39.0,33.0,26.0,29.0,25.0,25.0,29.0,23.0,25.0,21.0,29.0,22.0,17.0,32.0
13.08,26.033333333333335,34.0,24.0,29.0,22.0,18.0,29.0,27.0,19.0,25.0,22.0,30.0,29.0,24.0,21.0,25.0,26.0,40.0,34.0,25.0,28.0,24.0,25.0,29.0,24.0,26.0,22.0,28.0,23.0,18.0,31.0
13.09,25.833333333333332,35.0,19.0,30.0,24.0,18.0,26.0,27.0,21.0,25.0,20.0,30.0,28.0,22.0,23.0,25.0,27.0,40.0,34.0,24.0,28.0,24.0,25.0,29.0,22.0,27.0,22.0,26.0,23.0,19.0,32.0
13.1,25.933333333333334,37.0,20.0,29.0,26.0,19.0,24.0,27.0,21.0,24.0,20.0,29.0,27.0,23.0,23.0,25.0,28.0,41.0,35.0,25.0,28.0,23.0,25.0,28.0,21.0,25.0,22.0,28.0,24.0,19.0,32.0
13.11,25.833333333333332,38.0,20.0,32.0,25.0,20.0,25.0,27.0,21.0,23.0,21.0,27.0,27.0,24.0,23.0,25.0,27.0,36.0,36.0,25.0,28.0,21.0,25.0,27.0,19.0,26.0,23.0,28.0,25.0,19.0,32.0
13.120000000000001,25.8,36.0,19.0,30.0,23.0,20.0,28.0,29.0,21.0,23.0,21.0,28.0,26.0,24.0,22.0,27.0,25.0,38.0,37.0,25.0,30.0,22.0,25.0,27.0,19.0,23.0,24.0,27.0,27.0,18.0,30.0
13.13,26.266666666666666,36.0,21.0,31.0,24.0,21.0,28.0,28.0,21.0,24.0,22.0,28.0,27.0,24.0,23.0,26.0,25.0,36.0,35.0,26.0,34.0,23.0,27.0,28.0,19.0,24.0,24.0,27.0,27.0,18.0,31.0
13.14,25.866666666666667,34.0,20.0,32.0,24.0,21.0,26.0,27.0,22.0,22.0,22.0,30.0,25.0,28.0,22.0,26.0,24.0,34.0,33.0,26.0,32.0,24.0,27.0,25.0,18.0,24.0,23.0,27.0,26.0,18.0,34.0
13.15,25.6,32.0,20.0,31.0,23.0,21.0,24.0,26.0,23.0,24.0,21.0,30.0,25.0,28.0,23.0,26.0,22.0,33.0,34.0,27.0,33.0,24.0,28.0,23.0,16.0,25.0,23.0,26.0,27.0,17.0,33.0
13.16,25.433333333333334,26.0,21.0,32.0,22.0,22.0,22.0,27.0,22.0,26.0,22.0,28.0,25.0,30.0,21.0,27.0,24.0,33.0,34.0,27.0,32.0,24.0,28.0,23.0,15.0,22.0,23.0,25.0,28.0,17.0,35.0
13.17,25.2,25.0,21.0,32.0,23.0,22.0,20.0,26.0,21.0,28.0,23.0,28.0,26.0,29.0,20.0,28.0,24.0,30.0,34.0,25.0,33.0,24.0,28.0,23.0,16.0,20.0,23.0,25.0,28.0,17.0,34.0
13.18,25.0,24.0,20.0,29.0,23.0,25.0,19.0,27.0,23.0,28.0,23.0,28.0,24.0,29.0,20.0,26.0,24.0,28.0,33.0,24.0,31.0,23.0,29.0,22.0,18.0,22.0,23.0,27.0,27.0,16.0,35.0
13.19,24.8,24.0,20.0,28.0,23.0,25.0,20.0,26.0,24.0,31.0,22.0,26.0,25.0,28.0,20.0,25.0,23.0,28.0,32.0,26.0,30.0,24.0,29.0,22.0,16.0,23.0,23.0,27.0,27.0,16.0,31.0
13.200000000000001,24.566666666666666,22.0,21.0,25.0,23.0,25.0,20.0,27.0,23.0,30.0,23.0,27.0,26.0,29.0,20.0,24.0,21.0,27.0,31.0,25.0,29.0,23.0,28.0,22.0,16.0,22.0,23.0,28.0,29.0,16.0,32.0
13.21,24.333333333333332,23.0,18.0,26.0,22.0,26.0,19.0,28.0,23.0,30.0,21.0,28.0,25.0,29.0,20.0,25.0,20.0,26.0,32.0,25.0,29.0,25.0,24.0,20.0,17.0,21.0,23.0,30.0,28.0,16.0,31.0
13.22,24.166666666666668,24.0,18.0,25.0,22.0,25.0,18.0,28.0,24.0,28.0,20.0,28.0,25.0,27.0,21.0,25.0,22.0,25.0,31.0,26.0,29.0,26.0,23.0,21.0,15.0,22.0,22.0,30.0,30.0,16.0,29.0
13.23,24.166666666666668,23.0,17.0,26.0,23.0,24.0,19.0,27.0,27.0,28.0,21.0,30.0,25.0,26.0,22.0,25.0,22.0,24.0,31.0,28.0,30.0,24.0,23.0,21.0,15.0,21.0,20.0,30.0,28.0,16.0,29.0
13.24,24.366666666666667,24.0,21.0,26.0,25.0,24.0,18.0,25.0,30.0,27.0,19.0,30.0,26.0,25.0,22.0,27.0,24.0,23.0,30.0,23.0,30.0,22.0,23.0,22.0,17.0,21.0,22.0,29.0,30.0,18.0,28.0
13.25,23.833333333333332,24.0,21.0,24.0,22.0,25.0,19.0,24.0,30.0,27.0,18.0,29.0,25.0,25.0,21.0,24.0,22.0,24.0,27.0,22.0,29.0,23.0,23.0,22.0,18.0,22.0,21.0,28.0,30.0,17.0,29.0
13.26,23.533333333333335,21.0,23.0,24.0,22.0,24.0,19.0,22.0,31.0,27.0,18.0,27.0,25.0,25.0,20.0,24.0,22.0,25.0,26.0,21.0,30.0,23.0,23.0,22.0,18.0,22.0,19.0,26.0,31.0,17.0,29.0
13.27,23.533333333333335,21.0,24.0,23.0,21.0,23.0,19.0,22.0,32.0,27.0,19.0,29.0,24.0,23.0,20.0,24.0,22.0,24.0,29.0,20.0,30.0,24.0,24.0,21.0,18.0,22.0,19.0,26.0,31.0,16.0,29.0
13.280000000000001,23.733333333333334,21.0,23.0,22.0,22.0,21.0,21.0,23.0,31.0,28.0,20.0,29.0,24.0,25.0,19.0,24.0,22.0,21.0,29.0,22.0,33.0,26.0,25.0,21.0,19.0,21.0,20.0,24.0,30.0,17.0,29.0
13.290000000000001,23.766666666666666,18.0,25.0,21.0,25.0,19.0,22.0,23.0,31.0,27.0,19.0,28.0,25.0,24.0,20.0,23.0,21.0,19.0,28.0,23.0,32.0,25.0,26.0,22.0,20.0,23.0,21.0,25.0,30.0,17.0,31.0
13.3,23.466666666666665,17.0,25.0,21.0,24.0,20.0,23.0,23.0,31.0,26.0,20.0,27.0,25.0,24.0,20.0,21.0,20.0,17.0,29.0,22.0,33.0,27.0,26.0,20.0,20.0,23.0,19.0,24.0,31.0,17.0,29.0
13.31,23.2,15.0,26.0,21.0,23.0,17.0,21.0,22.0,32.0,26.0,22.0,27.0,24.0,24.0,21.0,22.0,20.0,17.0,28.0,23.0,33.0,27.0,28.0,19.0,19.0,22.0,19.0,22.0,30.0,19.0,27.0
13.32,23.233333333333334,16.0,28.0,21.0,23.0,18.0,20.0,22.0,31.0,24.0,24.0,27.0,22.0,25.0,21.0,22.0,20.0,15.0,28.0,24.0,30.0,27.0,28.0,19.0,21.0,20.0,20.0,23.0,29.0,19.0,30.0
13.33,22.933333333333334,15.0,27.0,21.0,24.0,18.0,19.0,19.0,30.0,24.0,25.0,27.0,22.0,26.0,22.0,22.0,18.0,14.0,25.0,26.0,28.0,26.0,27.0,18.0,20.0,20.0,21.0,26.0,27.0,19.0,32.0
13.34,22.6,15.0,26.0,19.0,23.0,17.0,19.0,18.0,30.0,24.0,26.0,27.0,22.0,27.0,21.0,21.0,19.0,15.0,22.0,26.0,28.0,26.0,26.0,18.0,20.0,20.0,22.0,24.0,27.0,18.0,32.0
13.35,22.8,13.0,24.0,19.0,22.0,18.0,19.0,18.0,32.0,23.0,27.0,31.0,22.0,26.0,21.0,20.0,21.0,16.0,23.0,26.0,27.0,25.0,27.0,18.0,21.0,20.0,22.0,25.0,29.0,16.0,33.0
13.36,22.6,13.0,24.0,18.0,23.0,18.0,18.0,19.0,31.0,20.0,27.0,32.0,22.0,25.0,19.0,20.0,21.0,16.0,23.0,27.0,27.0,25.0,28.0,17.0,21.0,21.0,22.0,23.0,28.0,17.0,33.0
13.370000000000001,22.466666666666665,14.0,23.0,17.0,23.0,20.0,21.0,20.0,30.0,20.0,27.0,30.0,22.0,24.0,18.0,21.0,24.0,16.0,23.0,26.0,26.0,25.0,26.0,16.0,21.0,20.0,21.0,23.0,28.0,17.0,32.0
13.38,22.2,13.0,23.0,16.0,23.0,20.0,22.0,20.0,29.0,20.0,27.0,30.0,22.0,23.0,18.0,19.0,25.0,16.0,23.0,26.0,26.0,24.0,26.0,14.0,20.0,20.0,20.0,23.0,28.0,16.0,34.0
13.39,21.7,14.0,21.0,15.0,23.0,20.0,24.0,17.0,28.0,20.0,27.0,29.0,22.0,20.0,19.0,20.0,25.0,16.0,25.0,26.0,25.0,22.0,26.0,12.0,16.0,17.0,19.0,23.0,31.0,15.0,34.0
13.4,21.6,16.0,21.0,14.0,25.0,21.0,23.0,18.0,27.0,20.0,28.0,26.0,19.0,21.0,19.0,20.0,26.0,17.0,24.0,24.0,22.0,23.0,25.0,11.0,16.0,18.0,18.0,26.0,31.0,15.0,34.0
13.41,21.566666666666666,18.0,22.0,13.0,27.0,21.0,24.0,18.0,26.0,22.0,29.0,25.0,18.0,20.0,17.0,21.0,25.0,17.0,24.0,26.0,20.0,21.0,26.0,11.0,16.0,16.0,18.0,26.0,31.0,17.0,32.0
13.42,21.533333333333335,18.0,20.0,15.0,31.0,22.0,25.0,17.0,23.0,22.0,29.0,25.0,18.0,21.0,17.0,21.0,26.0,18.0,24.0,25.0,20.0,19.0,25.0,12.0,16.0,17.0,17.0,25.0,29.0,18.0,31.0
13.43,21.266666666666666,19.0,19.0,14.0,31.0,20.0,25.0,19.0,25.0,22.0,28.0,27.0,17.0,22.0,16.0,19.0,26.0,17.0,24.0,24.0,19.0,19.0,22.0,13.0,16.0,17.0,17.0,24.0,28.0,18.0,31.0
13.44,21.266666666666666,19.0,19.0,14.0,33.0,20.0,27.0,21.0,26.0,21.0,28.0,25.0,17.0,19.0,17.0,17.0,24.0,18.0,25.0,24.0,20.0,19.0,23.0,12.0,14.0,19.0,20.0,24.0,27.0,18.0,28.0
13.450000000000001,21.666666666666668,19.0,18.0,14.0,35.0,22.0,28.0,22.0,25.0,24.0,28.0,23.0,19.0,20.0,19.0,16.0,24.0,18.0,27.0,21.0,20.0,19.0,24.0,13.0,15.0,18.0,20.0,24.0,27.0,20.0,28.0
13.46,21.6,19.0,20.0,13.0,34.0,23.0,26.0,24.0,25.0,22.0,28.0,22.0,19.0,21.0,19.0,16.0,24.0,20.0,25.0,22.0,17.0,19.0,25.0,12.0,18.0,16.0,21.0,22.0,28.0,20.0,28.0
13.47,21.166666666666668,17.0,18.0,11.0,33.0,23.0,25.0,24.0,23.0,20.0,28.0,21.0,20.0,22.0,19.0,16.0,24.0,18.0,26.0,21.0,17.0,19.0,26.0,12.0,17.0,16.0,22.0,20.0,29.0,20.0,28.0
13.48,21.666666666666668,18.0,18.0,11.0,31.0,24.0,27.0,26.0,25.0,19.0,28.0,21.0,20.0,21.0,19.0,16.0,25.0,19.0,26.0,24.0,18.0,20.0,26.0,12.0,18.0,16.0,21.0,21.0,28.0,23.0,29.0
13.49,21.866666666666667,17.0,17.0,14.0,31.0,22.0,27.0,23.0,25.0,19.0,29.0,21.0,21.0,19.0,21.0,22.0,26.0,19.0,26.0,23.0,17.0,21.0,28.0,14.0,16.0,18.0,23.0,20.0,28.0,23.0,26.0
13.5,21.7,16.0,17.0,14.0,30.0,22.0,28.0,22.0,26.0,19.0,28.0,21.0,21.0,18.0,20.0,23.0,26.0,20.0,26.0,22.0,19.0,20.0,30.0,13.0,16.0,16.0,24.0,19.0,26.0,24.0,25.0
13.51,21.566666666666666,15.0,17.0,12.0,30.0,23.0,28.0,22.0,29.0,19.0,27.0,20.0,22.0,19.0,20.0,22.0,27.0,20.0,26.0,23.0,18.0,20.0,32.0,12.0,16.0,16.0,23.0,18.0,26.0,24.0,21.0
13.52,21.266666666666666,16.0,15.0,13.0,28.0,24.0,24.0,22.0,28.0,21.0,28.0,20.0,21.0,20.0,20.0,19.0,27.0,19.0,26.0,22.0,17.0,22.0,31.0,12.0,16.0,16.0,20.0,18.0,28.0,25.0,20.0
13.530000000000001,20.733333333333334,14.0,15.0,14.0,26.0,25.0,26.0,22.0,29.0,19.0,26.0,16.0,20.0,19.0,18.0,18.0,26.0,20.0,27.0,22.0,17.0,22.0,31.0,13.0,14.0,17.0,20.0,18.0,27.0,23.0,18.0
13.540000000000001,20.8,12.0,16.0,12.0,26.0,25.0,25.0,20.0,31.0,20.0,24.0,17.0,20.0,18.0,17.0,18.0,27.0,22.0,26.0,23.0,17.0,25.0,31.0,12.0,15.0,18.0,20.0,19.0,26.0,25.0,17.0
13.55,20.7,15.0,17.0,12.0,26.0,27.0,24.0,20.0,31.0,20.0,24.0,16.0,17.0,18.0,18.0,18.0,25.0,22.0,25.0,21.0,18.0,27.0,30.0,14.0,15.0,17.0,19.0,19.0,25.0,25.0,16.0
13.56,20.866666666666667,16.0,17.0,11.0,28.0,27.0,23.0,19.0,31.0,21.0,24.0,17.0,17.0,19.0,19.0,18.0,24.0,21.0,24.0,20.0,18.0,26.0,30.0,13.0,17.0,16.0,20.0,19.0,26.0,28.0,17.0
13.57,20.7,16.0,17.0,12.0,26.0,26.0,22.0,19.0,30.0,22.0,23.0,15.0,17.0,19.0,19.0,18.0,25.0,21.0,23.0,19.0,18.0,26.0,30.0,13.0,19.0,16.0,20.0,21.0,25.0,28.0,16.0
13.58,20.433333333333334,14.0,16.0,12.0,26.0,23.0,21.0,23.0,27.0,22.0,22.0,16.0,18.0,19.0,18.0,18.0,22.0,22.0,20.0,20.0,18.0,25.0,28.0,13.0,19.0,17.0,22.0,22.0,25.0,28.0,17.0
13.59,20.233333333333334,14.0,16.0,13.0,26.0,24.0,21.0,23.0,27.0,22.0,23.0,17.0,18.0,18.0,19.0,17.0,22.0,22.0,20.0,19.0,20.0,25.0,27.0,11.0,19.0,16.0,22.0,22.0,24.0,26.0,14.0
13.6,20.4,14.0,16.0,13.0,26.0,25.0,19.0,25.0,26.0,22.0,23.0,17.0,18.0,16.0,18.0,18.0,21.0,23.0,20.0,18.0,21.0,26.0,27.0,11.0,19.0,18.0,23.0,22.0,25.0,25.0,17.0
13.61,20.766666666666666,15.0,14.0,16.0,23.0,29.0,19.0,26.0,26.0,23.0,22.0,18.0,20.0,16.0,19.0,17.0,21.0,23.0,21.0,20.0,21.0,29.0,25.0,12.0,19.0,19.0,21.0,22.0,25.0,25.0,17.0
13.620000000000001,20.766666666666666,15.0,14.0,16.0,23.0,30.0,19.0,25.0,26.0,23.0,21.0,19.0,19.0,17.0,20.0,16.0,23.0,23.0,23.0,20.0,23.0,29.0,24.0,13.0,18.0,19.0,19.0,22.0,24.0,24.0,16.0
13.63,20.8,15.0,13.0,16.0,22.0,30.0,22.0,26.0,27.0,23.0,21.0,19.0,20.0,14.0,20.0,17.0,23.0,21.0,23.0,20.0,22.0,29.0,25.0,13.0,18.0,19.0,20.0,21.0,23.0,26.0,16.0
13.64,20.933333333333334,15.0,14.0,17.0,23.0,30.0,21.0,27.0,27.0,23.0,20.0,18.0,20.0,14.0,22.0,17.0,23.0,21.0,22.0,21.0,22.0,27.0,24.0,13.0,16.0,20.0,20.0,21.0,23.0,28.0,19.0
13.65,21.166666666666668,13.0,14.0,16.0,24.0,32.0,21.0,28.0,27.0,23.0,20.0,19.0,23.0,13.0,21.0,18.0,23.0,21.0,20.0,22.0,23.0,27.0,25.0,14.0,18.0,18.0,21.0,20.0,24.0,29.0,18.0
13.66,20.933333333333334,13.0,14.0,16.0,24.0,30.0,19.0,28.0,26.0,22.0,19.0,19.0,22.0,13.0,21.0,18.0,22.0,24.0,20.0,22.0,24.0,29.0,25.0,12.0,17.0,18.0,19.0,21.0,26.0,29.0,16.0
13.67,20.733333333333334,13.0,14.0,15.0,24.0,26.0,21.0,28.0,26.0,23.0,17.0,19.0,23.0,14.0,21.0,19.0,21.0,24.0,17.0,23.0,24.0,27.0,25.0,12.0,18.0,18.0,19.0,22.0,27.0,27.0,15.0
13.68,21.0,14.0,15.0,15.0,25.0,24.0,22.0,29.0,29.0,24.0,17.0,21.0,23.0,14.0,20.0,20.0,20.0,24.0,17.0,23.0,25.0,28.0,23.0,12.0,18.0,17.0,19.0,22.0,26.0,27.0,17.0
13.69,20.833333333333332,13.0,16.0,15.0,26.0,24.0,20.0,32.0,27.0,23.0,17.0,20.0,23.0,17.0,19.0,20.0,21.0,23.0,17.0,22.0,24.0,25.0,24.0,13.0,17.0,15.0,19.0,23.0,24.0,28.0,18.0
13.700000000000001,20.7,14.0,16.0,15.0,26.0,25.0,19.0,32.0,26.0,22.0,17.0,19.0,23.0,16.0,19.0,19.0,23.0,22.0,17.0,21.0,25.0,26.0,24.0,12.0,19.0,14.0,19.0,22.0,25.0,28.0,16.0
13.71,20.366666666666667,13.0,15.0,15.0,25.0,22.0,18.0,31.0,26.0,22.0,19.0,20.0,22.0,16.0,19.0,19.0,23.0,22.0,16.0,21.0,25.0,26.0,24.0,11.0,18.0,11.0,18.0,23.0,25.0,28.0,18.0
13.72,20.366666666666667,15.0,15.0,13.0,25.0,21.0,20.0,32.0,26.0,24.0,19.0,18.0,20.0,14.0,18.0,19.0,23.0,22.0,16.0,22.0,25.0,27.0,24.0,12.0,18.0,11.0,20.0,22.0,23.0,28.0,19.0
13.73,20.2,15.0,16.0,13.0,27.0,21.0,20.0,31.0,24.0,22.0,18.0,19.0,22.0,13.0,17.0,19.0,21.0,22.0,17.0,21.0,25.0,26.0,24.0,12.0,20.0,11.0,21.0,21.0,22.0,28.0,18.0
13.74,20.1,15.0,16.0,13.0,25.0,21.0,20.0,29.0,23.0,23.0,18.0,19.0,22.0,14.0,14.0,19.0,21.0,22.0,17.0,22.0,25.0,27.0,20.0,12.0,21.0,12.0,21.0,21.0,22.0,30.0,19.0
13.75,20.233333333333334,15.0,16.0,14.0,25.0,21.0,18.0,29.0,24.0,25.0,19.0,19.0,22.0,13.0,15.0,20.0,20.0,23.0,16.0,22.0,25.0,27.0,19.0,10.0,22.0,13.0,21.0,20.0,22.0,32.0,20.0
13.76,20.466666666666665,17.0,16.0,14.0,24.0,20.0,18.0,28.0,25.0,26.0,19.0,19.0,22.0,15.0,15.0,19.0,20.0,24.0,16.0,24.0,24.0,27.0,21.0,10.0,23.0,12.0,21.0,21.0,23.0,31.0,20.0
13.77,20.0,17.0,17.0,14.0,24.0,20.0,17.0,27.0,24.0,24.0,19.0,19.0,19.0,15.0,14.0,18.0,20.0,22.0,16.0,22.0,24.0,25.0,21.0,10.0,23.0,13.0,22.0,22.0,23.0,29.0,20.0
13.780000000000001,20.033333333333335,17.0,16.0,13.0,25.0,22.0,17.0,27.0,25.0,26.0,19.0,19.0,19.0,15.0,13.0,18.0,18.0,21.0,15.0,23.0,24.0,25.0,20.0,11.0,25.0,14.0,24.0,21.0,22.0,27.0,20.0
13.790000000000001,19.833333333333332,15.0,16.0,12.0,26.0,22.0,16.0,26.0,25.0,27.0,20.0,17.0,20.0,15.0,12.0,19.0,17.0,20.0,15.0,27.0,24.0,24.0,20.0,10.0,26.0,14.0,24.0,18.0,22.0,27.0,19.0
13.8,19.666666666666668,15.0,17.0,13.0,26.0,21.0,15.0,25.0,25.0,26.0,20.0,17.0,18.0,14.0,13.0,19.0,17.0,19.0,17.0,28.0,23.0,24.0,17.0,10.0,27.0,13.0,24.0,17.0,22.0,27.0,21.0
13.81,19.633333333333333,16.0,17.0,14.0,26.0,20.0,16.0,25.0,26.0,27.0,19.0,18.0,20.0,13.0,11.0,16.0,16.0,18.0,18.0,29.0,23.0,26.0,18.0,10.0,26.0,15.0,22.0,18.0,21.0,25.0,20.0
13.82,19.7,16.0,16.0,16.0,26.0,21.0,16.0,24.0,25.0,26.0,20.0,18.0,20.0,14.0,10.0,15.0,15.0,20.0,16.0,29.0,23.0,26.0,17.0,11.0,28.0,15.0,22.0,18.0,22.0,24.0,22.0
13.83,19.466666666666665,15.0,14.0,16.0,23.0,20.0,17.0,26.0,25.0,25.0,20.0,18.0,20.0,14.0,10.0,14.0,14.0,20.0,16.0,28.0,22.0,25.0,19.0,11.0,28.0,16.0,21.0,18.0,22.0,25.0,22.0
13.84,19.333333333333332,16.0,15.0,15.0,23.0,21.0,18.0,26.0,25.0,24.0,20.0,17.0,19.0,14.0,11.0,13.0,13.0,20.0,16.0,28.0,23.0,23.0,19.0,12.0,25.0,16.0,21.0,18.0,22.0,24.0,23.0
13.85,19.133333333333333,17.0,14.0,15.0,21.0,19.0,18.0,27.0,24.0,23.0,21.0,18.0,20.0,15.0,12.0,13.0,12.0,17.0,14.0,28.0,23.0,24.0,18.0,13.0,24.0,16.0,20.0,19.0,23.0,23.0,23.0
13.86,19.066666666666666,19.0,15.0,14.0,19.0,19.0,18.0,27.0,24.0,23.0,22.0,22.0,20.0,15.0,13.0,14.0,12.0,17.0,14.0,27.0,21.0,22.0,17.0,12.0,24.0,16.0,20.0,19.0,21.0,23.0,23.0
13.870000000000001,19.066666666666666,20.0,15.0,14.0,18.0,19.0,18.0,27.0,22.0,23.0,21.0,23.0,20.0,17.0,12.0,16.0,12.0,18.0,15.0,26.0,22.0,21.0,17.0,12.0,24.0,17.0,19.0,18.0,20.0,23.0,23.0
13.88,18.733333333333334,19.0,14.0,16.0,17.0,16.0,20.0,26.0,22.0,22.0,20.0,24.0,19.0,17.0,12.0,17.0,12.0,19.0,14.0,23.0,22.0,20.0,17.0,12.0,24.0,16.0,17.0,18.0,20.0,22.0,25.0
13.89,18.366666666666667,19.0,14.0,15.0,17.0,18.0,21.0,25.0,22.0,22.0,21.0,23.0,18.0,17.0,12.0,16.0,12.0,20.0,12.0,23.0,21.0,21.0,16.0,11.0,24.0,15.0,16.0,18.0,19.0,20.0,23.0
13.9,18.066666666666666,17.0,14.0,13.0,17.0,17.0,21.0,24.0,22.0,23.0,21.0,22.0,17.0,18.0,13.0,14.0,14.0,20.0,12.0,22.0,21.0,20.0,15.0,10.0,25.0,16.0,17.0,17.0,17.0,20.0,23.0
13.91,18.2,14.0,14.0,13.0,19.0,17.0,21.0,26.0,23.0,23.0,22.0,22.0,16.0,18.0,13.0,14.0,14.0,20.0,13.0,20.0,19.0,21.0,17.0,12.0,25.0,16.0,18.0,18.0,17.0,19.0,22.0
13.92,18.0,14.0,12.0,13.0,20.0,16.0,21.0,27.0,23.0,19.0,22.0,22.0,16.0,18.0,13.0,14.0,13.0,21.0,12.0,20.0,18.0,20.0,18.0,12.0,25.0,18.0,18.0,18.0,16.0,20.0,21.0
13.93,18.033333333333335,13.0,13.0,15.0,21.0,14.0,22.0,26.0,22.0,20.0,23.0,22.0,17.0,17.0,13.0,14.0,12.0,22.0,11.0,20.0,16.0,20.0,19.0,13.0,25.0,17.0,17.0,19.0,17.0,21.0,20.0
13.94,18.0,12.0,12.0,14.0,21.0,14.0,22.0,27.0,22.0,21.0,24.0,23.0,16.0,16.0,14.0,14.0,12.0,22.0,12.0,19.0,16.0,19.0,19.0,13.0,25.0,17.0,16.0,17.0,16.0,23.0,22.0
13.950000000000001,17.9,12.0,11.0,12.0,22.0,15.0,23.0,28.0,22.0,22.0,24.0,23.0,16.0,16.0,17.0,14.0,12.0,21.0,12.0,19.0,13.0,19.0,20.0,14.0,24.0,17.0,13.0,17.0,16.0,22.0,21.0
13.96,17.9,13.0,9.0,12.0,22.0,14.0,23.0,27.0,23.0,23.0,21.0,23.0,20.0,16.0,16.0,15.0,12.0,23.0,12.0,18.0,14.0,17.0,20.0,13.0,23.0,17.0,14.0,18.0,16.0,22.0,21.0
13.97,17.633333333333333,13.0,10.0,12.0,21.0,14.0,24.0,24.0,20.0,21.0,21.0,22.0,19.0,19.0,16.0,14.0,12.0,21.0,12.0,16.0,15.0,18.0,20.0,14.0,22.0,17.0,16.0,18.0,16.0,22.0,20.0
13.98,17.533333333333335,14.0,11.0,12.0,20.0,14.0,20.0,23.0,20.0,20.0,21.0,22.0,19.0,21.0,15.0,15.0,10.0,22.0,13.0,16.0,17.0,17.0,20.0,14.0,23.0,17.0,16.0,18.0,16.0,20.0,20.0
13.99,17.466666666666665,14.0,12.0,13.0,20.0,15.0,20.0,22.0,18.0,20.0,21.0,22.0,19.0,20.0,16.0,13.0,11.0,24.0,14.0,14.0,17.0,17.0,20.0,15.0,23.0,16.0,16.0,18.0,16.0,19.0,19.0
14.0,17.633333333333333,15.0,11.0,15.0,21.0,15.0,20.0,21.0,18.0,20.0,20.0,19.0,20.0,20.0,17.0,14.0,11.0,23.0,16.0,16.0,17.0,17.0,20.0,16.0,23.0,15.0,15.0,19.0,16.0,20.0,19.0
14.01,17.766666666666666,13.0,11.0,14.0,20.0,15.0,20.0,22.0,21.0,19.0,19.0,20.0,21.0,21.0,16.0,15.0,13.0,21.0,15.0,17.0,17.0,17.0,21.0,18.0,21.0,17.0,14.0,21.0,15.0,20.0,19.0
14.02,17.766666666666666,14.0,11.0,16.0,20.0,15.0,20.0,22.0,21.0,20.0,18.0,17.0,19.0,22.0,18.0,15.0,12.0,24.0,16.0,16.0,17.0,17.0,21.0,18.0,21.0,17.0,14.0,19.0,15.0,19.0,19.0
14.030000000000001,17.866666666666667,12.0,10.0,16.0,19.0,17.0,20.0,23.0,21.0,20.0,17.0,16.0,22.0,23.0,18.0,14.0,13.0,25.0,16.0,18.0,16.0,18.0,22.0,17.0,20.0,17.0,13.0,19.0,15.0,19.0,20.0
14.040000000000001,17.933333333333334,11.0,10.0,18.0,20.0,17.0,18.0,24.0,21.0,17.0,17.0,14.0,22.0,24.0,19.0,15.0,12.0,25.0,16.0,19.0,16.0,17.0,22.0,18.0,19.0,16.0,14.0,20.0,16.0,19.0,22.0
14.05,17.733333333333334,12.0,10.0,18.0,21.0,17.0,16.0,23.0,20.0,17.0,17.0,13.0,24.0,25.0,18.0,16.0,13.0,24.0,15.0,19.0,15.0,15.0,22.0,18.0,18.0,17.0,16.0,19.0,15.0,17.0,22.0
14.06,17.6,11.0,10.0,18.0,20.0,17.0,15.0,21.0,20.0,16.0,15.0,13.0,24.0,23.0,20.0,15.0,14.0,24.0,14.0,18.0,17.0,15.0,24.0,17.0,17.0,17.0,18.0,20.0,15.0,19.0,21.0
14.07,18.0,13.0,11.0,18.0,20.0,17.0,15.0,21.0,20.0,15.0,16.0,14.0,25.0,22.0,24.0,17.0,13.0,24.0,15.0,18.0,17.0,15.0,25.0,17.0,19.0,17.0,17.0,19.0,16.0,19.0,21.0
14.08,18.066666666666666,13.0,12.0,19.0,19.0,18.0,16.0,21.0,21.0,15.0,15.0,15.0,24.0,23.0,25.0,17.0,13.0,22.0,16.0,18.0,15.0,14.0,25.0,18.0,19.0,18.0,17.0,19.0,16.0,17.0,22.0
14.09,18.066666666666666,14.0,12.0,19.0,17.0,19.0,15.0,23.0,20.0,16.0,16.0,16.0,24.0,23.0,25.0,18.0,13.0,21.0,14.0,16.0,15.0,15.0,26.0,19.0,19.0,19.0,16.0,18.0,17.0,17.0,20.0
14.1,18.133333333333333,15.0,12.0,18.0,16.0,20.0,17.0,22.0,20.0,16.0,16.0,18.0,23.0,24.0,26.0,19.0,13.0,19.0,13.0,16.0,14.0,15.0,28.0,18.0,21.0,19.0,14.0,18.0,17.0,19.0,18.0
14.11,18.166666666666668,17.0,13.0,18.0,15.0,18.0,16.0,24.0,20.0,15.0,15.0,19.0,23.0,24.0,25.0,18.0,13.0,20.0,12.0,15.0,14.0,16.0,29.0,20.0,21.0,19.0,14.0,18.0,17.0,20.0,17.0
14.120000000000001,18.4,17.0,14.0,18.0,15.0,19.0,16.0,24.0,21.0,15.0,15.0,20.0,24.0,24.0,26.0,18.0,13.0,21.0,13.0,16.0,14.0,17.0,30.0,19.0,18.0,18.0,15.0,16.0,18.0,21.0,17.0
14.13,18.2,17.0,13.0,19.0,14.0,19.0,16.0,24.0,22.0,15.0,13.0,19.0,24.0,26.0,25.0,19.0,13.0,20.0,13.0,16.0,11.0,15.0,30.0,21.0,18.0,17.0,16.0,16.0,17.0,21.0,17.0
14.14,18.433333333333334,17.0,14.0,18.0,15.0,19.0,15.0,25.0,21.0,16.0,13.0,19.0,24.0,27.0,25.0,19.0,11.0,21.0,14.0,18.0,11.0,16.0,30.0,22.0,18.0,16.0,17.0,16.0,21.0,20.0,15.0
14.15,18.8,17.0,12.0,19.0,13.0,20.0,15.0,25.0,20.0,18.0,15.0,19.0,23.0,25.0,25.0,21.0,10.0,24.0,13.0,18.0,11.0,17.0,31.0,23.0,20.0,20.0,17.0,16.0,23.0,19.0,15.0
14.16,18.833333333333332,18.0,11.0,19.0,13.0,19.0,17.0,25.0,21.0,20.0,16.0,19.0,23.0,25.0,24.0,21.0,8.0,26.0,14.0,16.0,11.0,18.0,29.0,21.0,20.0,20.0,16.0,17.0,23.0,19.0,16.0
14.17,18.633333333333333,19.0,12.0,18.0,12.0,19.0,17.0,25.0,20.0,22.0,16.0,18.0,23.0,27.0,24.0,17.0,7.0,26.0,12.0,17.0,10.0,19.0,29.0,20.0,19.0,22.0,16.0,19.0,22.0,18.0,14.0
14.18,18.666666666666668,19.0,12.0,18.0,11.0,19.0,17.0,26.0,20.0,21.0,15.0,18.0,25.0,27.0,25.0,18.0,8.0,25.0,13.0,17.0,10.0,16.0,32.0,18.0,19.0,21.0,14.0,18.0,23.0,21.0,14.0
14.19,18.633333333333333,19.0,12.0,19.0,13.0,18.0,18.0,25.0,20.0,20.0,17.0,16.0,25.0,24.0,25.0,18.0,9.0,25.0,14.0,17.0,11.0,19.0,30.0,15.0,19.0,21.0,16.0,18.0,22.0,21.0,13.0
14.200000000000001,18.666666666666668,19.0,13.0,19.0,14.0,19.0,18.0,23.0,20.0,20.0,16.0,15.0,25.0,24.0,26.0,18.0,9.0,27.0,15.0,18.0,12.0,18.0,28.0,15.0,17.0,22.0,17.0,18.0,21.0,22.0,12.0
14.21,18.433333333333334,20.0,14.0,18.0,16.0,17.0,18.0,23.0,20.0,20.0,16.0,16.0,24.0,22.0,24.0,17.0,9.0,27.0,17.0,18.0,12.0,18.0,28.0,16.0,16.0,22.0,17.0,16.0,20.0,20.0,12.0
14.22,18.533333333333335,19.0,15.0,18.0,17.0,16.0,18.0,23.0,17.0,19.0,15.0,15.0,25.0,23.0,26.0,17.0,9.0,27.0,17.0,18.0,12.0,19.0,30.0,16.0,17.0,22.0,17.0,16.0,20.0,19.0,14.0
14.23,18.633333333333333,19.0,16.0,17.0,17.0,16.0,18.0,22.0,19.0,19.0,15.0,16.0,24.0,23.0,26.0,18.0,9.0,28.0,18.0,19.0,13.0,19.0,27.0,16.0,18.0,22.0,17.0,16.0,20.0,19.0,13.0
14.24,18.233333333333334,19.0,18.0,15.0,17.0,15.0,17.0,21.0,18.0,19.0,15.0,14.0,23.0,23.0,28.0,17.0,7.0,27.0,18.0,18.0,14.0,18.0,28.0,15.0,16.0,24.0,16.0,17.0,21.0,16.0,13.0
14.25,18.033333333333335,18.0,17.0,15.0,17.0,16.0,18.0,20.0,18.0,18.0,16.0,12.0,23.0,22.0,29.0,17.0,8.0,27.0,16.0,19.0,15.0,17.0,29.0,15.0,15.0,23.0,16.0,16.0,19.0,15.0,15.0
14.26,17.933333333333334,17.0,16.0,15.0,15.0,15.0,17.0,20.0,18.0,18.0,17.0,14.0,21.0,23.0,31.0,18.0,8.0,26.0,16.0,18.0,15.0,18.0,28.0,15.0,17.0,22.0,16.0,16.0,18.0,14.0,16.0
14.27,18.066666666666666,16.0,17.0,15.0,17.0,14.0,17.0,20.0,19.0,17.0,16.0,14.0,22.0,23.0,30.0,17.0,8.0,26.0,18.0,17.0,16.0,19.0,27.0,15.0,17.0,22.0,17.0,18.0,18.0,14.0,16.0
14.280000000000001,18.1,14.0,17.0,14.0,19.0,15.0,17.0,19.0,19.0,15.0,15.0,14.0,21.0,22.0,30.0,17.0,10.0,26.0,18.0,17.0,17.0,20.0,26.0,14.0,17.0,23.0,18.0,20.0,18.0,15.0,16.0
14.290000000000001,18.233333333333334,12.0,18.0,16.0,20.0,15.0,19.0,18.0,18.0,15.0,15.0,16.0,21.0,23.0,30.0,17.0,9.0,26.0,19.0,17.0,17.0,19.0,25.0,13.0,17.0,22.0,17.0,22.0,19.0,16.0,16.0
14.3,17.9,14.0,17.0,15.0,21.0,14.0,18.0,18.0,19.0,14.0,15.0,17.0,22.0,23.0,28.0,18.0,8.0,23.0,19.0,19.0,15.0,19.0,25.0,13.0,17.0,21.0,17.0,19.0,18.0,15.0,16.0
14.31,17.733333333333334,13.0,18.0,14.0,21.0,14.0,19.0,18.0,20.0,15.0,16.0,16.0,22.0,22.0,26.0,18.0,7.0,24.0,19.0,19.0,15.0,20.0,24.0,13.0,18.0,21.0,18.0,17.0,16.0,15.0,14.0
14.32,17.8,13.0,19.0,16.0,21.0,13.0,19.0,17.0,18.0,14.0,16.0,17.0,23.0,20.0,24.0,18.0,6.0,23.0,19.0,19.0,17.0,20.0,23.0,14.0,18.0,22.0,17.0,19.0,17.0,15.0,17.0
14.33,17.733333333333334,14.0,18.0,16.0,19.0,13.0,19.0,16.0,18.0,13.0,16.0,18.0,20.0,21.0,23.0,18.0,8.0,22.0,20.0,19.0,17.0,19.0,23.0,14.0,19.0,21.0,20.0,19.0,18.0,15.0,16.0
14.34,17.433333333333334,13.0,20.0,16.0,19.0,12.0,18.0,16.0,19.0,15.0,15.0,19.0,21.0,20.0,22.0,17.0,8.0,21.0,17.0,20.0,16.0,19.0,21.0,15.0,19.0,20.0,19.0,18.0,18.0,14.0,16.0
14.35,17.4,13.0,20.0,15.0,19.0,12.0,18.0,15.0,19.0,15.0,16.0,20.0,20.0,20.0,21.0,17.0,8.0,22.0,17.0,18.0,16.0,18.0,23.0,15.0,19.0,20.0,21.0,18.0,18.0,13.0,16.0
14.36,17.1,13.0,19.0,14.0,18.0,12.0,19.0,15.0,16.0,16.0,15.0,20.0,19.0,19.0,20.0,16.0,10.0,22.0,18.0,18.0,16.0,16.0,24.0,14.0,19.0,20.0,22.0,18.0,19.0,10.0,16.0
14.370000000000001,17.2,14.0,19.0,14.0,18.0,12.0,20.0,14.0,15.0,15.0,14.0,19.0,19.0,19.0,20.0,18.0,11.0,22.0,20.0,20.0,17.0,15.0,24.0,13.0,19.0,19.0,22.0,17.0,19.0,11.0,17.0
14.38,17.266666666666666,14.0,19.0,15.0,17.0,13.0,19.0,14.0,15.0,15.0,14.0,19.0,20.0,19.0,22.0,17.0,10.0,23.0,19.0,21.0,18.0,14.0,24.0,13.0,19.0,19.0,24.0,17.0,19.0,12.0,14.0
14.39,17.133333333333333,14.0,18.0,16.0,18.0,13.0,18.0,15.0,15.0,15.0,13.0,16.0,18.0,20.0,23.0,17.0,9.0,21.0,20.0,22.0,18.0,15.0,23.0,12.0,19.0,19.0,22.0,17.0,20.0,14.0,14.0
14.4,17.3,11.0,18.0,15.0,17.0,14.0,18.0,15.0,15.0,14.0,14.0,16.0,19.0,22.0,24.0,18.0,9.0,21.0,20.0,21.0,19.0,15.0,23.0,13.0,18.0,19.0,22.0,18.0,21.0,16.0,14.0
14.41,17.333333333333332,11.0,19.0,15.0,17.0,15.0,18.0,16.0,14.0,15.0,14.0,17.0,19.0,21.0,22.0,18.0,9.0,21.0,19.0,19.0,19.0,15.0,22.0,15.0,21.0,19.0,23.0,18.0,21.0,15.0,13.0
14.42,17.2,11.0,17.0,16.0,17.0,15.0,17.0,16.0,13.0,15.0,14.0,17.0,20.0,19.0,21.0,18.0,9.0,22.0,19.0,17.0,19.0,15.0,23.0,13.0,23.0,19.0,23.0,18.0,20.0,15.0,15.0
14.43,17.266666666666666,12.0,18.0,16.0,17.0,15.0,18.0,15.0,12.0,14.0,15.0,18.0,20.0,18.0,21.0,19.0,10.0,20.0,18.0,18.0,19.0,15.0,21.0,14.0,24.0,19.0,24.0,17.0,20.0,15.0,16.0
14.44,17.4,13.0,19.0,18.0,17.0,16.0,18.0,15.0,12.0,15.0,17.0,17.0,19.0,19.0,20.0,17.0,9.0,20.0,16.0,19.0,20.0,15.0,22.0,14.0,24.0,19.0,23.0,17.0,19.0,17.0,16.0
14.450000000000001,17.6,13.0,19.0,18.0,16.0,16.0,17.0,14.0,15.0,17.0,15.0,17.0,18.0,18.0,19.0,17.0,10.0,22.0,16.0,20.0,22.0,15.0,22.0,16.0,24.0,18.0,22.0,18.0,20.0,18.0,16.0
14.46,17.366666666666667,13.0,17.0,20.0,15.0,16.0,18.0,12.0,14.0,17.0,14.0,16.0,16.0,16.0,19.0,16.0,10.0,23.0,16.0,20.0,22.0,16.0,22.0,17.0,25.0,18.0,22.0,16.0,20.0,19.0,16.0
14.47,17.266666666666666,12.0,18.0,21.0,19.0,15.0,18.0,14.0,15.0,16.0,14.0,17.0,17.0,17.0,20.0,15.0,9.0,19.0,16.0,23.0,20.0,17.0,22.0,17.0,24.0,16.0,24.0,15.0,19.0,17.0,12.0
14.48,17.2,14.0,19.0,22.0,20.0,16.0,18.0,13.0,16.0,17.0,14.0,19.0,17.0,16.0,20.0,15.0,9.0,18.0,17.0,23.0,20.0,15.0,20.0,17.0,21.0,14.0,23.0,15.0,18.0,18.0,12.0
14.49,17.033333333333335,14.0,19.0,22.0,19.0,16.0,18.0,13.0,17.0,17.0,15.0,19.0,16.0,16.0,20.0,16.0,9.0,18.0,16.0,21.0,21.0,14.0,19.0,17.0,21.0,15.0,23.0,15.0,16.0,17.0,12.0
14.5,16.9,14.0,19.0,22.0,19.0,16.0,21.0,14.0,16.0,17.0,16.0,17.0,15.0,15.0,19.0,14.0,10.0,18.0,16.0,22.0,20.0,14.0,19.0,16.0,20.0,16.0,22.0,14.0,17.0,17.0,12.0
14.51,16.566666666666666,13.0,19.0,20.0,19.0,15.0,22.0,13.0,16.0,17.0,17.0,15.0,16.0,15.0,20.0,13.0,11.0,19.0,15.0,22.0,19.0,14.0,18.0,17.0,19.0,16.0,18.0,14.0,16.0,16.0,13.0
14.52,16.333333333333332,15.0,19.0,20.0,18.0,15.0,23.0,14.0,15.0,17.0,17.0,15.0,15.0,16.0,17.0,14.0,10.0,17.0,15.0,20.0,19.0,16.0,16.0,17.0,19.0,15.0,18.0,14.0,16.0,16.0,12.0
14.530000000000001,16.033333333333335,15.0,19.0,21.0,17.0,14.0,22.0,14.0,15.0,16.0,16.0,16.0,14.0,14.0,17.0,14.0,9.0,17.0,16.0,19.0,21.0,16.0,15.0,16.0,16.0,15.0,18.0,14.0,16.0,16.0,13.0
14.540000000000001,16.0,13.0,19.0,21.0,17.0,14.0,20.0,16.0,14.0,17.0,16.0,16.0,14.0,13.0,16.0,15.0,10.0,17.0,17.0,20.0,21.0,16.0,14.0,16.0,16.0,18.0,17.0,14.0,14.0,16.0,13.0
14.55,16.033333333333335,12.0,19.0,22.0,17.0,13.0,19.0,15.0,14.0,17.0,14.0,15.0,14.0,13.0,15.0,16.0,13.0,17.0,18.0,20.0,20.0,16.0,14.0,17.0,19.0,18.0,19.0,13.0,15.0,15.0,12.0
14.56,16.166666666666668,11.0,20.0,23.0,16.0,12.0,17.0,15.0,14.0,17.0,14.0,14.0,14.0,13.0,16.0,16.0,15.0,18.0,18.0,21.0,18.0,16.0,14.0,18.0,20.0,20.0,19.0,13.0,16.0,16.0,11.0
14.57,16.1,11.0,19.0,21.0,16.0,10.0,17.0,15.0,14.0,18.0,14.0,14.0,14.0,14.0,17.0,15.0,15.0,19.0,16.0,20.0,18.0,15.0,16.0,19.0,20.0,20.0,18.0,14.0,15.0,16.0,13.0
14.58,15.933333333333334,12.0,18.0,18.0,16.0,10.0,18.0,15.0,14.0,17.0,13.0,14.0,14.0,14.0,16.0,16.0,14.0,19.0,17.0,19.0,17.0,16.0,16.0,19.0,20.0,18.0,20.0,14.0,15.0,16.0,13.0
14.59,15.866666666666667,11.0,18.0,19.0,17.0,11.0,18.0,13.0,14.0,17.0,13.0,15.0,15.0,14.0,15.0,16.0,14.0,19.0,17.0,19.0,16.0,15.0,16.0,18.0,20.0,20.0,19.0,14.0,15.0,16.0,12.0
14.6,15.433333333333334,11.0,16.0,18.0,14.0,10.0,19.0,13.0,14.0,17.0,14.0,17.0,15.0,13.0,13.0,15.0,13.0,18.0,16.0,17.0,15.0,17.0,16.0,17.0,21.0,20.0,16.0,14.0,16.0,17.0,11.0
14.61,15.4,11.0,14.0,16.0,13.0,9.0,19.0,12.0,14.0,17.0,14.0,17.0,15.0,13.0,13.0,16.0,13.0,16.0,19.0,17.0,15.0,17.0,16.0,17.0,20.0,20.0,16.0,15.0,18.0,18.0,12.0
14.620000000000001,15.3,11.0,14.0,17.0,12.0,9.0,19.0,12.0,14.0,16.0,14.0,17.0,15.0,12.0,13.0,16.0,13.0,17.0,19.0,17.0,15.0,17.0,17.0,18.0,19.0,18.0,15.0,15.0,18.0,17.0,13.0
14.63,15.333333333333334,11.0,15.0,18.0,12.0,9.0,20.0,12.0,12.0,16.0,14.0,17.0,16.0,11.0,13.0,16.0,13.0,16.0,18.0,17.0,14.0,17.0,17.0,19.0,19.0,20.0,15.0,17.0,15.0,18.0,13.0
14.64,15.633333333333333,11.0,14.0,19.0,13.0,9.0,20.0,12.0,12.0,17.0,16.0,18.0,16.0,11.0,14.0,17.0,14.0,16.0,17.0,17.0,15.0,16.0,17.0,20.0,20.0,20.0,14.0,16.0,16.0,18.0,14.0
14.65,15.6,10.0,14.0,17.0,13.0,10.0,19.0,12.0,12.0,17.0,18.0,19.0,17.0,11.0,12.0,17.0,15.0,15.0,16.0,17.0,16.0,15.0,19.0,20.0,18.0,19.0,14.0,16.0,16.0,21.0,13.0
14.66,15.6,10.0,14.0,16.0,13.0,10.0,18.0,13.0,13.0,18.0,19.0,20.0,17.0,10.0,11.0,15.0,15.0,15.0,16.0,17.0,17.0,16.0,19.0,19.0,18.0,20.0,13.0,16.0,17.0,20.0,13.0
14.67,15.266666666666667,9.0,14.0,14.0,16.0,10.0,18.0,12.0,13.0,17.0,19.0,19.0,17.0,10.0,9.0,14.0,15.0,14.0,16.0,16.0,16.0,15.0,18.0,19.0,18.0,22.0,13.0,15.0,17.0,21.0,12.0
14.68,15.2,10.0,14.0,14.0,15.0,11.0,18.0,12.0,13.0,16.0,18.0,19.0,18.0,11.0,10.0,15.0,15.0,13.0,15.0,15.0,17.0,15.0,18.0,19.0,17.0,22.0,11.0,15.0,18.0,21.0,11.0
14.69,15.166666666666666,8.0,14.0,15.0,14.0,11.0,17.0,12.0,12.0,17.0,19.0,19.0,18.0,11.0,10.0,15.0,15.0,14.0,16.0,16.0,17.0,14.0,17.0,18.0,17.0,24.0,11.0,16.0,17.0,21.0,10.0
14.700000000000001,14.9,9.0,14.0,16.0,14.0,13.0,18.0,10.0,11.0,17.0,19.0,19.0,16.0,11.0,10.0,13.0,15.0,14.0,16.0,17.0,17.0,14.0,16.0,18.0,15.0,22.0,10.0,16.0,16.0,20.0,11.0
14.71,15.166666666666666,9.0,14.0,18.0,14.0,14.0,18.0,11.0,11.0,18.0,20.0,19.0,17.0,11.0,10.0,14.0,15.0,14.0,16.0,16.0,19.0,14.0,16.0,19.0,15.0,20.0,10.0,16.0,17.0,18.0,12.0
14.72,15.0,9.0,13.0,18.0,14.0,14.0,18.0,11.0,11.0,18.0,19.0,19.0,17.0,10.0,9.0,13.0,15.0,13.0,17.0,16.0,18.0,15.0,18.0,20.0,14.0,20.0,9.0,16.0,17.0,17.0,12.0
14.73,15.0,10.0,13.0,18.0,13.0,13.0,17.0,10.0,11.0,18.0,17.0,19.0,17.0,8.0,10.0,15.0,15.0,14.0,17.0,17.0,18.0,18.0,18.0,17.0,14.0,20.0,9.0,16.0,18.0,17.0,13.0
14.74,14.933333333333334,9.0,14.0,18.0,13.0,13.0,15.0,10.0,11.0,18.0,15.0,18.0,17.0,9.0,11.0,14.0,14.0,15.0,18.0,16.0,18.0,17.0,17.0,18.0,15.0,20.0,10.0,15.0,19.0,18.0,13.0
14.75,15.233333333333333,10.0,14.0,17.0,17.0,14.0,15.0,11.0,9.0,19.0,14.0,18.0,19.0,10.0,12.0,14.0,16.0,14.0,17.0,16.0,17.0,19.0,18.0,16.0,12.0,22.0,10.0,16.0,20.0,18.0,13.0
14.76,15.0,10.0,14.0,17.0,17.0,14.0,16.0,11.0,10.0,19.0,13.0,18.0,16.0,10.0,12.0,15.0,16.0,15.0,16.0,16.0,17.0,19.0,17.0,14.0,9.0,22.0,11.0,18.0,19.0,18.0,11.0
14.77,14.4,9.0,13.0,18.0,15.0,13.0,15.0,11.0,10.0,16.0,13.0,16.0,15.0,10.0,10.0,15.0,16.0,14.0,16.0,17.0,17.0,20.0,18.0,13.0,10.0,20.0,10.0,16.0,18.0,17.0,11.0
14.780000000000001,14.7,9.0,12.0,18.0,15.0,13.0,16.0,12.0,10.0,16.0,12.0,15.0,16.0,11.0,11.0,16.0,16.0,14.0,16.0,21.0,16.0,21.0,18.0,14.0,10.0,21.0,9.0,15.0,19.0,17.0,12.0
14.790000000000001,14.833333333333334,8.0,12.0,19.0,14.0,14.0,15.0,12.0,11.0,15.0,12.0,16.0,17.0,10.0,12.0,18.0,15.0,15.0,14.0,22.0,16.0,20.0,18.0,14.0,10.0,21.0,11.0,16.0,18.0,18.0,12.0
14.8,14.566666666666666,7.0,12.0,19.0,14.0,13.0,14.0,11.0,11.0,14.0,12.0,15.0,17.0,11.0,13.0,18.0,15.0,14.0,14.0,22.0,17.0,20.0,18.0,12.0,10.0,22.0,11.0,16.0,18.0,15.0,12.0
14.81,14.8,10.0,16.0,19.0,15.0,12.0,14.0,10.0,11.0,15.0,11.0,15.0,17.0,10.0,15.0,18.0,14.0,13.0,14.0,22.0,17.0,22.0,18.0,12.0,11.0,22.0,11.0,15.0,18.0,15.0,12.0
14.82,15.0,13.0,17.0,18.0,15.0,14.0,13.0,11.0,12.0,16.0,12.0,15.0,16.0,10.0,14.0,17.0,14.0,12.0,15.0,22.0,18.0,21.0,18.0,12.0,11.0,24.0,11.0,14.0,18.0,16.0,11.0
14.83,14.8,13.0,17.0,18.0,15.0,14.0,14.0,11.0,12.0,16.0,11.0,14.0,15.0,10.0,14.0,17.0,14.0,11.0,15.0,23.0,14.0,22.0,16.0,12.0,13.0,23.0,11.0,14.0,18.0,16.0,11.0
14.84,14.7,10.0,17.0,21.0,15.0,14.0,13.0,10.0,12.0,16.0,12.0,13.0,15.0,10.0,14.0,17.0,13.0,12.0,14.0,22.0,14.0,21.0,17.0,11.0,14.0,23.0,10.0,16.0,18.0,17.0,10.0
14.85,14.666666666666666,11.0,17.0,21.0,15.0,14.0,13.0,12.0,13.0,18.0,12.0,13.0,14.0,10.0,14.0,17.0,12.0,11.0,12.0,22.0,15.0,21.0,16.0,10.0,14.0,23.0,10.0,17.0,17.0,16.0,10.0
14.86,14.9,11.0,16.0,23.0,15.0,13.0,13.0,13.0,13.0,19.0,11.0,14.0,14.0,10.0,14.0,16.0,12.0,11.0,11.0,25.0,15.0,20.0,15.0,12.0,15.0,24.0,11.0,18.0,17.0,15.0,11.0
14.870000000000001,14.866666666666667,11.0,17.0,22.0,15.0,13.0,13.0,13.0,10.0,18.0,11.0,13.0,14.0,10.0,14.0,16.0,11.0,9.0,11.0,25.0,15.0,21.0,16.0,12.0,16.0,23.0,12.0,21.0,18.0,16.0,10.0
14.88,15.0,13.0,18.0,23.0,15.0,13.0,13.0,12.0,10.0,20.0,11.0,13.0,16.0,10.0,14.0,14.0,11.0,9.0,12.0,24.0,14.0,21.0,16.0,12.0,16.0,23.0,13.0,20.0,18.0,16.0,10.0
14.89,15.4,14.0,19.0,23.0,15.0,13.0,14.0,12.0,10.0,22.0,12.0,13.0,16.0,11.0,15.0,13.0,11.0,8.0,12.0,24.0,16.0,22.0,15.0,11.0,17.0,24.0,13.0,20.0,19.0,17.0,11.0
14.9,15.266666666666667,14.0,19.0,24.0,16.0,13.0,13.0,13.0,10.0,21.0,12.0,16.0,14.0,11.0,14.0,14.0,10.0,8.0,12.0,25.0,16.0,20.0,15.0,11.0,16.0,23.0,13.0,20.0,19.0,16.0,10.0
14.91,15.266666666666667,14.0,20.0,24.0,16.0,12.0,16.0,14.0,10.0,21.0,13.0,15.0,14.0,12.0,14.0,14.0,10.0,8.0,10.0,24.0,17.0,20.0,14.0,10.0,15.0,23.0,14.0,21.0,18.0,15.0,10.0
14.92,15.2,13.0,19.0,25.0,17.0,12.0,17.0,14.0,10.0,21.0,13.0,14.0,15.0,12.0,14.0,15.0,11.0,7.0,9.0,24.0,17.0,19.0,13.0,9.0,18.0,22.0,14.0,20.0,17.0,17.0,8.0
14.93,15.233333333333333,12.0,19.0,24.0,17.0,14.0,19.0,14.0,12.0,23.0,11.0,13.0,15.0,13.0,13.0,14.0,12.0,8.0,9.0,23.0,16.0,18.0,13.0,10.0,18.0,22.0,14.0,19.0,17.0,17.0,8.0
14.94,15.1,12.0,19.0,23.0,18.0,14.0,19.0,14.0,10.0,22.0,11.0,13.0,15.0,13.0,13.0,14.0,13.0,9.0,9.0,23.0,16.0,16.0,13.0,10.0,18.0,21.0,15.0,20.0,15.0,17.0,8.0
14.950000000000001,15.166666666666666,12.0,18.0,23.0,18.0,14.0,20.0,13.0,11.0,21.0,13.0,13.0,16.0,13.0,13.0,14.0,12.0,10.0,8.0,25.0,17.0,15.0,12.0,12.0,17.0,20.0,15.0,20.0,15.0,16.0,9.0
14.96,15.233333333333333,12.0,18.0,24.0,17.0,15.0,20.0,14.0,10.0,21.0,13.0,13.0,16.0,13.0,15.0,15.0,12.0,10.0,6.0,25.0,17.0,16.0,11.0,13.0,16.0,20.0,16.0,21.0,14.0,16.0,8.0
14.97,15.266666666666667,12.0,17.0,24.0,17.0,15.0,20.0,14.0,10.0,20.0,14.0,13.0,16.0,13.0,17.0,14.0,12.0,10.0,7.0,24.0,16.0,17.0,12.0,13.0,16.0,21.0,16.0,22.0,13.0,15.0,8.0
14.98,15.5,12.0,18.0,23.0,17.0,14.0,21.0,13.0,11.0,21.0,13.0,12.0,16.0,13.0,18.0,12.0,14.0,11.0,7.0,26.0,16.0,18.0,13.0,14.0,16.0,21.0,16.0,21.0,15.0,15.0,8.0
14.99,15.333333333333334,12.0,19.0,20.0,17.0,14.0,20.0,12.0,10.0,21.0,14.0,13.0,17.0,13.0,17.0,13.0,14.0,11.0,7.0,26.0,16.0,19.0,12.0,14.0,16.0,19.0,16.0,20.0,14.0,16.0,8.0
15.0,15.333333333333334,12.0,19.0,21.0,18.0,12.0,19.0,11.0,10.0,22.0,14.0,13.0,17.0,11.0,18.0,13.0,13.0,11.0,8.0,25.0,17.0,19.0,14.0,12.0,16.0,19.0,17.0,21.0,14.0,16.0,8.0
15.01,15.033333333333333,12.0,19.0,20.0,18.0,11.0,19.0,11.0,8.0,23.0,14.0,15.0,17.0,9.0,18.0,14.0,13.0,11.0,7.0,25.0,17.0,18.0,14.0,12.0,15.0,18.0,15.0,21.0,13.0,16.0,8.0
15.02,15.166666666666666,12.0,18.0,20.0,19.0,10.0,19.0,11.0,8.0,23.0,13.0,15.0,18.0,10.0,19.0,14.0,10.0,13.0,9.0,25.0,17.0,19.0,13.0,12.0,14.0,19.0,17.0,21.0,14.0,16.0,7.0
15.030000000000001,15.166666666666666,10.0,18.0,21.0,19.0,11.0,19.0,12.0,7.0,22.0,13.0,15.0,18.0,10.0,20.0,14.0,9.0,13.0,9.0,26.0,18.0,18.0,13.0,10.0,14.0,19.0,19.0,22.0,12.0,16.0,8.0
15.040000000000001,15.2,12.0,19.0,21.0,18.0,13.0,19.0,11.0,7.0,22.0,13.0,14.0,17.0,10.0,19.0,14.0,10.0,13.0,9.0,26.0,20.0,19.0,13.0,10.0,14.0,18.0,19.0,19.0,12.0,16.0,9.0
15.05,15.333333333333334,12.0,19.0,20.0,17.0,12.0,19.0,11.0,10.0,21.0,13.0,12.0,17.0,11.0,20.0,13.0,10.0,13.0,10.0,28.0,21.0,20.0,13.0,13.0,14.0,17.0,20.0,18.0,12.0,16.0,8.0
15.06,15.3,14.0,18.0,19.0,17.0,12.0,18.0,10.0,9.0,23.0,12.0,13.0,17.0,11.0,21.0,13.0,11.0,14.0,10.0,28.0,22.0,20.0,12.0,12.0,14.0,17.0,18.0,19.0,12.0,15.0,8.0
15.07,15.4,15.0,19.0,20.0,17.0,12.0,19.0,10.0,10.0,23.0,13.0,13.0,17.0,13.0,21.0,12.0,13.0,14.0,10.0,28.0,19.0,18.0,12.0,11.0,12.0,17.0,17.0,19.0,12.0,17.0,9.0
15.08,15.666666666666666,16.0,19.0,18.0,16.0,12.0,20.0,10.0,11.0,23.0,13.0,15.0,17.0,12.0,22.0,11.0,14.0,15.0,10.0,28.0,19.0,19.0,12.0,11.0,14.0,18.0,17.0,20.0,13.0,16.0,9.0
15.09,15.933333333333334,16.0,19.0,18.0,18.0,12.0,19.0,11.0,11.0,23.0,14.0,16.0,18.0,12.0,23.0,11.0,15.0,15.0,11.0,26.0,19.0,18.0,13.0,12.0,13.0,19.0,17.0,19.0,13.0,18.0,9.0
15.1,15.8,17.0,19.0,14.0,17.0,12.0,14.0,11.0,11.0,24.0,15.0,15.0,19.0,13.0,22.0,10.0,15.0,16.0,11.0,26.0,18.0,19.0,13.0,11.0,14.0,19.0,16.0,20.0,14.0,19.0,10.0
15.11,15.5,17.0,19.0,14.0,16.0,13.0,15.0,10.0,11.0,20.0,15.0,14.0,19.0,13.0,24.0,9.0,16.0,15.0,9.0,28.0,18.0,20.0,12.0,10.0,14.0,18.0,16.0,18.0,14.0,18.0,10.0
15.120000000000001,15.7,18.0,21.0,14.0,16.0,12.0,16.0,10.0,11.0,19.0,17.0,15.0,18.0,12.0,25.0,10.0,16.0,15.0,10.0,26.0,18.0,19.0,12.0,11.0,15.0,19.0,15.0,19.0,13.0,18.0,11.0
15.13,15.733333333333333,21.0,20.0,12.0,17.0,11.0,16.0,9.0,11.0,18.0,17.0,14.0,19.0,12.0,25.0,10.0,16.0,16.0,10.0,26.0,18.0,18.0,12.0,13.0,15.0,18.0,15.0,19.0,13.0,20.0,11.0
15.14,15.8,21.0,20.0,13.0,19.0,11.0,16.0,12.0,13.0,16.0,16.0,14.0,18.0,9.0,25.0,10.0,15.0,16.0,11.0,26.0,19.0,18.0,11.0,12.0,15.0,18.0,16.0,20.0,14.0,19.0,11.0
15.15,15.866666666666667,22.0,19.0,13.0,18.0,11.0,16.0,14.0,13.0,15.0,17.0,13.0,17.0,10.0,26.0,10.0,15.0,16.0,13.0,24.0,18.0,19.0,12.0,12.0,14.0,17.0,16.0,19.0,16.0,19.0,12.0
15.16,15.866666666666667,20.0,20.0,14.0,19.0,11.0,17.0,14.0,13.0,16.0,19.0,13.0,16.0,11.0,25.0,11.0,14.0,16.0,12.0,23.0,19.0,18.0,12.0,13.0,14.0,17.0,16.0,18.0,17.0,16.0,12.0
15.17,15.733333333333333,19.0,21.0,13.0,18.0,11.0,16.0,15.0,14.0,14.0,20.0,13.0,14.0,11.0,22.0,11.0,14.0,16.0,13.0,23.0,18.0,19.0,13.0,14.0,15.0,17.0,15.0,17.0,18.0,16.0,12.0
15.18,15.8,19.0,21.0,15.0,18.0,11.0,17.0,15.0,14.0,15.0,22.0,13.0,14.0,11.0,21.0,10.0,15.0,17.0,13.0,23.0,18.0,19.0,13.0,15.0,15.0,16.0,13.0,16.0,17.0,16.0,12.0
15.19,15.766666666666667,19.0,19.0,15.0,19.0,11.0,17.0,15.0,14.0,16.0,20.0,13.0,14.0,11.0,21.0,10.0,15.0,18.0,13.0,21.0,18.0,20.0,14.0,15.0,16.0,16.0,15.0,16.0,16.0,15.0,11.0
15.200000000000001,15.4,19.0,19.0,15.0,20.0,12.0,19.0,14.0,13.0,15.0,19.0,14.0,12.0,12.0,21.0,10.0,16.0,18.0,11.0,18.0,17.0,19.0,15.0,14.0,15.0,15.0,14.0,15.0,16.0,14.0,11.0
15.21,15.533333333333333,19.0,20.0,15.0,22.0,10.0,19.0,14.0,16.0,15.0,17.0,14.0,13.0,10.0,20.0,10.0,16.0,19.0,10.0,19.0,17.0,19.0,15.0,13.0,15.0,15.0,16.0,15.0,18.0,14.0,11.0
15.22,15.366666666666667,19.0,18.0,14.0,24.0,10.0,18.0,14.0,16.0,15.0,17.0,13.0,12.0,9.0,20.0,11.0,16.0,20.0,10.0,17.0,16.0,18.0,16.0,13.0,15.0,14.0,16.0,16.0,19.0,13.0,12.0
15.23,15.4,20.0,19.0,14.0,25.0,10.0,18.0,14.0,19.0,15.0,17.0,11.0,10.0,11.0,20.0,11.0,17.0,19.0,12.0,15.0,16.0,17.0,15.0,12.0,15.0,15.0,16.0,16.0,18.0,14.0,11.0
15.24,15.4,20.0,19.0,14.0,25.0,11.0,18.0,13.0,20.0,15.0,17.0,11.0,10.0,11.0,20.0,11.0,17.0,19.0,12.0,16.0,15.0,18.0,15.0,13.0,16.0,15.0,16.0,14.0,18.0,12.0,11.0
15.25,15.5,20.0,19.0,15.0,25.0,11.0,20.0,15.0,19.0,16.0,17.0,10.0,10.0,10.0,21.0,10.0,16.0,18.0,14.0,16.0,15.0,19.0,17.0,14.0,16.0,15.0,16.0,13.0,15.0,12.0,11.0
15.26,15.466666666666667,21.0,17.0,15.0,23.0,11.0,20.0,14.0,17.0,15.0,18.0,10.0,10.0,12.0,24.0,13.0,17.0,18.0,14.0,15.0,16.0,18.0,18.0,14.0,16.0,14.0,14.0,13.0,15.0,11.0,11.0
15.27,15.766666666666667,22.0,17.0,14.0,22.0,11.0,20.0,15.0,17.0,15.0,19.0,10.0,11.0,12.0,24.0,15.0,17.0,19.0,14.0,15.0,17.0,18.0,18.0,17.0,16.0,14.0,14.0,14.0,13.0,11.0,12.0
15.280000000000001,15.6,23.0,15.0,14.0,20.0,11.0,18.0,15.0,18.0,15.0,19.0,11.0,10.0,12.0,24.0,15.0,15.0,18.0,14.0,14.0,18.0,19.0,18.0,16.0,16.0,14.0,15.0,15.0,13.0,11.0,12.0
15.290000000000001,15.8,24.0,14.0,14.0,19.0,12.0,18.0,16.0,19.0,15.0,18.0,11.0,10.0,12.0,24.0,16.0,15.0,18.0,13.0,15.0,18.0,19.0,18.0,16.0,16.0,15.0,16.0,16.0,12.0,13.0,12.0
15.3,15.533333333333333,24.0,14.0,14.0,20.0,13.0,19.0,16.0,18.0,14.0,19.0,11.0,12.0,12.0,23.0,17.0,13.0,16.0,13.0,14.0,18.0,18.0,17.0,16.0,17.0,15.0,13.0,14.0,11.0,13.0,12.0
15.31,15.5,24.0,13.0,14.0,20.0,12.0,20.0,18.0,17.0,14.0,19.0,10.0,13.0,12.0,21.0,18.0,13.0,16.0,14.0,14.0,17.0,17.0,17.0,17.0,15.0,15.0,14.0,16.0,11.0,12.0,12.0
15.32,15.833333333333334,21.0,13.0,14.0,22.0,12.0,21.0,21.0,18.0,13.0,18.0,11.0,13.0,14.0,24.0,19.0,11.0,17.0,14.0,14.0,17.0,16.0,18.0,16.0,15.0,15.0,15.0,17.0,11.0,12.0,13.0
15.33,15.9,22.0,13.0,14.0,23.0,12.0,19.0,21.0,19.0,13.0,18.0,12.0,13.0,14.0,23.0,20.0,12.0,19.0,16.0,14.0,18.0,16.0,18.0,18.0,12.0,14.0,13.0,18.0,10.0,11.0,12.0
15.34,16.166666666666668,22.0,12.0,13.0,23.0,13.0,19.0,22.0,19.0,14.0,19.0,12.0,13.0,13.0,24.0,20.0,13.0,19.0,14.0,15.0,18.0,16.0,18.0,18.0,11.0,14.0,13.0,19.0,11.0,12.0,16.0
15.35,16.333333333333332,24.0,13.0,12.0,23.0,12.0,19.0,22.0,18.0,13.0,20.0,11.0,15.0,15.0,24.0,20.0,13.0,20.0,16.0,16.0,19.0,12.0,18.0,19.0,10.0,14.0,13.0,19.0,11.0,13.0,16.0
15.36,16.133333333333333,24.0,12.0,11.0,22.0,13.0,19.0,23.0,18.0,13.0,18.0,11.0,15.0,16.0,24.0,19.0,13.0,19.0,15.0,17.0,20.0,13.0,16.0,17.0,9.0,14.0,13.0,19.0,11.0,13.0,17.0
15.370000000000001,15.833333333333334,23.0,13.0,11.0,21.0,12.0,20.0,20.0,17.0,12.0,17.0,11.0,16.0,17.0,25.0,19.0,14.0,19.0,15.0,17.0,19.0,13.0,16.0,17.0,9.0,14.0,12.0,16.0,11.0,13.0,16.0
15.38,15.966666666666667,23.0,13.0,12.0,22.0,12.0,20.0,20.0,17.0,12.0,18.0,10.0,17.0,18.0,23.0,19.0,16.0,18.0,15.0,16.0,18.0,13.0,18.0,17.0,9.0,16.0,11.0,16.0,12.0,13.0,15.0
15.39,16.333333333333332,24.0,13.0,12.0,22.0,15.0,21.0,20.0,17.0,13.0,19.0,9.0,16.0,18.0,23.0,20.0,15.0,21.0,14.0,16.0,19.0,13.0,18.0,19.0,9.0,17.0,12.0,17.0,14.0,10.0,14.0
15.4,16.2,24.0,12.0,12.0,21.0,14.0,21.0,18.0,18.0,12.0,18.0,10.0,15.0,20.0,21.0,20.0,15.0,21.0,12.0,16.0,22.0,13.0,18.0,18.0,9.0,16.0,12.0,17.0,16.0,11.0,14.0
15.41,16.233333333333334,24.0,12.0,13.0,21.0,14.0,21.0,18.0,18.0,11.0,18.0,10.0,15.0,21.0,18.0,20.0,15.0,20.0,12.0,16.0,20.0,13.0,19.0,18.0,9.0,16.0,12.0,21.0,16.0,11.0,15.0
15.42,16.166666666666668,24.0,11.0,13.0,21.0,14.0,19.0,18.0,17.0,12.0,19.0,11.0,16.0,21.0,17.0,19.0,13.0,18.0,13.0,15.0,22.0,13.0,19.0,17.0,10.0,17.0,12.0,21.0,16.0,11.0,16.0
15.43,15.833333333333334,24.0,11.0,13.0,20.0,14.0,19.0,18.0,17.0,12.0,18.0,11.0,15.0,22.0,17.0,17.0,13.0,19.0,14.0,15.0,21.0,11.0,19.0,17.0,10.0,16.0,12.0,21.0,14.0,10.0,15.0
15.44,15.933333333333334,23.0,12.0,12.0,20.0,14.0,18.0,18.0,16.0,13.0,20.0,11.0,15.0,24.0,16.0,19.0,12.0,19.0,13.0,15.0,20.0,12.0,20.0,18.0,12.0,16.0,11.0,21.0,14.0,9.0,15.0
15.450000000000001,16.166666666666668,23.0,12.0,12.0,20.0,15.0,19.0,17.0,16.0,13.0,20.0,12.0,14.0,25.0,16.0,19.0,12.0,18.0,13.0,15.0,20.0,13.0,21.0,19.0,13.0,15.0,12.0,20.0,16.0,10.0,15.0
15.46,16.6,24.0,12.0,12.0,19.0,17.0,21.0,18.0,16.0,14.0,20.0,12.0,13.0,26.0,15.0,20.0,13.0,19.0,14.0,15.0,19.0,14.0,20.0,18.0,13.0,16.0,13.0,22.0,18.0,10.0,15.0
15.47,16.633333333333333,27.0,10.0,12.0,19.0,18.0,22.0,19.0,15.0,13.0,18.0,11.0,12.0,25.0,16.0,20.0,13.0,19.0,15.0,17.0,19.0,15.0,20.0,18.0,15.0,16.0,12.0,21.0,18.0,10.0,14.0
15.48,16.5,27.0,9.0,12.0,16.0,18.0,21.0,20.0,14.0,12.0,18.0,11.0,13.0,23.0,17.0,21.0,12.0,18.0,16.0,18.0,19.0,16.0,19.0,19.0,14.0,16.0,11.0,20.0,18.0,12.0,15.0
15.49,16.4,27.0,10.0,13.0,16.0,18.0,19.0,21.0,15.0,12.0,16.0,10.0,13.0,22.0,17.0,21.0,11.0,18.0,16.0,18.0,21.0,15.0,19.0,19.0,15.0,16.0,10.0,19.0,17.0,13.0,15.0
15.5,16.333333333333332,26.0,11.0,12.0,17.0,18.0,19.0,22.0,15.0,12.0,18.0,9.0,13.0,22.0,17.0,22.0,11.0,17.0,15.0,16.0,21.0,15.0,19.0,18.0,15.0,16.0,10.0,16.0,19.0,14.0,15.0
15.51,16.266666666666666,24.0,10.0,12.0,13.0,17.0,19.0,22.0,15.0,12.0,18.0,10.0,13.0,24.0,18.0,22.0,12.0,16.0,15.0,14.0,22.0,18.0,20.0,19.0,16.0,16.0,11.0,14.0,19.0,13.0,14.0
15.52,16.1,23.0,10.0,10.0,13.0,17.0,19.0,21.0,16.0,13.0,18.0,11.0,12.0,25.0,17.0,24.0,12.0,17.0,14.0,14.0,22.0,16.0,20.0,20.0,16.0,17.0,10.0,12.0,18.0,13.0,13.0
15.530000000000001,16.333333333333332,22.0,10.0,11.0,13.0,16.0,19.0,21.0,19.0,13.0,18.0,12.0,12.0,26.0,17.0,26.0,12.0,17.0,14.0,15.0,22.0,16.0,20.0,19.0,16.0,17.0,10.0,13.0,17.0,14.0,13.0
15.540000000000001,16.133333333333333,20.0,10.0,10.0,14.0,16.0,17.0,21.0,18.0,13.0,17.0,12.0,13.0,25.0,17.0,26.0,12.0,18.0,14.0,14.0,21.0,17.0,20.0,20.0,15.0,17.0,10.0,13.0,16.0,14.0,14.0
15.55,15.733333333333333,19.0,8.0,10.0,15.0,16.0,17.0,21.0,19.0,15.0,19.0,11.0,13.0,24.0,16.0,23.0,12.0,17.0,14.0,13.0,20.0,16.0,18.0,20.0,15.0,14.0,10.0,13.0,16.0,14.0,14.0
15.56,15.566666666666666,18.0,9.0,10.0,14.0,17.0,18.0,19.0,19.0,16.0,18.0,11.0,12.0,24.0,16.0,24.0,11.0,19.0,13.0,13.0,17.0,15.0,19.0,19.0,15.0,14.0,10.0,13.0,17.0,14.0,13.0
15.57,15.533333333333333,17.0,11.0,10.0,13.0,17.0,18.0,20.0,19.0,16.0,18.0,12.0,13.0,23.0,16.0,24.0,12.0,21.0,12.0,13.0,18.0,16.0,19.0,19.0,13.0,13.0,10.0,12.0,15.0,12.0,14.0
15.58,15.566666666666666,17.0,12.0,11.0,13.0,17.0,16.0,20.0,19.0,18.0,19.0,12.0,13.0,22.0,16.0,24.0,13.0,21.0,12.0,13.0,17.0,15.0,19.0,19.0,13.0,12.0,11.0,12.0,15.0,12.0,14.0
15.59,15.733333333333333,18.0,14.0,11.0,12.0,17.0,16.0,19.0,20.0,18.0,16.0,15.0,12.0,21.0,16.0,24.0,14.0,21.0,13.0,13.0,17.0,14.0,19.0,20.0,15.0,13.0,13.0,14.0,11.0,12.0,14.0
15.6,15.666666666666666,18.0,14.0,10.0,12.0,16.0,15.0,21.0,20.0,20.0,17.0,15.0,11.0,22.0,18.0,22.0,13.0,19.0,13.0,12.0,18.0,16.0,19.0,21.0,13.0,13.0,14.0,14.0,10.0,11.0,13.0
15.610000000000001,15.833333333333334,18.0,13.0,10.0,13.0,17.0,13.0,22.0,20.0,20.0,19.0,15.0,11.0,22.0,20.0,20.0,12.0,18.0,13.0,12.0,21.0,16.0,18.0,21.0,13.0,13.0,18.0,13.0,9.0,11.0,14.0
15.620000000000001,15.833333333333334,16.0,14.0,10.0,13.0,19.0,13.0,19.0,22.0,20.0,19.0,15.0,9.0,22.0,20.0,20.0,14.0,18.0,14.0,12.0,22.0,16.0,17.0,21.0,12.0,13.0,18.0,14.0,9.0,11.0,13.0
15.63,15.8,17.0,14.0,9.0,13.0,19.0,13.0,21.0,23.0,21.0,20.0,15.0,8.0,20.0,20.0,21.0,14.0,16.0,14.0,11.0,21.0,15.0,17.0,21.0,11.0,12.0,20.0,14.0,10.0,11.0,13.0
15.64,15.8,16.0,14.0,10.0,13.0,18.0,14.0,21.0,21.0,21.0,20.0,14.0,9.0,18.0,20.0,22.0,15.0,16.0,14.0,12.0,18.0,13.0,18.0,21.0,12.0,13.0,19.0,14.0,10.0,12.0,16.0
15.65,15.966666666666667,17.0,15.0,9.0,13.0,17.0,14.0,23.0,20.0,21.0,20.0,16.0,11.0,18.0,22.0,22.0,15.0,16.0,14.0,13.0,18.0,12.0,17.0,20.0,12.0,13.0,18.0,15.0,10.0,12.0,16.0
15.66,16.266666666666666,19.0,15.0,9.0,14.0,16.0,15.0,24.0,19.0,20.0,21.0,16.0,13.0,18.0,22.0,20.0,15.0,17.0,14.0,13.0,18.0,13.0,17.0,22.0,13.0,15.0,18.0,15.0,9.0,12.0,16.0
15.67,16.033333333333335,18.0,14.0,10.0,13.0,15.0,15.0,24.0,16.0,20.0,21.0,17.0,14.0,18.0,22.0,20.0,16.0,16.0,13.0,13.0,18.0,13.0,16.0,23.0,13.0,16.0,18.0,13.0,9.0,11.0,16.0
15.68,16.066666666666666,19.0,15.0,11.0,13.0,15.0,12.0,22.0,15.0,20.0,21.0,16.0,14.0,17.0,22.0,20.0,16.0,17.0,15.0,15.0,17.0,14.0,16.0,23.0,12.0,15.0,17.0,14.0,9.0,13.0,17.0
15.69,15.666666666666666,18.0,14.0,10.0,13.0,15.0,12.0,21.0,15.0,21.0,22.0,16.0,13.0,17.0,19.0,19.0,18.0,16.0,14.0,15.0,19.0,15.0,15.0,18.0,11.0,15.0,16.0,14.0,9.0,13.0,17.0
15.700000000000001,15.6,18.0,14.0,11.0,13.0,14.0,11.0,21.0,15.0,22.0,23.0,16.0,13.0,17.0,18.0,19.0,17.0,16.0,13.0,15.0,20.0,15.0,15.0,16.0,12.0,15.0,17.0,15.0,11.0,9.0,17.0
15.71,15.566666666666666,17.0,15.0,11.0,15.0,14.0,11.0,22.0,15.0,20.0,23.0,16.0,12.0,17.0,17.0,18.0,16.0,16.0,14.0,15.0,18.0,14.0,15.0,15.0,14.0,16.0,18.0,15.0,11.0,9.0,18.0
15.72,15.4,17.0,15.0,13.0,16.0,13.0,10.0,22.0,14.0,19.0,21.0,15.0,11.0,17.0,18.0,21.0,15.0,16.0,14.0,16.0,18.0,14.0,14.0,17.0,12.0,15.0,18.0,15.0,11.0,9.0,16.0
15.73,15.666666666666666,16.0,16.0,14.0,16.0,13.0,10.0,23.0,15.0,20.0,21.0,13.0,12.0,17.0,19.0,20.0,17.0,17.0,14.0,16.0,17.0,15.0,14.0,16.0,13.0,16.0,18.0,15.0,11.0,8.0,18.0
15.74,15.833333333333334,17.0,18.0,14.0,16.0,13.0,13.0,23.0,15.0,20.0,21.0,13.0,13.0,17.0,17.0,19.0,17.0,16.0,17.0,16.0,17.0,15.0,13.0,13.0,15.0,15.0,18.0,16.0,10.0,10.0,18.0
15.75,15.9,16.0,20.0,13.0,17.0,13.0,13.0,22.0,15.0,20.0,21.0,13.0,13.0,17.0,17.0,20.0,17.0,16.0,15.0,16.0,18.0,15.0,14.0,13.0,14.0,14.0,18.0,18.0,11.0,10.0,18.0
15.76,15.966666666666667,18.0,22.0,13.0,18.0,14.0,14.0,22.0,15.0,21.0,21.0,13.0,14.0,16.0,17.0,21.0,16.0,17.0,16.0,16.0,17.0,13.0,14.0,14.0,13.0,13.0,16.0,18.0,11.0,9.0,17.0
15.77,16.366666666666667,17.0,22.0,12.0,19.0,15.0,14.0,23.0,16.0,19.0,23.0,13.0,18.0,16.0,18.0,21.0,16.0,17.0,17.0,17.0,17.0,13.0,14.0,14.0,14.0,12.0,16.0,18.0,10.0,11.0,19.0
15.780000000000001,16.6,17.0,22.0,14.0,19.0,15.0,14.0,21.0,18.0,19.0,21.0,14.0,19.0,16.0,16.0,20.0,18.0,17.0,19.0,18.0,16.0,13.0,14.0,16.0,14.0,13.0,16.0,18.0,10.0,11.0,20.0
15.790000000000001,16.433333333333334,18.0,21.0,15.0,17.0,14.0,14.0,21.0,18.0,19.0,21.0,13.0,20.0,17.0,16.0,19.0,16.0,17.0,19.0,18.0,16.0,15.0,12.0,16.0,15.0,13.0,15.0,18.0,10.0,11.0,19.0
15.8,16.9,18.0,21.0,15.0,17.0,14.0,15.0,21.0,19.0,20.0,21.0,14.0,21.0,19.0,17.0,21.0,18.0,18.0,20.0,17.0,17.0,12.0,13.0,17.0,15.0,13.0,15.0,18.0,11.0,10.0,20.0
15.81,17.1,18.0,21.0,15.0,19.0,13.0,16.0,22.0,18.0,19.0,20.0,14.0,21.0,19.0,18.0,21.0,18.0,17.0,20.0,17.0,16.0,13.0,13.0,17.0,17.0,12.0,15.0,20.0,11.0,10.0,23.0
15.82,17.1,20.0,23.0,16.0,18.0,13.0,16.0,22.0,17.0,18.0,20.0,15.0,21.0,19.0,18.0,20.0,18.0,17.0,20.0,17.0,17.0,13.0,13.0,16.0,16.0,11.0,14.0,20.0,11.0,10.0,24.0
15.83,17.2,21.0,22.0,16.0,18.0,13.0,15.0,24.0,19.0,18.0,21.0,13.0,20.0,18.0,18.0,20.0,18.0,19.0,18.0,17.0,17.0,14.0,14.0,17.0,15.0,11.0,13.0,22.0,10.0,11.0,24.0
15.84,17.266666666666666,19.0,23.0,15.0,19.0,12.0,16.0,23.0,20.0,16.0,21.0,13.0,20.0,17.0,18.0,19.0,18.0,20.0,18.0,18.0,19.0,14.0,14.0,17.0,15.0,11.0,14.0,23.0,10.0,12.0,24.0
15.85,17.533333333333335,20.0,23.0,14.0,19.0,14.0,17.0,23.0,20.0,17.0,20.0,13.0,20.0,17.0,16.0,23.0,18.0,22.0,18.0,18.0,21.0,14.0,14.0,18.0,15.0,10.0,13.0,23.0,9.0,13.0,24.0
15.860000000000001,17.533333333333335,20.0,24.0,14.0,19.0,14.0,18.0,21.0,23.0,17.0,20.0,13.0,18.0,18.0,16.0,22.0,20.0,22.0,18.0,17.0,20.0,13.0,12.0,18.0,16.0,13.0,12.0,22.0,11.0,13.0,22.0
15.870000000000001,17.533333333333335,22.0,25.0,13.0,16.0,15.0,19.0,21.0,24.0,17.0,20.0,13.0,20.0,17.0,17.0,22.0,19.0,22.0,16.0,17.0,19.0,14.0,11.0,20.0,17.0,13.0,12.0,22.0,10.0,11.0,22.0
15.88,17.666666666666668,21.0,24.0,12.0,16.0,14.0,21.0,24.0,23.0,17.0,21.0,12.0,21.0,18.0,17.0,21.0,19.0,23.0,17.0,16.0,18.0,14.0,11.0,21.0,19.0,14.0,11.0,23.0,10.0,11.0,21.0
15.89,18.066666666666666,22.0,24.0,12.0,17.0,13.0,23.0,25.0,24.0,16.0,21.0,12.0,22.0,19.0,17.0,22.0,23.0,24.0,15.0,16.0,19.0,14.0,11.0,22.0,19.0,13.0,12.0,24.0,10.0,10.0,21.0
15.9,17.766666666666666,22.0,22.0,13.0,17.0,12.0,22.0,24.0,24.0,18.0,20.0,11.0,21.0,19.0,16.0,21.0,24.0,25.0,15.0,16.0,19.0,15.0,12.0,21.0,18.0,12.0,10.0,24.0,10.0,10.0,20.0
15.91,18.133333333333333,22.0,22.0,13.0,17.0,13.0,23.0,24.0,25.0,17.0,20.0,11.0,19.0,20.0,17.0,21.0,23.0,23.0,15.0,16.0,23.0,16.0,12.0,23.0,18.0,14.0,11.0,25.0,11.0,9.0,21.0
15.92,18.1,19.0,23.0,14.0,15.0,13.0,22.0,26.0,25.0,16.0,19.0,12.0,19.0,22.0,16.0,21.0,22.0,23.0,15.0,16.0,24.0,17.0,13.0,21.0,18.0,16.0,10.0,25.0,12.0,9.0,20.0
15.93,18.166666666666668,20.0,22.0,13.0,17.0,13.0,21.0,26.0,25.0,16.0,19.0,13.0,18.0,25.0,16.0,20.0,22.0,23.0,17.0,16.0,24.0,17.0,12.0,20.0,18.0,17.0,9.0,26.0,12.0,9.0,19.0
15.94,18.0,22.0,18.0,14.0,17.0,13.0,21.0,26.0,25.0,15.0,19.0,13.0,18.0,25.0,16.0,21.0,22.0,24.0,17.0,17.0,23.0,15.0,11.0,20.0,17.0,18.0,8.0,26.0,12.0,9.0,18.0
15.950000000000001,18.466666666666665,23.0,18.0,16.0,17.0,12.0,21.0,24.0,26.0,15.0,21.0,13.0,17.0,24.0,16.0,24.0,22.0,25.0,20.0,19.0,25.0,17.0,12.0,20.0,17.0,18.0,8.0,26.0,12.0,10.0,16.0
15.96,18.366666666666667,23.0,17.0,16.0,17.0,12.0,21.0,25.0,24.0,16.0,22.0,13.0,17.0,24.0,16.0,24.0,22.0,27.0,19.0,18.0,27.0,17.0,13.0,17.0,16.0,16.0,8.0,27.0,12.0,10.0,15.0
15.97,18.3,23.0,17.0,17.0,17.0,12.0,22.0,26.0,24.0,17.0,22.0,13.0,17.0,22.0,15.0,23.0,21.0,28.0,19.0,17.0,28.0,18.0,13.0,16.0,15.0,16.0,8.0,25.0,13.0,10.0,15.0
15.98,18.566666666666666,25.0,16.0,16.0,18.0,14.0,23.0,26.0,22.0,16.0,22.0,14.0,19.0,23.0,14.0,23.0,22.0,29.0,19.0,17.0,28.0,17.0,15.0,17.0,15.0,16.0,8.0,25.0,14.0,10.0,14.0
15.99,18.333333333333332,27.0,13.0,16.0,18.0,15.0,24.0,23.0,20.0,16.0,21.0,14.0,21.0,22.0,14.0,22.0,22.0,28.0,18.0,18.0,24.0,17.0,15.0,17.0,16.0,16.0,8.0,24.0,14.0,10.0,17.0
16.0,18.3,27.0,12.0,16.0,16.0,15.0,24.0,21.0,20.0,14.0,19.0,15.0,23.0,21.0,14.0,21.0,22.0,29.0,20.0,21.0,23.0,17.0,15.0,17.0,17.0,16.0,8.0,22.0,15.0,11.0,18.0
16.01,18.166666666666668,26.0,12.0,16.0,14.0,17.0,24.0,20.0,19.0,14.0,17.0,14.0,23.0,21.0,15.0,19.0,21.0,26.0,20.0,24.0,23.0,17.0,16.0,19.0,18.0,16.0,7.0,22.0,16.0,11.0,18.0
16.02,18.1,22.0,12.0,16.0,14.0,17.0,24.0,20.0,18.0,12.0,18.0,14.0,23.0,21.0,16.0,19.0,21.0,27.0,20.0,25.0,23.0,17.0,17.0,19.0,19.0,17.0,6.0,23.0,16.0,9.0,18.0
16.03,18.366666666666667,22.0,13.0,15.0,14.0,17.0,25.0,21.0,18.0,12.0,19.0,14.0,23.0,21.0,16.0,19.0,21.0,26.0,20.0,28.0,22.0,17.0,17.0,19.0,20.0,18.0,6.0,23.0,16.0,10.0,19.0
16.04,18.666666666666668,24.0,13.0,15.0,14.0,18.0,26.0,22.0,20.0,11.0,18.0,14.0,24.0,21.0,15.0,19.0,20.0,27.0,20.0,30.0,22.0,17.0,18.0,16.0,20.0,19.0,7.0,23.0,16.0,12.0,19.0
16.05,18.7,25.0,13.0,15.0,13.0,21.0,26.0,23.0,20.0,11.0,18.0,13.0,24.0,19.0,16.0,18.0,19.0,25.0,20.0,29.0,20.0,17.0,18.0,16.0,23.0,16.0,8.0,25.0,16.0,13.0,21.0
16.06,18.733333333333334,24.0,12.0,16.0,12.0,20.0,24.0,21.0,20.0,12.0,18.0,14.0,24.0,21.0,17.0,17.0,20.0,25.0,20.0,28.0,21.0,17.0,18.0,15.0,23.0,15.0,8.0,26.0,18.0,15.0,21.0
16.07,18.9,23.0,12.0,16.0,13.0,21.0,26.0,22.0,20.0,14.0,17.0,14.0,24.0,20.0,17.0,17.0,19.0,25.0,18.0,28.0,21.0,17.0,18.0,16.0,21.0,16.0,9.0,26.0,22.0,15.0,20.0
16.080000000000002,18.933333333333334,23.0,10.0,16.0,11.0,21.0,24.0,22.0,21.0,15.0,16.0,18.0,24.0,21.0,15.0,16.0,19.0,26.0,20.0,28.0,20.0,18.0,20.0,16.0,22.0,17.0,10.0,25.0,20.0,15.0,19.0
16.09,18.833333333333332,23.0,12.0,15.0,11.0,20.0,23.0,21.0,21.0,15.0,15.0,21.0,24.0,20.0,15.0,16.0,19.0,25.0,21.0,27.0,20.0,18.0,19.0,16.0,22.0,17.0,10.0,25.0,21.0,15.0,18.0
16.1,18.633333333333333,24.0,11.0,14.0,12.0,20.0,24.0,22.0,21.0,16.0,15.0,20.0,23.0,20.0,16.0,16.0,18.0,24.0,21.0,26.0,20.0,19.0,15.0,16.0,19.0,15.0,11.0,26.0,21.0,16.0,18.0
16.11,18.433333333333334,23.0,14.0,13.0,11.0,20.0,21.0,22.0,23.0,15.0,14.0,20.0,21.0,21.0,15.0,16.0,17.0,23.0,21.0,26.0,21.0,21.0,15.0,16.0,18.0,16.0,11.0,25.0,21.0,16.0,17.0
16.12,18.633333333333333,21.0,17.0,13.0,12.0,20.0,20.0,22.0,25.0,14.0,17.0,20.0,20.0,20.0,19.0,16.0,16.0,23.0,23.0,27.0,21.0,20.0,14.0,15.0,18.0,16.0,11.0,23.0,21.0,18.0,17.0
16.13,18.6,21.0,18.0,12.0,13.0,20.0,22.0,21.0,24.0,14.0,18.0,19.0,20.0,20.0,20.0,16.0,18.0,22.0,25.0,28.0,19.0,19.0,14.0,16.0,17.0,15.0,10.0,22.0,21.0,18.0,16.0
16.14,18.4,22.0,18.0,14.0,15.0,19.0,20.0,19.0,24.0,14.0,17.0,18.0,19.0,21.0,19.0,16.0,18.0,20.0,25.0,29.0,20.0,18.0,14.0,14.0,17.0,14.0,11.0,22.0,22.0,17.0,16.0
16.15,18.533333333333335,23.0,18.0,13.0,14.0,20.0,21.0,22.0,24.0,14.0,17.0,19.0,19.0,19.0,22.0,17.0,18.0,19.0,23.0,29.0,23.0,19.0,14.0,15.0,15.0,14.0,9.0,23.0,20.0,17.0,16.0
16.16,18.6,22.0,17.0,12.0,15.0,20.0,20.0,21.0,24.0,14.0,18.0,19.0,18.0,19.0,25.0,18.0,18.0,18.0,21.0,30.0,24.0,20.0,15.0,15.0,14.0,14.0,11.0,20.0,20.0,19.0,17.0
16.17,18.433333333333334,22.0,18.0,11.0,14.0,21.0,20.0,21.0,23.0,12.0,18.0,19.0,19.0,20.0,25.0,19.0,18.0,18.0,19.0,30.0,23.0,20.0,15.0,15.0,14.0,15.0,12.0,18.0,19.0,20.0,15.0
16.18,18.6,22.0,18.0,11.0,14.0,22.0,22.0,20.0,23.0,12.0,19.0,19.0,19.0,21.0,24.0,18.0,19.0,16.0,19.0,29.0,23.0,19.0,16.0,17.0,14.0,16.0,12.0,18.0,18.0,20.0,18.0
16.19,18.666666666666668,22.0,18.0,12.0,13.0,23.0,21.0,19.0,23.0,13.0,20.0,18.0,19.0,21.0,25.0,18.0,20.0,15.0,18.0,29.0,24.0,19.0,16.0,17.0,14.0,16.0,12.0,17.0,18.0,21.0,19.0
16.2,18.433333333333334,20.0,18.0,13.0,12.0,24.0,21.0,18.0,22.0,13.0,21.0,18.0,18.0,20.0,24.0,18.0,19.0,16.0,17.0,26.0,25.0,21.0,15.0,19.0,12.0,16.0,12.0,17.0,18.0,21.0,19.0
16.21,18.2,21.0,16.0,12.0,12.0,24.0,21.0,17.0,21.0,14.0,22.0,18.0,18.0,19.0,23.0,18.0,18.0,16.0,18.0,21.0,25.0,20.0,15.0,19.0,12.0,16.0,13.0,18.0,20.0,21.0,18.0
16.22,18.2,22.0,16.0,12.0,12.0,24.0,21.0,16.0,20.0,16.0,22.0,17.0,17.0,18.0,24.0,18.0,18.0,15.0,18.0,22.0,25.0,20.0,16.0,19.0,12.0,17.0,14.0,17.0,19.0,21.0,18.0
16.23,18.033333333333335,23.0,16.0,13.0,12.0,23.0,21.0,18.0,18.0,17.0,21.0,15.0,18.0,17.0,26.0,18.0,19.0,14.0,17.0,21.0,25.0,20.0,16.0,18.0,11.0,18.0,14.0,17.0,18.0,20.0,17.0
16.240000000000002,18.3,23.0,15.0,13.0,13.0,24.0,19.0,16.0,19.0,18.0,21.0,15.0,17.0,17.0,27.0,19.0,20.0,14.0,19.0,21.0,25.0,22.0,17.0,19.0,12.0,17.0,13.0,17.0,17.0,21.0,19.0
16.25,18.3,20.0,15.0,14.0,15.0,22.0,18.0,15.0,16.0,18.0,24.0,15.0,15.0,17.0,28.0,21.0,20.0,14.0,17.0,21.0,24.0,23.0,17.0,19.0,14.0,14.0,14.0,18.0,21.0,20.0,20.0
16.26,18.233333333333334,20.0,16.0,13.0,16.0,22.0,18.0,15.0,15.0,18.0,23.0,16.0,15.0,17.0,26.0,21.0,21.0,14.0,17.0,20.0,23.0,24.0,17.0,19.0,14.0,14.0,14.0,20.0,22.0,20.0,17.0
16.27,18.066666666666666,20.0,16.0,13.0,15.0,20.0,17.0,15.0,14.0,17.0,24.0,17.0,13.0,17.0,26.0,21.0,19.0,15.0,18.0,21.0,23.0,24.0,17.0,19.0,14.0,13.0,14.0,20.0,22.0,21.0,17.0
16.28,18.033333333333335,20.0,15.0,13.0,16.0,19.0,17.0,14.0,13.0,16.0,24.0,18.0,13.0,19.0,26.0,21.0,19.0,15.0,18.0,20.0,25.0,24.0,17.0,19.0,14.0,12.0,14.0,19.0,22.0,22.0,17.0
16.29,18.3,20.0,17.0,14.0,15.0,18.0,16.0,18.0,15.0,16.0,22.0,19.0,13.0,20.0,25.0,21.0,19.0,15.0,20.0,19.0,26.0,24.0,18.0,19.0,13.0,13.0,14.0,19.0,20.0,24.0,17.0
16.3,18.466666666666665,22.0,18.0,13.0,16.0,19.0,16.0,17.0,15.0,18.0,21.0,20.0,13.0,21.0,24.0,23.0,17.0,17.0,22.0,18.0,25.0,24.0,18.0,20.0,12.0,14.0,12.0,19.0,20.0,24.0,16.0
16.31,18.533333333333335,22.0,18.0,11.0,15.0,20.0,17.0,17.0,15.0,18.0,22.0,19.0,14.0,21.0,22.0,23.0,14.0,19.0,21.0,18.0,24.0,24.0,20.0,21.0,12.0,12.0,16.0,20.0,22.0,23.0,16.0
16.32,18.533333333333335,21.0,18.0,11.0,14.0,20.0,16.0,18.0,16.0,17.0,21.0,19.0,15.0,20.0,21.0,25.0,15.0,19.0,21.0,20.0,24.0,24.0,20.0,20.0,12.0,11.0,15.0,21.0,23.0,23.0,16.0
16.330000000000002,18.733333333333334,22.0,18.0,12.0,15.0,18.0,16.0,18.0,15.0,20.0,22.0,18.0,16.0,22.0,21.0,25.0,14.0,20.0,21.0,22.0,25.0,23.0,19.0,20.0,13.0,11.0,15.0,19.0,22.0,24.0,16.0
16.34,18.633333333333333,21.0,18.0,11.0,14.0,18.0,17.0,18.0,15.0,21.0,22.0,19.0,16.0,23.0,22.0,23.0,15.0,17.0,21.0,22.0,24.0,23.0,19.0,20.0,13.0,12.0,15.0,19.0,21.0,23.0,17.0
16.35,18.333333333333332,22.0,18.0,11.0,15.0,16.0,13.0,18.0,15.0,20.0,22.0,18.0,16.0,24.0,22.0,24.0,12.0,15.0,19.0,22.0,23.0,21.0,18.0,21.0,14.0,11.0,16.0,21.0,22.0,24.0,17.0
16.36,18.533333333333335,23.0,18.0,11.0,15.0,16.0,13.0,19.0,16.0,19.0,24.0,19.0,16.0,25.0,24.0,22.0,13.0,15.0,16.0,22.0,23.0,22.0,18.0,23.0,13.0,11.0,16.0,21.0,21.0,25.0,17.0
16.37,18.633333333333333,25.0,20.0,10.0,15.0,15.0,13.0,18.0,17.0,20.0,25.0,20.0,18.0,21.0,26.0,24.0,13.0,15.0,15.0,20.0,24.0,22.0,18.0,23.0,13.0,11.0,17.0,21.0,21.0,23.0,16.0
16.38,18.566666666666666,26.0,20.0,10.0,14.0,16.0,13.0,19.0,17.0,20.0,25.0,20.0,17.0,19.0,25.0,23.0,13.0,16.0,15.0,20.0,25.0,21.0,19.0,23.0,14.0,10.0,15.0,21.0,22.0,23.0,16.0
16.39,18.433333333333334,26.0,20.0,10.0,14.0,16.0,12.0,19.0,17.0,20.0,25.0,19.0,17.0,18.0,26.0,23.0,13.0,15.0,15.0,22.0,23.0,21.0,18.0,24.0,15.0,11.0,14.0,21.0,21.0,22.0,16.0
16.4,18.266666666666666,27.0,22.0,10.0,13.0,17.0,10.0,21.0,16.0,20.0,24.0,19.0,17.0,19.0,24.0,21.0,15.0,14.0,13.0,23.0,23.0,21.0,19.0,24.0,14.0,11.0,15.0,21.0,21.0,20.0,14.0
16.41,18.333333333333332,28.0,22.0,14.0,13.0,17.0,12.0,20.0,16.0,21.0,24.0,20.0,17.0,18.0,22.0,20.0,16.0,17.0,11.0,23.0,19.0,20.0,18.0,24.0,14.0,12.0,14.0,22.0,21.0,19.0,16.0
16.42,18.266666666666666,28.0,23.0,13.0,16.0,19.0,13.0,21.0,14.0,20.0,22.0,23.0,17.0,16.0,21.0,19.0,16.0,17.0,9.0,23.0,18.0,20.0,18.0,25.0,13.0,12.0,15.0,21.0,22.0,18.0,16.0
16.43,18.2,29.0,23.0,13.0,17.0,17.0,13.0,20.0,18.0,20.0,20.0,23.0,20.0,15.0,22.0,20.0,15.0,17.0,10.0,20.0,18.0,20.0,18.0,25.0,13.0,12.0,15.0,20.0,21.0,17.0,15.0
16.44,18.633333333333333,28.0,22.0,12.0,18.0,16.0,13.0,20.0,19.0,23.0,21.0,24.0,21.0,16.0,22.0,20.0,17.0,18.0,12.0,19.0,18.0,21.0,19.0,22.0,16.0,12.0,16.0,22.0,22.0,17.0,13.0
16.45,18.866666666666667,28.0,22.0,12.0,20.0,16.0,14.0,19.0,19.0,25.0,21.0,25.0,20.0,17.0,24.0,20.0,18.0,18.0,15.0,19.0,19.0,21.0,19.0,21.0,16.0,12.0,15.0,20.0,22.0,16.0,13.0
16.46,18.833333333333332,27.0,18.0,14.0,22.0,14.0,14.0,21.0,19.0,24.0,21.0,25.0,21.0,17.0,22.0,20.0,18.0,17.0,15.0,19.0,21.0,21.0,17.0,21.0,17.0,11.0,16.0,20.0,22.0,16.0,15.0
16.47,18.8,27.0,19.0,14.0,22.0,14.0,15.0,19.0,18.0,23.0,21.0,26.0,22.0,18.0,22.0,21.0,19.0,16.0,16.0,18.0,21.0,21.0,17.0,20.0,16.0,10.0,17.0,19.0,21.0,16.0,16.0
16.48,18.633333333333333,26.0,19.0,14.0,23.0,14.0,13.0,19.0,19.0,23.0,21.0,28.0,20.0,17.0,22.0,19.0,19.0,17.0,16.0,17.0,20.0,21.0,19.0,20.0,15.0,11.0,17.0,19.0,19.0,16.0,16.0
16.490000000000002,18.566666666666666,26.0,22.0,14.0,24.0,14.0,13.0,18.0,20.0,21.0,21.0,26.0,20.0,16.0,23.0,19.0,18.0,18.0,17.0,19.0,19.0,20.0,20.0,17.0,16.0,11.0,17.0,18.0,19.0,15.0,16.0
16.5,18.466666666666665,24.0,20.0,16.0,24.0,15.0,13.0,18.0,19.0,20.0,22.0,26.0,20.0,17.0,23.0,18.0,18.0,19.0,17.0,18.0,17.0,21.0,17.0,17.0,17.0,12.0,17.0,18.0,19.0,16.0,16.0
16.51,18.333333333333332,23.0,21.0,15.0,25.0,14.0,13.0,19.0,19.0,21.0,21.0,24.0,21.0,19.0,21.0,17.0,17.0,18.0,18.0,17.0,16.0,21.0,17.0,16.0,15.0,13.0,19.0,18.0,19.0,15.0,18.0
16.52,18.666666666666668,23.0,21.0,15.0,27.0,14.0,13.0,19.0,18.0,22.0,21.0,23.0,20.0,19.0,21.0,17.0,18.0,20.0,19.0,17.0,15.0,20.0,16.0,18.0,17.0,13.0,19.0,18.0,20.0,19.0,18.0
16.53,18.333333333333332,22.0,21.0,14.0,28.0,14.0,12.0,18.0,18.0,22.0,19.0,23.0,17.0,20.0,19.0,17.0,17.0,20.0,20.0,16.0,15.0,19.0,15.0,18.0,16.0,16.0,19.0,18.0,18.0,21.0,18.0
16.54,18.133333333333333,20.0,21.0,14.0,28.0,12.0,11.0,16.0,18.0,23.0,17.0,23.0,16.0,20.0,19.0,16.0,17.0,20.0,20.0,17.0,16.0,18.0,16.0,18.0,16.0,18.0,19.0,18.0,18.0,21.0,18.0
16.55,18.233333333333334,21.0,21.0,15.0,27.0,12.0,12.0,17.0,18.0,23.0,16.0,23.0,14.0,20.0,19.0,16.0,15.0,19.0,21.0,16.0,16.0,18.0,19.0,17.0,17.0,18.0,20.0,18.0,19.0,23.0,17.0
16.56,18.266666666666666,21.0,21.0,14.0,25.0,11.0,13.0,15.0,18.0,23.0,16.0,23.0,16.0,18.0,19.0,17.0,13.0,19.0,21.0,14.0,17.0,19.0,18.0,18.0,18.0,18.0,21.0,18.0,21.0,25.0,18.0
16.57,18.0,20.0,21.0,15.0,23.0,11.0,12.0,14.0,15.0,20.0,15.0,22.0,18.0,17.0,20.0,17.0,11.0,19.0,23.0,16.0,15.0,20.0,19.0,18.0,16.0,18.0,24.0,18.0,21.0,25.0,17.0
16.580000000000002,17.6,20.0,20.0,15.0,22.0,10.0,11.0,14.0,15.0,18.0,15.0,22.0,19.0,17.0,17.0,18.0,9.0,18.0,22.0,16.0,17.0,23.0,20.0,17.0,17.0,19.0,23.0,16.0,18.0,24.0,16.0
16.59,17.666666666666668,20.0,21.0,15.0,23.0,11.0,12.0,13.0,15.0,19.0,16.0,22.0,19.0,15.0,18.0,18.0,9.0,18.0,22.0,14.0,18.0,22.0,20.0,18.0,18.0,19.0,21.0,15.0,18.0,24.0,17.0
16.6,18.133333333333333,18.0,21.0,16.0,24.0,12.0,11.0,16.0,15.0,18.0,16.0,21.0,19.0,16.0,19.0,18.0,12.0,18.0,22.0,14.0,19.0,22.0,20.0,21.0,19.0,20.0,22.0,14.0,19.0,23.0,19.0
16.61,18.4,17.0,23.0,17.0,23.0,13.0,11.0,17.0,16.0,19.0,14.0,20.0,20.0,18.0,18.0,18.0,11.0,17.0,23.0,16.0,20.0,21.0,20.0,20.0,19.0,21.0,22.0,15.0,21.0,22.0,20.0
16.62,18.633333333333333,16.0,22.0,19.0,23.0,11.0,12.0,18.0,19.0,19.0,14.0,20.0,21.0,16.0,16.0,19.0,11.0,17.0,24.0,18.0,21.0,21.0,20.0,22.0,19.0,22.0,23.0,16.0,20.0,21.0,19.0
16.63,18.9,15.0,22.0,20.0,23.0,9.0,12.0,18.0,19.0,18.0,13.0,22.0,22.0,15.0,16.0,19.0,11.0,17.0,23.0,18.0,24.0,23.0,22.0,24.0,18.0,22.0,25.0,17.0,19.0,22.0,19.0
16.64,19.166666666666668,14.0,22.0,20.0,23.0,9.0,12.0,18.0,19.0,21.0,14.0,23.0,21.0,14.0,16.0,21.0,12.0,17.0,22.0,20.0,23.0,22.0,23.0,22.0,21.0,23.0,24.0,17.0,19.0,23.0,20.0
16.65,19.2,15.0,26.0,21.0,22.0,10.0,11.0,17.0,18.0,21.0,16.0,23.0,21.0,14.0,16.0,22.0,11.0,18.0,21.0,21.0,25.0,20.0,23.0,22.0,22.0,23.0,22.0,15.0,19.0,22.0,19.0
16.66,19.066666666666666,15.0,24.0,20.0,21.0,10.0,12.0,17.0,18.0,22.0,16.0,24.0,19.0,13.0,17.0,22.0,10.0,18.0,21.0,21.0,24.0,20.0,19.0,22.0,21.0,23.0,22.0,18.0,20.0,22.0,21.0
16.67,19.166666666666668,13.0,25.0,21.0,20.0,11.0,14.0,16.0,19.0,23.0,16.0,23.0,20.0,13.0,17.0,20.0,10.0,18.0,20.0,20.0,24.0,21.0,20.0,22.0,21.0,24.0,24.0,18.0,19.0,23.0,20.0
16.68,19.0,13.0,25.0,21.0,19.0,13.0,13.0,18.0,19.0,22.0,15.0,25.0,20.0,14.0,17.0,18.0,10.0,18.0,20.0,20.0,24.0,20.0,21.0,20.0,19.0,23.0,24.0,17.0,20.0,23.0,19.0
16.69,19.1,14.0,24.0,20.0,21.0,14.0,12.0,18.0,19.0,22.0,16.0,25.0,17.0,14.0,19.0,16.0,10.0,21.0,21.0,22.0,24.0,20.0,22.0,19.0,19.0,22.0,23.0,18.0,22.0,22.0,17.0
16.7,19.1,12.0,24.0,21.0,21.0,15.0,11.0,18.0,19.0,24.0,15.0,24.0,17.0,14.0,19.0,17.0,11.0,19.0,20.0,22.0,23.0,21.0,22.0,20.0,19.0,21.0,23.0,19.0,23.0,21.0,18.0
16.71,19.333333333333332,13.0,25.0,21.0,20.0,18.0,12.0,19.0,21.0,21.0,13.0,25.0,16.0,13.0,19.0,16.0,11.0,20.0,20.0,23.0,23.0,22.0,22.0,20.0,19.0,23.0,23.0,19.0,24.0,21.0,18.0
16.72,19.166666666666668,14.0,24.0,20.0,20.0,19.0,10.0,19.0,20.0,21.0,11.0,25.0,16.0,15.0,18.0,17.0,11.0,19.0,21.0,20.0,25.0,21.0,21.0,20.0,21.0,24.0,25.0,18.0,24.0,20.0,16.0
16.73,19.2,13.0,24.0,21.0,21.0,20.0,11.0,18.0,21.0,21.0,12.0,25.0,17.0,15.0,18.0,15.0,11.0,21.0,19.0,20.0,25.0,19.0,22.0,17.0,20.0,25.0,27.0,19.0,24.0,19.0,16.0
16.740000000000002,19.2,13.0,22.0,19.0,20.0,21.0,12.0,19.0,18.0,21.0,14.0,25.0,18.0,15.0,18.0,15.0,10.0,22.0,19.0,20.0,25.0,20.0,22.0,17.0,21.0,25.0,26.0,19.0,24.0,18.0,18.0
16.75,19.533333333333335,12.0,20.0,19.0,21.0,20.0,11.0,19.0,20.0,23.0,15.0,25.0,19.0,17.0,18.0,16.0,12.0,22.0,18.0,20.0,25.0,20.0,19.0,17.0,21.0,28.0,27.0,20.0,22.0,20.0,20.0
16.76,19.433333333333334,12.0,18.0,19.0,23.0,19.0,11.0,17.0,21.0,24.0,15.0,27.0,19.0,16.0,18.0,17.0,12.0,22.0,18.0,20.0,24.0,20.0,17.0,16.0,20.0,27.0,28.0,20.0,22.0,21.0,20.0
16.77,20.0,11.0,18.0,19.0,23.0,21.0,11.0,20.0,21.0,25.0,15.0,28.0,21.0,16.0,18.0,20.0,15.0,22.0,17.0,22.0,24.0,20.0,18.0,14.0,22.0,26.0,29.0,19.0,23.0,21.0,21.0
16.78,19.966666666666665,12.0,18.0,18.0,23.0,24.0,12.0,21.0,19.0,21.0,17.0,27.0,19.0,17.0,17.0,21.0,16.0,21.0,17.0,22.0,24.0,20.0,18.0,15.0,25.0,25.0,28.0,21.0,23.0,20.0,18.0
16.79,19.9,13.0,18.0,19.0,23.0,25.0,14.0,21.0,20.0,21.0,13.0,26.0,19.0,17.0,17.0,22.0,15.0,21.0,17.0,22.0,24.0,20.0,18.0,13.0,25.0,24.0,28.0,21.0,23.0,20.0,18.0
16.8,20.633333333333333,13.0,18.0,21.0,24.0,26.0,14.0,21.0,21.0,21.0,14.0,30.0,21.0,18.0,19.0,22.0,17.0,23.0,16.0,23.0,25.0,20.0,17.0,15.0,26.0,24.0,26.0,23.0,23.0,20.0,18.0
16.81,20.366666666666667,14.0,18.0,22.0,22.0,27.0,17.0,21.0,20.0,18.0,14.0,30.0,21.0,18.0,17.0,20.0,17.0,22.0,15.0,23.0,23.0,22.0,17.0,15.0,26.0,24.0,25.0,24.0,23.0,19.0,17.0
16.82,20.266666666666666,14.0,18.0,23.0,20.0,28.0,17.0,20.0,20.0,19.0,14.0,30.0,21.0,19.0,17.0,17.0,18.0,22.0,15.0,23.0,23.0,22.0,18.0,15.0,26.0,23.0,25.0,25.0,22.0,20.0,14.0
16.830000000000002,20.333333333333332,14.0,18.0,24.0,21.0,26.0,18.0,20.0,19.0,19.0,13.0,30.0,22.0,19.0,16.0,15.0,18.0,21.0,17.0,22.0,22.0,24.0,21.0,16.0,26.0,23.0,26.0,24.0,21.0,21.0,14.0
16.84,21.0,17.0,19.0,26.0,23.0,27.0,22.0,21.0,20.0,19.0,13.0,29.0,23.0,19.0,17.0,15.0,17.0,18.0,20.0,23.0,22.0,24.0,21.0,16.0,29.0,23.0,26.0,25.0,20.0,22.0,14.0
16.85,20.9,17.0,21.0,26.0,24.0,26.0,22.0,20.0,21.0,19.0,14.0,29.0,23.0,18.0,19.0,15.0,16.0,17.0,19.0,23.0,21.0,24.0,19.0,15.0,29.0,22.0,27.0,25.0,20.0,21.0,15.0
16.86,21.033333333333335,17.0,20.0,26.0,26.0,25.0,24.0,20.0,22.0,18.0,14.0,30.0,20.0,17.0,18.0,15.0,16.0,18.0,18.0,23.0,22.0,25.0,18.0,15.0,31.0,22.0,27.0,26.0,20.0,21.0,17.0
16.87,21.266666666666666,17.0,20.0,26.0,27.0,23.0,23.0,20.0,23.0,17.0,14.0,32.0,19.0,17.0,18.0,15.0,16.0,22.0,19.0,23.0,22.0,26.0,17.0,15.0,31.0,21.0,28.0,27.0,20.0,23.0,17.0
16.88,21.8,19.0,20.0,29.0,26.0,22.0,22.0,20.0,25.0,19.0,14.0,34.0,18.0,17.0,20.0,16.0,17.0,24.0,19.0,24.0,22.0,27.0,16.0,16.0,32.0,21.0,27.0,28.0,20.0,23.0,17.0
16.89,22.133333333333333,17.0,23.0,29.0,28.0,22.0,23.0,19.0,24.0,20.0,16.0,34.0,20.0,17.0,20.0,16.0,17.0,24.0,19.0,23.0,23.0,26.0,15.0,16.0,32.0,21.0,29.0,26.0,21.0,24.0,20.0
16.9,22.5,16.0,24.0,29.0,30.0,23.0,24.0,20.0,25.0,20.0,18.0,34.0,20.0,15.0,21.0,15.0,16.0,25.0,21.0,22.0,22.0,26.0,14.0,17.0,32.0,21.0,30.0,27.0,21.0,26.0,21.0
16.91,22.2,18.0,26.0,29.0,31.0,24.0,23.0,18.0,24.0,18.0,16.0,32.0,19.0,14.0,21.0,15.0,15.0,26.0,20.0,21.0,22.0,24.0,15.0,17.0,32.0,19.0,29.0,27.0,24.0,28.0,19.0
16.92,21.866666666666667,17.0,27.0,30.0,28.0,25.0,23.0,18.0,23.0,18.0,14.0,31.0,20.0,15.0,22.0,14.0,14.0,28.0,19.0,22.0,21.0,24.0,15.0,18.0,29.0,18.0,27.0,27.0,25.0,27.0,17.0
16.93,21.766666666666666,17.0,27.0,29.0,28.0,24.0,22.0,18.0,25.0,18.0,15.0,29.0,19.0,15.0,22.0,14.0,14.0,30.0,18.0,23.0,20.0,24.0,14.0,18.0,28.0,19.0,24.0,28.0,26.0,28.0,17.0
16.94,21.733333333333334,19.0,27.0,29.0,28.0,26.0,22.0,18.0,25.0,18.0,15.0,28.0,22.0,15.0,22.0,14.0,13.0,30.0,18.0,23.0,18.0,21.0,14.0,17.0,28.0,21.0,24.0,26.0,25.0,29.0,17.0
16.95,22.1,19.0,29.0,26.0,29.0,26.0,22.0,18.0,26.0,18.0,15.0,30.0,22.0,17.0,21.0,14.0,12.0,30.0,20.0,22.0,17.0,22.0,14.0,19.0,28.0,21.0,25.0,27.0,27.0,30.0,17.0
16.96,22.3,20.0,29.0,26.0,29.0,26.0,23.0,21.0,26.0,18.0,15.0,30.0,23.0,17.0,20.0,16.0,13.0,30.0,19.0,21.0,17.0,21.0,15.0,18.0,31.0,22.0,23.0,26.0,27.0,29.0,18.0
16.97,22.733333333333334,20.0,29.0,26.0,29.0,26.0,25.0,21.0,28.0,20.0,15.0,30.0,24.0,18.0,24.0,16.0,14.0,30.0,20.0,19.0,18.0,21.0,12.0,21.0,30.0,22.0,24.0,27.0,27.0,28.0,18.0
16.98,22.7,20.0,28.0,26.0,30.0,26.0,26.0,22.0,30.0,19.0,14.0,29.0,24.0,18.0,25.0,18.0,14.0,27.0,21.0,18.0,18.0,21.0,12.0,21.0,30.0,21.0,23.0,27.0,28.0,28.0,17.0
16.990000000000002,22.8,19.0,30.0,26.0,30.0,28.0,25.0,20.0,29.0,18.0,14.0,28.0,27.0,17.0,27.0,19.0,15.0,27.0,19.0,18.0,17.0,20.0,13.0,20.0,31.0,22.0,23.0,28.0,29.0,28.0,17.0
17.0,23.066666666666666,18.0,30.0,26.0,30.0,28.0,23.0,19.0,28.0,20.0,14.0,29.0,26.0,16.0,31.0,17.0,16.0,25.0,20.0,21.0,17.0,19.0,13.0,20.0,33.0,24.0,23.0,28.0,29.0,29.0,20.0
17.01,22.7,18.0,29.0,24.0,27.0,26.0,22.0,20.0,28.0,20.0,15.0,28.0,25.0,17.0,32.0,18.0,17.0,24.0,20.0,21.0,17.0,20.0,15.0,21.0,29.0,24.0,21.0,27.0,30.0,28.0,18.0
17.02,22.6,17.0,27.0,22.0,25.0,26.0,23.0,20.0,28.0,19.0,18.0,28.0,24.0,19.0,32.0,17.0,20.0,23.0,19.0,21.0,17.0,18.0,15.0,21.0,30.0,22.0,21.0,29.0,29.0,27.0,21.0
17.03,22.833333333333332,16.0,27.0,25.0,25.0,26.0,23.0,21.0,28.0,18.0,18.0,29.0,26.0,18.0,31.0,17.0,20.0,24.0,19.0,19.0,19.0,19.0,16.0,21.0,30.0,22.0,22.0,29.0,27.0,27.0,23.0
17.04,22.633333333333333,15.0,26.0,25.0,25.0,25.0,24.0,20.0,26.0,17.0,18.0,30.0,24.0,18.0,31.0,18.0,20.0,23.0,19.0,19.0,19.0,20.0,17.0,19.0,28.0,23.0,24.0,30.0,27.0,27.0,22.0
17.05,22.6,17.0,25.0,23.0,24.0,28.0,23.0,22.0,26.0,16.0,17.0,28.0,25.0,18.0,32.0,19.0,20.0,23.0,19.0,19.0,19.0,20.0,18.0,19.0,29.0,22.0,25.0,26.0,26.0,27.0,23.0
17.06,22.733333333333334,17.0,24.0,23.0,24.0,30.0,23.0,21.0,26.0,16.0,15.0,28.0,25.0,18.0,34.0,20.0,21.0,23.0,20.0,20.0,20.0,20.0,18.0,18.0,29.0,22.0,24.0,26.0,25.0,30.0,22.0
17.07,22.466666666666665,17.0,23.0,23.0,21.0,29.0,22.0,20.0,25.0,17.0,14.0,26.0,25.0,19.0,34.0,19.0,22.0,20.0,20.0,20.0,19.0,22.0,20.0,21.0,29.0,21.0,26.0,24.0,24.0,30.0,22.0
17.080000000000002,22.5,16.0,22.0,24.0,21.0,28.0,22.0,19.0,25.0,18.0,15.0,26.0,27.0,19.0,34.0,18.0,23.0,20.0,20.0,24.0,20.0,20.0,20.0,21.0,27.0,21.0,27.0,24.0,23.0,30.0,21.0
17.09,22.566666666666666,18.0,21.0,23.0,20.0,28.0,26.0,19.0,24.0,17.0,16.0,25.0,28.0,21.0,34.0,20.0,22.0,22.0,18.0,23.0,19.0,22.0,20.0,22.0,29.0,20.0,26.0,22.0,23.0,29.0,20.0
17.1,22.366666666666667,18.0,22.0,25.0,20.0,30.0,26.0,18.0,26.0,16.0,15.0,27.0,25.0,22.0,34.0,19.0,23.0,23.0,19.0,20.0,20.0,22.0,21.0,21.0,26.0,20.0,25.0,20.0,22.0,26.0,20.0
17.11,22.433333333333334,19.0,20.0,25.0,18.0,31.0,26.0,17.0,26.0,16.0,16.0,26.0,26.0,23.0,33.0,19.0,23.0,22.0,19.0,20.0,21.0,22.0,21.0,22.0,25.0,20.0,26.0,22.0,22.0,25.0,22.0
17.12,22.3,19.0,20.0,25.0,18.0,30.0,24.0,17.0,26.0,16.0,16.0,24.0,25.0,23.0,34.0,21.0,21.0,22.0,21.0,19.0,21.0,23.0,21.0,22.0,25.0,19.0,26.0,22.0,23.0,24.0,22.0
17.13,22.266666666666666,20.0,19.0,26.0,16.0,28.0,22.0,18.0,27.0,19.0,16.0,25.0,27.0,24.0,35.0,19.0,20.0,23.0,20.0,18.0,21.0,23.0,20.0,23.0,26.0,19.0,25.0,22.0,24.0,21.0,22.0
17.14,21.9,21.0,17.0,25.0,15.0,28.0,21.0,18.0,26.0,21.0,16.0,25.0,29.0,23.0,34.0,18.0,18.0,21.0,18.0,19.0,22.0,22.0,22.0,23.0,25.0,18.0,25.0,21.0,23.0,21.0,22.0
17.150000000000002,21.7,21.0,17.0,24.0,15.0,27.0,21.0,18.0,26.0,22.0,18.0,22.0,30.0,24.0,33.0,17.0,20.0,22.0,18.0,18.0,23.0,19.0,22.0,23.0,23.0,17.0,24.0,22.0,23.0,19.0,23.0
17.16,21.866666666666667,21.0,18.0,24.0,13.0,27.0,21.0,19.0,24.0,21.0,18.0,22.0,33.0,24.0,33.0,18.0,24.0,23.0,21.0,17.0,23.0,20.0,23.0,23.0,23.0,16.0,22.0,22.0,22.0,18.0,23.0
17.17,21.966666666666665,21.0,16.0,24.0,14.0,27.0,19.0,18.0,23.0,22.0,19.0,22.0,35.0,24.0,34.0,20.0,23.0,21.0,21.0,17.0,23.0,18.0,25.0,20.0,27.0,18.0,22.0,22.0,23.0,18.0,23.0
17.18,22.033333333333335,21.0,16.0,24.0,14.0,27.0,18.0,18.0,23.0,22.0,19.0,21.0,36.0,26.0,35.0,19.0,23.0,21.0,20.0,17.0,23.0,19.0,26.0,21.0,28.0,18.0,22.0,23.0,21.0,16.0,24.0
17.19,22.133333333333333,21.0,16.0,24.0,15.0,26.0,19.0,18.0,23.0,22.0,19.0,21.0,35.0,26.0,34.0,19.0,25.0,21.0,19.0,18.0,24.0,19.0,26.0,21.0,29.0,19.0,21.0,24.0,22.0,17.0,21.0
17.2,22.0,19.0,15.0,23.0,16.0,26.0,20.0,20.0,25.0,22.0,19.0,18.0,33.0,26.0,33.0,19.0,24.0,21.0,20.0,18.0,24.0,18.0,25.0,21.0,28.0,22.0,19.0,27.0,22.0,16.0,21.0
17.21,22.266666666666666,21.0,14.0,23.0,17.0,27.0,22.0,23.0,23.0,24.0,19.0,17.0,32.0,23.0,33.0,19.0,26.0,22.0,21.0,15.0,28.0,21.0,25.0,21.0,27.0,22.0,18.0,27.0,21.0,16.0,21.0
17.22,22.333333333333332,22.0,13.0,23.0,16.0,26.0,20.0,24.0,23.0,24.0,18.0,17.0,32.0,24.0,32.0,19.0,27.0,22.0,22.0,15.0,29.0,24.0,25.0,21.0,26.0,23.0,19.0,26.0,21.0,15.0,22.0
17.23,22.2,21.0,12.0,22.0,16.0,26.0,19.0,24.0,20.0,26.0,19.0,16.0,31.0,24.0,33.0,19.0,28.0,21.0,23.0,16.0,28.0,24.0,26.0,21.0,25.0,23.0,17.0,27.0,22.0,15.0,22.0
17.240000000000002,22.833333333333332,19.0,14.0,24.0,15.0,26.0,20.0,24.0,21.0,29.0,17.0,17.0,31.0,27.0,32.0,20.0,27.0,21.0,23.0,18.0,28.0,24.0,26.0,24.0,27.0,23.0,20.0,28.0,22.0,15.0,23.0
17.25,23.0,19.0,14.0,24.0,15.0,24.0,21.0,25.0,20.0,28.0,16.0,17.0,30.0,26.0,31.0,20.0,27.0,21.0,23.0,19.0,28.0,26.0,26.0,24.0,28.0,24.0,21.0,30.0,22.0,15.0,26.0
17.26,23.066666666666666,19.0,13.0,26.0,16.0,24.0,20.0,26.0,19.0,29.0,17.0,17.0,30.0,27.0,29.0,20.0,26.0,20.0,24.0,18.0,28.0,26.0,24.0,27.0,26.0,22.0,21.0,32.0,23.0,15.0,28.0
17.27,22.833333333333332,20.0,14.0,26.0,15.0,25.0,20.0,26.0,19.0,29.0,16.0,16.0,30.0,28.0,28.0,20.0,26.0,20.0,27.0,18.0,27.0,24.0,23.0,26.0,25.0,21.0,21.0,32.0,23.0,14.0,26.0
17.28,23.0,21.0,13.0,26.0,15.0,24.0,20.0,26.0,21.0,29.0,18.0,18.0,28.0,28.0,26.0,18.0,26.0,19.0,27.0,22.0,29.0,24.0,23.0,28.0,24.0,20.0,20.0,35.0,22.0,14.0,26.0
17.29,23.1,23.0,13.0,24.0,15.0,23.0,21.0,28.0,19.0,29.0,17.0,17.0,29.0,30.0,25.0,16.0,28.0,18.0,26.0,22.0,30.0,24.0,24.0,28.0,24.0,20.0,21.0,35.0,23.0,15.0,26.0
17.3,23.366666666666667,22.0,13.0,23.0,15.0,24.0,22.0,28.0,19.0,27.0,18.0,17.0,28.0,30.0,26.0,16.0,29.0,18.0,26.0,22.0,31.0,24.0,25.0,29.0,24.0,21.0,23.0,34.0,25.0,15.0,27.0
17.31,23.466666666666665,22.0,14.0,24.0,15.0,22.0,25.0,28.0,19.0,29.0,18.0,16.0,28.0,29.0,26.0,17.0,29.0,18.0,28.0,20.0,31.0,26.0,23.0,29.0,22.0,22.0,24.0,35.0,26.0,14.0,25.0
17.32,23.533333333333335,23.0,16.0,23.0,15.0,21.0,26.0,28.0,21.0,29.0,20.0,16.0,25.0,30.0,26.0,15.0,29.0,18.0,27.0,18.0,33.0,25.0,22.0,29.0,23.0,21.0,24.0,33.0,29.0,16.0,25.0
17.330000000000002,23.366666666666667,22.0,14.0,22.0,15.0,20.0,26.0,27.0,20.0,28.0,19.0,17.0,24.0,30.0,26.0,16.0,28.0,18.0,27.0,19.0,33.0,25.0,23.0,30.0,23.0,21.0,27.0,32.0,29.0,16.0,24.0
17.34,23.266666666666666,23.0,15.0,22.0,15.0,21.0,25.0,27.0,20.0,28.0,18.0,18.0,23.0,31.0,24.0,15.0,28.0,19.0,27.0,19.0,32.0,25.0,23.0,29.0,22.0,20.0,26.0,33.0,30.0,16.0,24.0
17.35,23.4,23.0,15.0,24.0,16.0,20.0,25.0,29.0,19.0,29.0,17.0,19.0,23.0,32.0,24.0,17.0,27.0,19.0,27.0,19.0,32.0,24.0,22.0,28.0,21.0,19.0,26.0,34.0,30.0,17.0,25.0
17.36,23.566666666666666,23.0,16.0,26.0,14.0,19.0,25.0,29.0,22.0,27.0,18.0,20.0,24.0,31.0,24.0,16.0,26.0,20.0,29.0,21.0,30.0,24.0,23.0,28.0,21.0,20.0,27.0,33.0,28.0,17.0,26.0
17.37,23.466666666666665,25.0,16.0,26.0,15.0,18.0,23.0,29.0,21.0,27.0,19.0,21.0,23.0,32.0,23.0,16.0,26.0,18.0,27.0,22.0,28.0,25.0,23.0,28.0,22.0,20.0,28.0,34.0,27.0,18.0,24.0
17.38,23.333333333333332,27.0,16.0,25.0,17.0,18.0,22.0,28.0,21.0,23.0,19.0,19.0,23.0,31.0,23.0,16.0,26.0,17.0,27.0,23.0,29.0,25.0,22.0,28.0,23.0,19.0,29.0,35.0,27.0,17.0,25.0
17.39,23.433333333333334,29.0,16.0,25.0,17.0,18.0,22.0,27.0,22.0,24.0,19.0,22.0,21.0,34.0,21.0,16.0,26.0,15.0,29.0,23.0,28.0,28.0,23.0,28.0,23.0,18.0,28.0,36.0,23.0,17.0,25.0
17.400000000000002,23.333333333333332,27.0,18.0,24.0,18.0,19.0,21.0,23.0,22.0,25.0,19.0,22.0,21.0,34.0,20.0,15.0,26.0,15.0,31.0,23.0,27.0,28.0,23.0,29.0,23.0,17.0,28.0,36.0,24.0,18.0,24.0
17.41,23.566666666666666,26.0,18.0,25.0,18.0,22.0,20.0,26.0,22.0,23.0,21.0,19.0,23.0,33.0,21.0,17.0,27.0,15.0,31.0,24.0,24.0,28.0,22.0,31.0,23.0,19.0,27.0,36.0,23.0,18.0,25.0
17.42,23.4,26.0,18.0,24.0,20.0,22.0,20.0,26.0,22.0,23.0,23.0,20.0,22.0,32.0,20.0,18.0,23.0,17.0,29.0,27.0,25.0,28.0,21.0,30.0,22.0,18.0,27.0,35.0,23.0,17.0,24.0
17.43,23.4,28.0,20.0,23.0,20.0,21.0,21.0,25.0,22.0,23.0,23.0,20.0,21.0,31.0,19.0,17.0,23.0,16.0,29.0,26.0,26.0,30.0,23.0,32.0,22.0,17.0,28.0,34.0,22.0,18.0,22.0
17.44,23.566666666666666,28.0,19.0,23.0,20.0,22.0,22.0,27.0,23.0,24.0,23.0,20.0,20.0,32.0,20.0,18.0,24.0,15.0,26.0,24.0,27.0,29.0,23.0,33.0,24.0,15.0,28.0,34.0,22.0,17.0,25.0
17.45,23.8,28.0,19.0,23.0,19.0,22.0,23.0,26.0,22.0,22.0,24.0,19.0,22.0,33.0,20.0,19.0,25.0,15.0,26.0,25.0,27.0,28.0,21.0,35.0,28.0,16.0,26.0,37.0,22.0,18.0,24.0
17.46,24.0,26.0,18.0,23.0,20.0,22.0,23.0,25.0,23.0,22.0,24.0,18.0,22.0,37.0,20.0,19.0,24.0,15.0,26.0,26.0,27.0,28.0,19.0,36.0,28.0,17.0,28.0,37.0,21.0,18.0,28.0
17.47,24.533333333333335,26.0,17.0,23.0,21.0,22.0,24.0,26.0,24.0,21.0,23.0,18.0,21.0,36.0,22.0,20.0,24.0,15.0,26.0,27.0,28.0,28.0,21.0,36.0,28.0,18.0,27.0,39.0,22.0,22.0,31.0
17.48,24.833333333333332,27.0,15.0,22.0,21.0,22.0,22.0,27.0,24.0,22.0,24.0,20.0,21.0,35.0,23.0,21.0,25.0,16.0,28.0,27.0,27.0,26.0,21.0,38.0,28.0,19.0,27.0,37.0,23.0,22.0,35.0
17.490000000000002,25.0,25.0,15.0,23.0,20.0,21.0,20.0,28.0,23.0,23.0,24.0,18.0,20.0,38.0,24.0,23.0,27.0,16.0,29.0,27.0,28.0,24.0,22.0,38.0,28.0,20.0,28.0,38.0,21.0,23.0,36.0
17.5,24.666666666666668,22.0,14.0,22.0,20.0,24.0,19.0,31.0,24.0,22.0,24.0,16.0,21.0,36.0,25.0,23.0,25.0,16.0,27.0,25.0,28.0,25.0,22.0,33.0,28.0,23.0,29.0,38.0,21.0,20.0,37.0
17.51,24.9,21.0,15.0,23.0,19.0,25.0,17.0,30.0,25.0,24.0,24.0,17.0,20.0,38.0,26.0,22.0,25.0,17.0,28.0,24.0,30.0,24.0,22.0,33.0,28.0,23.0,31.0,39.0,19.0,20.0,38.0
17.52,24.6,22.0,14.0,22.0,19.0,25.0,17.0,29.0,24.0,23.0,22.0,16.0,21.0,38.0,28.0,19.0,24.0,16.0,28.0,25.0,30.0,23.0,22.0,31.0,29.0,25.0,32.0,39.0,18.0,20.0,37.0
17.53,24.766666666666666,23.0,14.0,21.0,23.0,27.0,16.0,28.0,23.0,23.0,22.0,17.0,22.0,39.0,27.0,18.0,24.0,16.0,29.0,22.0,31.0,23.0,25.0,31.0,30.0,24.0,31.0,35.0,17.0,23.0,39.0
17.54,24.766666666666666,23.0,14.0,19.0,23.0,26.0,17.0,28.0,23.0,24.0,22.0,17.0,22.0,36.0,30.0,19.0,24.0,17.0,28.0,21.0,32.0,23.0,26.0,29.0,30.0,25.0,32.0,35.0,14.0,23.0,41.0
17.55,24.566666666666666,22.0,15.0,19.0,24.0,25.0,17.0,27.0,24.0,21.0,22.0,17.0,23.0,35.0,33.0,20.0,23.0,16.0,25.0,22.0,32.0,24.0,27.0,29.0,29.0,23.0,31.0,35.0,16.0,22.0,39.0
17.56,24.5,24.0,16.0,23.0,25.0,25.0,16.0,27.0,22.0,21.0,21.0,14.0,22.0,34.0,32.0,17.0,24.0,16.0,24.0,24.0,34.0,23.0,27.0,28.0,29.0,23.0,31.0,33.0,17.0,23.0,40.0
17.57,24.3,22.0,16.0,22.0,22.0,26.0,16.0,27.0,20.0,20.0,21.0,13.0,22.0,35.0,32.0,18.0,25.0,17.0,25.0,24.0,34.0,22.0,28.0,28.0,28.0,24.0,32.0,31.0,17.0,22.0,40.0
17.580000000000002,24.266666666666666,24.0,15.0,24.0,22.0,26.0,15.0,26.0,20.0,19.0,20.0,15.0,22.0,35.0,32.0,18.0,25.0,17.0,29.0,25.0,34.0,19.0,27.0,26.0,29.0,24.0,31.0,31.0,18.0,21.0,39.0
17.59,24.033333333333335,24.0,17.0,25.0,22.0,22.0,19.0,25.0,20.0,20.0,20.0,14.0,22.0,35.0,32.0,18.0,23.0,16.0,28.0,24.0,33.0,19.0,27.0,27.0,27.0,24.0,30.0,30.0,19.0,21.0,38.0
17.6,24.333333333333332,24.0,18.0,26.0,25.0,22.0,19.0,27.0,19.0,21.0,22.0,17.0,21.0,35.0,33.0,18.0,22.0,16.0,26.0,27.0,33.0,19.0,26.0,28.0,27.0,22.0,30.0,28.0,20.0,20.0,39.0
17.61,24.033333333333335,24.0,18.0,27.0,26.0,22.0,19.0,27.0,19.0,21.0,19.0,17.0,21.0,33.0,32.0,19.0,20.0,16.0,26.0,26.0,33.0,19.0,26.0,26.0,27.0,21.0,29.0,27.0,20.0,21.0,40.0
17.62,24.166666666666668,25.0,21.0,27.0,27.0,22.0,19.0,28.0,19.0,21.0,19.0,17.0,21.0,32.0,33.0,18.0,20.0,15.0,26.0,28.0,33.0,19.0,25.0,28.0,27.0,21.0,30.0,25.0,21.0,21.0,37.0
17.63,24.566666666666666,24.0,21.0,27.0,27.0,22.0,20.0,27.0,21.0,22.0,19.0,17.0,23.0,32.0,32.0,20.0,21.0,15.0,27.0,28.0,34.0,21.0,25.0,28.0,27.0,24.0,30.0,25.0,22.0,19.0,37.0
17.64,24.633333333333333,22.0,24.0,26.0,27.0,23.0,21.0,27.0,19.0,23.0,18.0,18.0,24.0,31.0,30.0,22.0,21.0,16.0,27.0,27.0,34.0,21.0,26.0,28.0,27.0,25.0,30.0,25.0,21.0,19.0,37.0
17.650000000000002,24.5,23.0,24.0,25.0,27.0,23.0,21.0,27.0,19.0,24.0,18.0,17.0,25.0,30.0,29.0,23.0,22.0,17.0,25.0,28.0,31.0,20.0,25.0,30.0,27.0,24.0,29.0,24.0,21.0,20.0,37.0
17.66,24.333333333333332,24.0,22.0,25.0,26.0,23.0,22.0,26.0,17.0,27.0,18.0,20.0,23.0,28.0,29.0,22.0,19.0,15.0,27.0,27.0,31.0,20.0,28.0,32.0,25.0,23.0,28.0,26.0,21.0,19.0,37.0
17.67,24.0,23.0,22.0,27.0,26.0,23.0,20.0,27.0,17.0,26.0,20.0,20.0,21.0,29.0,27.0,23.0,18.0,15.0,25.0,27.0,31.0,22.0,28.0,30.0,25.0,24.0,26.0,22.0,21.0,18.0,37.0
17.68,24.266666666666666,23.0,23.0,27.0,27.0,21.0,24.0,24.0,17.0,26.0,21.0,21.0,21.0,28.0,31.0,21.0,21.0,15.0,26.0,26.0,31.0,22.0,28.0,29.0,26.0,21.0,29.0,21.0,22.0,19.0,37.0
17.69,23.866666666666667,23.0,22.0,26.0,26.0,23.0,23.0,22.0,16.0,25.0,21.0,20.0,20.0,28.0,33.0,20.0,21.0,15.0,27.0,26.0,29.0,22.0,27.0,28.0,26.0,22.0,30.0,18.0,23.0,19.0,35.0
17.7,24.166666666666668,22.0,21.0,25.0,25.0,23.0,23.0,25.0,15.0,26.0,18.0,21.0,20.0,28.0,33.0,18.0,22.0,15.0,29.0,26.0,29.0,23.0,28.0,30.0,28.0,23.0,27.0,18.0,27.0,20.0,37.0
17.71,24.533333333333335,22.0,24.0,24.0,29.0,24.0,24.0,27.0,16.0,26.0,19.0,21.0,18.0,28.0,32.0,19.0,23.0,15.0,30.0,27.0,30.0,22.0,25.0,31.0,27.0,25.0,27.0,18.0,27.0,20.0,36.0
17.72,24.466666666666665,26.0,23.0,23.0,28.0,22.0,23.0,27.0,16.0,25.0,16.0,20.0,19.0,27.0,32.0,21.0,22.0,16.0,29.0,27.0,31.0,22.0,26.0,30.0,25.0,27.0,27.0,20.0,28.0,21.0,35.0
17.73,24.1,26.0,23.0,25.0,26.0,21.0,24.0,27.0,17.0,22.0,17.0,20.0,19.0,26.0,30.0,19.0,22.0,16.0,29.0,24.0,31.0,22.0,26.0,27.0,25.0,27.0,27.0,22.0,28.0,22.0,33.0
17.740000000000002,24.433333333333334,27.0,25.0,28.0,26.0,21.0,23.0,29.0,16.0,22.0,17.0,21.0,19.0,26.0,31.0,19.0,22.0,17.0,28.0,26.0,31.0,22.0,26.0,28.0,27.0,28.0,25.0,21.0,27.0,24.0,31.0
17.75,24.133333333333333,26.0,26.0,27.0,27.0,22.0,21.0,28.0,16.0,20.0,18.0,21.0,17.0,26.0,30.0,21.0,20.0,17.0,30.0,25.0,31.0,22.0,26.0,27.0,28.0,27.0,22.0,21.0,26.0,25.0,31.0
17.76,23.933333333333334,26.0,24.0,26.0,25.0,21.0,21.0,28.0,14.0,19.0,20.0,21.0,16.0,27.0,30.0,21.0,20.0,17.0,30.0,25.0,30.0,23.0,26.0,25.0,29.0,28.0,21.0,21.0,27.0,26.0,31.0
17.77,23.966666666666665,25.0,24.0,27.0,26.0,21.0,24.0,27.0,15.0,18.0,19.0,22.0,18.0,28.0,29.0,22.0,21.0,15.0,31.0,25.0,28.0,22.0,28.0,25.0,27.0,29.0,20.0,22.0,25.0,26.0,30.0
17.78,23.466666666666665,23.0,26.0,25.0,26.0,22.0,25.0,27.0,15.0,18.0,19.0,21.0,17.0,29.0,28.0,19.0,21.0,15.0,32.0,22.0,26.0,22.0,25.0,25.0,26.0,30.0,18.0,23.0,25.0,25.0,29.0
17.79,23.433333333333334,22.0,28.0,27.0,26.0,21.0,25.0,28.0,14.0,17.0,20.0,22.0,17.0,29.0,26.0,19.0,19.0,15.0,32.0,22.0,26.0,20.0,25.0,25.0,26.0,32.0,18.0,23.0,25.0,26.0,28.0
17.8,23.7,22.0,29.0,28.0,27.0,27.0,25.0,29.0,15.0,17.0,20.0,23.0,17.0,31.0,25.0,18.0,20.0,15.0,31.0,22.0,26.0,21.0,25.0,23.0,25.0,32.0,18.0,23.0,25.0,25.0,27.0
17.81,24.366666666666667,23.0,31.0,28.0,25.0,29.0,27.0,28.0,19.0,19.0,22.0,24.0,17.0,30.0,23.0,19.0,21.0,15.0,29.0,23.0,25.0,22.0,27.0,25.0,25.0,33.0,19.0,24.0,25.0,28.0,26.0
17.82,24.433333333333334,23.0,31.0,26.0,25.0,29.0,27.0,28.0,19.0,18.0,23.0,22.0,18.0,29.0,23.0,19.0,22.0,15.0,29.0,24.0,23.0,22.0,25.0,28.0,24.0,33.0,20.0,27.0,26.0,28.0,27.0
17.830000000000002,24.333333333333332,22.0,33.0,24.0,25.0,28.0,29.0,31.0,20.0,18.0,23.0,22.0,19.0,29.0,22.0,18.0,20.0,15.0,28.0,24.0,23.0,21.0,23.0,29.0,24.0,32.0,19.0,27.0,26.0,28.0,28.0
17.84,24.466666666666665,23.0,32.0,26.0,23.0,27.0,30.0,31.0,22.0,17.0,23.0,21.0,19.0,28.0,24.0,19.0,21.0,14.0,28.0,23.0,24.0,22.0,23.0,27.0,24.0,35.0,21.0,29.0,23.0,28.0,27.0
17.85,24.633333333333333,24.0,34.0,26.0,29.0,27.0,30.0,32.0,21.0,18.0,21.0,22.0,18.0,30.0,23.0,20.0,21.0,12.0,29.0,23.0,24.0,22.0,24.0,27.0,22.0,37.0,22.0,27.0,22.0,27.0,25.0
17.86,24.633333333333333,23.0,35.0,26.0,30.0,28.0,30.0,29.0,21.0,17.0,22.0,23.0,19.0,30.0,24.0,19.0,21.0,14.0,31.0,23.0,23.0,23.0,23.0,28.0,21.0,35.0,22.0,28.0,21.0,26.0,24.0
17.87,24.533333333333335,23.0,33.0,25.0,29.0,28.0,30.0,30.0,23.0,18.0,21.0,23.0,19.0,32.0,23.0,21.0,20.0,14.0,29.0,22.0,24.0,21.0,23.0,29.0,21.0,34.0,22.0,27.0,25.0,25.0,22.0
17.88,25.066666666666666,24.0,35.0,28.0,29.0,28.0,32.0,30.0,24.0,18.0,20.0,23.0,19.0,32.0,23.0,22.0,20.0,16.0,29.0,21.0,25.0,21.0,23.0,30.0,21.0,36.0,22.0,27.0,26.0,25.0,23.0
17.89,25.233333333333334,24.0,35.0,28.0,30.0,25.0,31.0,30.0,25.0,19.0,22.0,23.0,20.0,32.0,24.0,21.0,19.0,17.0,31.0,21.0,24.0,23.0,22.0,31.0,21.0,37.0,20.0,27.0,26.0,25.0,24.0
17.900000000000002,25.166666666666668,22.0,34.0,27.0,28.0,26.0,32.0,29.0,26.0,18.0,20.0,24.0,19.0,33.0,25.0,20.0,23.0,17.0,31.0,21.0,24.0,24.0,22.0,33.0,22.0,36.0,20.0,27.0,26.0,23.0,23.0
17.91,25.233333333333334,23.0,31.0,28.0,25.0,29.0,33.0,29.0,25.0,19.0,20.0,25.0,19.0,33.0,24.0,21.0,25.0,19.0,29.0,21.0,24.0,25.0,21.0,33.0,23.0,34.0,21.0,27.0,25.0,24.0,22.0
17.92,25.266666666666666,23.0,31.0,25.0,26.0,29.0,34.0,31.0,25.0,16.0,20.0,24.0,20.0,33.0,24.0,20.0,26.0,23.0,27.0,22.0,22.0,25.0,21.0,36.0,22.0,36.0,23.0,25.0,24.0,23.0,22.0
17.93,25.7,25.0,30.0,27.0,27.0,29.0,32.0,31.0,25.0,16.0,23.0,24.0,21.0,34.0,25.0,20.0,26.0,25.0,27.0,23.0,22.0,27.0,21.0,35.0,23.0,35.0,21.0,24.0,24.0,25.0,24.0
17.94,25.466666666666665,24.0,29.0,27.0,27.0,27.0,31.0,32.0,25.0,17.0,25.0,22.0,20.0,34.0,24.0,21.0,26.0,24.0,26.0,22.0,22.0,28.0,20.0,35.0,23.0,36.0,20.0,24.0,24.0,26.0,23.0
17.95,25.3,22.0,29.0,27.0,26.0,26.0,30.0,32.0,26.0,20.0,27.0,21.0,19.0,33.0,23.0,22.0,26.0,23.0,27.0,22.0,23.0,27.0,21.0,33.0,22.0,36.0,19.0,24.0,25.0,25.0,23.0
17.96,25.166666666666668,23.0,28.0,27.0,28.0,27.0,30.0,29.0,27.0,19.0,28.0,21.0,19.0,33.0,22.0,23.0,26.0,22.0,26.0,24.0,26.0,27.0,19.0,31.0,23.0,31.0,20.0,23.0,26.0,25.0,22.0
17.97,24.966666666666665,25.0,27.0,26.0,28.0,26.0,28.0,30.0,27.0,20.0,30.0,20.0,22.0,33.0,22.0,22.0,26.0,23.0,26.0,24.0,26.0,26.0,18.0,30.0,23.0,29.0,19.0,23.0,26.0,23.0,21.0
17.98,25.133333333333333,25.0,28.0,27.0,27.0,27.0,29.0,31.0,26.0,21.0,29.0,20.0,23.0,32.0,22.0,21.0,29.0,22.0,27.0,26.0,26.0,25.0,18.0,31.0,23.0,29.0,18.0,23.0,25.0,23.0,21.0
17.990000000000002,25.266666666666666,23.0,30.0,28.0,27.0,26.0,31.0,30.0,23.0,23.0,29.0,17.0,25.0,33.0,22.0,20.0,31.0,24.0,28.0,24.0,25.0,26.0,18.0,28.0,25.0,29.0,18.0,24.0,26.0,23.0,22.0
18.0,25.566666666666666,24.0,29.0,28.0,28.0,25.0,31.0,29.0,25.0,23.0,28.0,18.0,25.0,34.0,23.0,21.0,32.0,24.0,30.0,25.0,26.0,28.0,18.0,28.0,26.0,28.0,18.0,23.0,24.0,25.0,21.0
18.01,25.466666666666665,25.0,30.0,28.0,28.0,26.0,32.0,27.0,25.0,23.0,27.0,17.0,25.0,34.0,21.0,21.0,32.0,22.0,30.0,24.0,28.0,28.0,17.0,27.0,27.0,29.0,20.0,24.0,25.0,22.0,20.0
18.02,25.633333333333333,27.0,28.0,27.0,28.0,24.0,31.0,25.0,25.0,22.0,27.0,17.0,27.0,32.0,22.0,22.0,34.0,21.0,29.0,23.0,30.0,29.0,17.0,28.0,26.0,31.0,22.0,24.0,27.0,22.0,22.0
18.03,25.766666666666666,27.0,28.0,25.0,29.0,24.0,27.0,26.0,25.0,24.0,27.0,17.0,28.0,30.0,22.0,22.0,32.0,21.0,29.0,26.0,32.0,28.0,18.0,28.0,27.0,32.0,21.0,25.0,27.0,24.0,22.0
18.04,25.866666666666667,27.0,27.0,25.0,29.0,22.0,30.0,28.0,25.0,25.0,26.0,17.0,27.0,32.0,24.0,22.0,31.0,22.0,28.0,26.0,31.0,27.0,18.0,28.0,29.0,32.0,24.0,24.0,27.0,22.0,21.0
18.05,25.833333333333332,28.0,27.0,26.0,28.0,22.0,31.0,28.0,23.0,28.0,23.0,20.0,31.0,30.0,24.0,22.0,29.0,21.0,29.0,24.0,27.0,27.0,18.0,30.0,28.0,32.0,24.0,23.0,28.0,24.0,20.0
18.06,25.533333333333335,30.0,27.0,24.0,27.0,20.0,29.0,27.0,22.0,28.0,22.0,19.0,31.0,28.0,21.0,24.0,31.0,21.0,29.0,24.0,29.0,26.0,18.0,31.0,28.0,32.0,25.0,23.0,28.0,23.0,19.0
18.07,26.033333333333335,29.0,28.0,27.0,28.0,20.0,29.0,28.0,21.0,30.0,22.0,19.0,31.0,30.0,20.0,24.0,31.0,22.0,30.0,22.0,29.0,28.0,20.0,31.0,28.0,34.0,24.0,24.0,28.0,23.0,21.0
18.080000000000002,26.166666666666668,30.0,26.0,27.0,30.0,22.0,29.0,26.0,23.0,30.0,21.0,20.0,30.0,28.0,21.0,23.0,30.0,25.0,28.0,22.0,29.0,28.0,19.0,32.0,29.0,33.0,27.0,26.0,28.0,22.0,21.0
18.09,26.1,30.0,26.0,25.0,29.0,21.0,30.0,24.0,23.0,29.0,22.0,20.0,30.0,28.0,20.0,23.0,30.0,24.0,29.0,24.0,28.0,28.0,19.0,30.0,29.0,31.0,27.0,28.0,28.0,24.0,24.0
18.1,25.8,28.0,29.0,27.0,31.0,21.0,32.0,23.0,22.0,30.0,22.0,19.0,29.0,30.0,22.0,21.0,30.0,26.0,29.0,24.0,24.0,26.0,19.0,26.0,28.0,30.0,25.0,28.0,24.0,24.0,25.0
18.11,25.8,26.0,30.0,27.0,31.0,19.0,33.0,24.0,22.0,31.0,22.0,20.0,29.0,29.0,22.0,21.0,29.0,27.0,26.0,25.0,23.0,27.0,19.0,29.0,27.0,31.0,25.0,27.0,25.0,23.0,25.0
18.12,25.933333333333334,26.0,31.0,26.0,31.0,22.0,33.0,23.0,25.0,30.0,22.0,21.0,30.0,30.0,23.0,20.0,31.0,27.0,25.0,25.0,22.0,26.0,18.0,29.0,26.0,30.0,24.0,28.0,27.0,23.0,24.0
18.13,25.866666666666667,26.0,30.0,26.0,31.0,22.0,31.0,22.0,24.0,32.0,23.0,20.0,30.0,30.0,28.0,22.0,31.0,26.0,24.0,24.0,23.0,25.0,16.0,29.0,25.0,31.0,23.0,28.0,27.0,22.0,25.0
18.14,26.0,26.0,29.0,26.0,31.0,19.0,32.0,22.0,22.0,32.0,24.0,21.0,30.0,30.0,28.0,25.0,33.0,27.0,23.0,23.0,23.0,24.0,18.0,29.0,26.0,31.0,20.0,29.0,31.0,21.0,25.0
18.150000000000002,25.8,24.0,27.0,25.0,32.0,18.0,32.0,23.0,23.0,31.0,25.0,23.0,30.0,28.0,27.0,24.0,32.0,27.0,24.0,24.0,23.0,26.0,19.0,28.0,25.0,27.0,20.0,30.0,32.0,20.0,25.0
18.16,25.666666666666668,24.0,25.0,25.0,30.0,20.0,34.0,22.0,23.0,30.0,24.0,24.0,30.0,27.0,27.0,25.0,32.0,27.0,24.0,23.0,23.0,24.0,20.0,28.0,26.0,27.0,17.0,31.0,30.0,23.0,25.0
18.17,25.233333333333334,25.0,23.0,23.0,28.0,21.0,33.0,21.0,22.0,30.0,24.0,24.0,32.0,27.0,27.0,25.0,32.0,26.0,24.0,22.0,23.0,24.0,19.0,28.0,23.0,26.0,18.0,29.0,27.0,25.0,26.0
18.18,25.1,25.0,22.0,24.0,28.0,22.0,32.0,20.0,21.0,31.0,24.0,24.0,34.0,28.0,26.0,24.0,29.0,26.0,22.0,20.0,24.0,23.0,20.0,29.0,21.0,25.0,18.0,28.0,28.0,28.0,27.0
18.19,25.3,24.0,23.0,24.0,28.0,24.0,32.0,18.0,22.0,32.0,25.0,24.0,35.0,30.0,27.0,25.0,29.0,25.0,24.0,20.0,25.0,24.0,19.0,31.0,20.0,24.0,17.0,27.0,28.0,26.0,27.0
18.2,25.6,23.0,23.0,26.0,29.0,24.0,31.0,18.0,23.0,31.0,27.0,26.0,35.0,29.0,27.0,27.0,26.0,23.0,23.0,20.0,26.0,24.0,18.0,30.0,22.0,25.0,18.0,28.0,29.0,26.0,31.0
18.21,25.4,23.0,22.0,28.0,26.0,24.0,29.0,17.0,21.0,30.0,25.0,25.0,33.0,29.0,27.0,27.0,25.0,24.0,26.0,19.0,26.0,22.0,21.0,30.0,24.0,26.0,18.0,27.0,28.0,28.0,32.0
18.22,25.6,22.0,22.0,26.0,26.0,23.0,28.0,18.0,22.0,32.0,23.0,25.0,32.0,32.0,28.0,29.0,25.0,25.0,26.0,22.0,28.0,21.0,22.0,29.0,22.0,29.0,18.0,28.0,28.0,29.0,28.0
18.23,25.866666666666667,21.0,26.0,26.0,28.0,24.0,28.0,17.0,24.0,32.0,22.0,26.0,29.0,32.0,28.0,31.0,25.0,27.0,26.0,23.0,28.0,22.0,19.0,29.0,24.0,29.0,17.0,26.0,29.0,30.0,28.0
18.240000000000002,25.9,20.0,25.0,26.0,28.0,22.0,29.0,17.0,25.0,30.0,22.0,26.0,32.0,34.0,31.0,32.0,25.0,25.0,26.0,24.0,26.0,21.0,19.0,29.0,23.0,29.0,17.0,26.0,31.0,31.0,26.0
18.25,25.766666666666666,20.0,25.0,25.0,26.0,22.0,29.0,18.0,25.0,29.0,24.0,26.0,32.0,32.0,30.0,31.0,25.0,27.0,28.0,22.0,26.0,19.0,20.0,30.0,21.0,28.0,18.0,26.0,31.0,32.0,26.0
18.26,25.666666666666668,21.0,25.0,24.0,25.0,23.0,28.0,18.0,23.0,28.0,24.0,27.0,29.0,32.0,30.0,31.0,27.0,26.0,30.0,22.0,26.0,20.0,19.0,28.0,22.0,29.0,19.0,26.0,32.0,31.0,25.0
18.27,25.7,20.0,23.0,23.0,27.0,22.0,27.0,17.0,25.0,28.0,25.0,26.0,31.0,33.0,31.0,29.0,26.0,27.0,28.0,22.0,26.0,21.0,20.0,30.0,24.0,28.0,20.0,27.0,33.0,28.0,24.0
18.28,26.0,22.0,24.0,23.0,28.0,21.0,27.0,17.0,25.0,28.0,26.0,26.0,31.0,35.0,31.0,29.0,25.0,28.0,27.0,21.0,28.0,20.0,21.0,30.0,25.0,29.0,21.0,27.0,32.0,28.0,25.0
18.29,26.233333333333334,23.0,22.0,25.0,28.0,20.0,27.0,17.0,28.0,27.0,26.0,28.0,29.0,35.0,31.0,29.0,23.0,27.0,29.0,23.0,29.0,20.0,23.0,32.0,24.0,29.0,20.0,25.0,33.0,28.0,27.0
18.3,26.2,25.0,22.0,25.0,29.0,20.0,28.0,17.0,30.0,27.0,25.0,26.0,29.0,34.0,28.0,29.0,23.0,27.0,27.0,24.0,29.0,18.0,22.0,32.0,25.0,28.0,21.0,25.0,33.0,30.0,28.0
18.31,26.033333333333335,21.0,19.0,24.0,29.0,18.0,31.0,19.0,31.0,28.0,23.0,28.0,29.0,32.0,27.0,29.0,23.0,26.0,26.0,26.0,30.0,19.0,22.0,32.0,26.0,27.0,20.0,26.0,29.0,31.0,30.0
18.32,25.633333333333333,22.0,20.0,23.0,28.0,17.0,31.0,19.0,34.0,26.0,23.0,26.0,30.0,31.0,28.0,30.0,21.0,28.0,23.0,24.0,28.0,20.0,21.0,32.0,25.0,27.0,17.0,26.0,27.0,32.0,30.0
18.330000000000002,25.633333333333333,22.0,20.0,22.0,27.0,17.0,32.0,20.0,33.0,22.0,24.0,26.0,28.0,30.0,30.0,31.0,20.0,29.0,24.0,24.0,28.0,21.0,22.0,33.0,26.0,26.0,17.0,23.0,27.0,34.0,31.0
18.34,25.8,23.0,18.0,22.0,28.0,15.0,32.0,20.0,32.0,21.0,25.0,27.0,29.0,31.0,31.0,33.0,21.0,31.0,23.0,23.0,28.0,22.0,23.0,33.0,28.0,27.0,17.0,22.0,27.0,35.0,27.0
18.35,25.833333333333332,25.0,19.0,22.0,26.0,16.0,33.0,20.0,32.0,20.0,26.0,28.0,28.0,30.0,28.0,34.0,21.0,32.0,21.0,22.0,28.0,23.0,26.0,32.0,28.0,26.0,17.0,22.0,28.0,34.0,28.0
18.36,25.8,24.0,19.0,23.0,26.0,15.0,33.0,21.0,34.0,20.0,24.0,28.0,29.0,29.0,28.0,35.0,21.0,29.0,22.0,21.0,27.0,22.0,26.0,32.0,26.0,27.0,19.0,22.0,29.0,35.0,28.0
18.37,25.533333333333335,24.0,19.0,23.0,27.0,13.0,33.0,21.0,35.0,21.0,24.0,27.0,29.0,29.0,26.0,36.0,21.0,28.0,23.0,22.0,27.0,23.0,25.0,30.0,23.0,26.0,20.0,22.0,27.0,34.0,28.0
18.38,25.6,25.0,20.0,25.0,27.0,13.0,33.0,21.0,37.0,21.0,22.0,27.0,27.0,29.0,27.0,35.0,23.0,28.0,21.0,22.0,26.0,25.0,23.0,31.0,23.0,26.0,22.0,22.0,26.0,33.0,28.0
18.39,25.933333333333334,29.0,21.0,25.0,26.0,14.0,29.0,20.0,37.0,20.0,25.0,26.0,28.0,30.0,26.0,35.0,25.0,31.0,21.0,21.0,28.0,25.0,22.0,30.0,23.0,25.0,23.0,23.0,26.0,33.0,31.0
18.400000000000002,25.366666666666667,29.0,22.0,23.0,24.0,14.0,29.0,19.0,33.0,19.0,25.0,24.0,27.0,31.0,25.0,34.0,25.0,31.0,19.0,19.0,29.0,23.0,21.0,28.0,25.0,24.0,21.0,24.0,28.0,34.0,32.0
18.41,25.3,29.0,21.0,24.0,24.0,13.0,27.0,17.0,34.0,19.0,24.0,23.0,26.0,34.0,25.0,33.0,25.0,29.0,19.0,19.0,31.0,25.0,21.0,29.0,26.0,24.0,22.0,21.0,28.0,34.0,33.0
18.42,25.933333333333334,29.0,18.0,24.0,27.0,14.0,28.0,18.0,33.0,21.0,26.0,24.0,28.0,34.0,29.0,32.0,27.0,29.0,19.0,23.0,31.0,25.0,21.0,28.0,28.0,25.0,22.0,20.0,29.0,33.0,33.0
18.43,25.766666666666666,29.0,20.0,21.0,25.0,16.0,29.0,18.0,33.0,21.0,25.0,22.0,30.0,34.0,28.0,30.0,26.0,30.0,20.0,23.0,30.0,25.0,24.0,26.0,29.0,25.0,22.0,18.0,28.0,34.0,32.0
18.44,25.933333333333334,30.0,19.0,21.0,24.0,17.0,29.0,18.0,31.0,22.0,25.0,23.0,30.0,35.0,26.0,30.0,25.0,30.0,20.0,23.0,33.0,26.0,21.0,26.0,29.0,27.0,22.0,18.0,29.0,35.0,34.0
18.45,26.033333333333335,31.0,19.0,21.0,23.0,18.0,30.0,21.0,31.0,22.0,26.0,22.0,31.0,37.0,26.0,29.0,24.0,28.0,21.0,24.0,31.0,27.0,20.0,25.0,27.0,27.0,24.0,17.0,29.0,36.0,34.0
18.46,26.1,32.0,21.0,19.0,22.0,18.0,29.0,25.0,32.0,21.0,25.0,21.0,29.0,40.0,27.0,27.0,22.0,27.0,22.0,25.0,30.0,27.0,20.0,27.0,28.0,27.0,25.0,19.0,27.0,35.0,34.0
18.47,26.166666666666668,32.0,22.0,21.0,22.0,21.0,26.0,25.0,36.0,21.0,23.0,20.0,29.0,40.0,28.0,25.0,22.0,27.0,22.0,26.0,30.0,27.0,21.0,27.0,28.0,24.0,28.0,19.0,27.0,34.0,32.0
18.48,26.333333333333332,33.0,23.0,20.0,22.0,19.0,28.0,26.0,37.0,22.0,22.0,21.0,27.0,40.0,28.0,26.0,22.0,26.0,23.0,24.0,31.0,25.0,21.0,27.0,27.0,28.0,31.0,19.0,27.0,34.0,31.0
18.490000000000002,26.033333333333335,33.0,22.0,20.0,20.0,17.0,26.0,25.0,37.0,21.0,25.0,22.0,28.0,42.0,28.0,24.0,19.0,24.0,23.0,23.0,33.0,24.0,21.0,26.0,27.0,29.0,30.0,19.0,27.0,35.0,31.0
18.5,25.8,33.0,22.0,19.0,20.0,18.0,30.0,24.0,37.0,19.0,27.0,23.0,27.0,36.0,28.0,26.0,19.0,24.0,23.0,22.0,33.0,23.0,22.0,24.0,26.0,27.0,30.0,20.0,27.0,34.0,31.0
18.51,25.866666666666667,32.0,22.0,18.0,20.0,16.0,31.0,25.0,37.0,18.0,28.0,24.0,27.0,38.0,27.0,27.0,20.0,25.0,26.0,23.0,29.0,24.0,22.0,24.0,25.0,27.0,29.0,21.0,27.0,33.0,31.0
18.52,26.2,32.0,23.0,17.0,22.0,17.0,30.0,26.0,37.0,18.0,30.0,23.0,27.0,39.0,25.0,29.0,22.0,26.0,27.0,22.0,29.0,24.0,21.0,25.0,26.0,27.0,30.0,22.0,25.0,33.0,32.0
18.53,26.633333333333333,30.0,25.0,18.0,22.0,17.0,30.0,26.0,41.0,18.0,30.0,22.0,29.0,37.0,24.0,29.0,21.0,25.0,28.0,23.0,27.0,28.0,21.0,27.0,28.0,27.0,30.0,24.0,26.0,34.0,32.0
18.54,26.566666666666666,30.0,26.0,19.0,22.0,21.0,28.0,26.0,38.0,15.0,30.0,22.0,30.0,37.0,24.0,28.0,19.0,24.0,29.0,26.0,29.0,29.0,20.0,27.0,27.0,27.0,30.0,24.0,24.0,35.0,31.0
18.55,26.466666666666665,29.0,27.0,21.0,21.0,22.0,25.0,26.0,40.0,15.0,31.0,22.0,30.0,38.0,23.0,30.0,17.0,22.0,30.0,25.0,28.0,30.0,20.0,27.0,27.0,26.0,32.0,25.0,22.0,32.0,31.0
18.56,26.7,28.0,27.0,21.0,23.0,22.0,26.0,26.0,42.0,15.0,29.0,23.0,31.0,37.0,23.0,29.0,19.0,22.0,29.0,24.0,28.0,30.0,19.0,29.0,28.0,25.0,33.0,25.0,21.0,35.0,32.0
18.57,27.2,29.0,28.0,21.0,23.0,22.0,27.0,28.0,42.0,16.0,28.0,24.0,31.0,37.0,24.0,28.0,20.0,22.0,31.0,24.0,28.0,31.0,17.0,29.0,29.0,26.0,34.0,26.0,21.0,37.0,33.0
18.580000000000002,27.566666666666666,26.0,29.0,22.0,26.0,23.0,27.0,30.0,42.0,17.0,29.0,24.0,32.0,36.0,24.0,28.0,23.0,23.0,31.0,21.0,25.0,32.0,18.0,31.0,29.0,26.0,37.0,26.0,21.0,37.0,32.0
18.59,27.8,29.0,30.0,22.0,27.0,23.0,27.0,31.0,41.0,17.0,29.0,26.0,32.0,35.0,23.0,29.0,26.0,21.0,30.0,21.0,26.0,33.0,18.0,30.0,30.0,26.0,35.0,27.0,20.0,38.0,32.0
18.6,27.9,29.0,30.0,23.0,26.0,22.0,28.0,32.0,41.0,20.0,28.0,26.0,30.0,35.0,25.0,29.0,28.0,22.0,30.0,22.0,25.0,33.0,17.0,30.0,29.0,29.0,35.0,27.0,19.0,37.0,30.0
18.61,28.266666666666666,29.0,30.0,24.0,26.0,22.0,30.0,32.0,43.0,22.0,29.0,26.0,29.0,35.0,25.0,30.0,28.0,22.0,29.0,21.0,24.0,33.0,16.0,30.0,30.0,32.0,35.0,26.0,19.0,38.0,33.0
18.62,28.333333333333332,26.0,30.0,22.0,28.0,23.0,32.0,34.0,40.0,22.0,27.0,26.0,28.0,35.0,24.0,28.0,30.0,22.0,31.0,21.0,24.0,33.0,19.0,30.0,32.0,32.0,35.0,26.0,18.0,39.0,33.0
18.63,28.7,28.0,31.0,24.0,29.0,23.0,33.0,35.0,41.0,22.0,29.0,26.0,28.0,37.0,26.0,27.0,29.0,20.0,31.0,22.0,25.0,32.0,18.0,31.0,32.0,33.0,37.0,26.0,18.0,36.0,32.0
18.64,28.166666666666668,25.0,30.0,23.0,29.0,23.0,34.0,32.0,36.0,24.0,30.0,25.0,27.0,36.0,26.0,25.0,30.0,20.0,30.0,22.0,24.0,33.0,19.0,31.0,32.0,32.0,37.0,26.0,17.0,35.0,32.0
18.650000000000002,28.233333333333334,26.0,29.0,24.0,28.0,23.0,34.0,33.0,36.0,25.0,30.0,24.0,25.0,37.0,28.0,28.0,29.0,19.0,29.0,24.0,24.0,32.0,19.0,31.0,29.0,32.0,40.0,27.0,17.0,35.0,30.0
18.66,28.4,27.0,30.0,25.0,28.0,25.0,33.0,34.0,35.0,26.0,31.0,25.0,26.0,35.0,27.0,28.0,29.0,18.0,29.0,23.0,28.0,31.0,21.0,29.0,30.0,29.0,41.0,28.0,18.0,35.0,28.0
18.67,28.233333333333334,27.0,31.0,24.0,29.0,25.0,32.0,33.0,35.0,26.0,30.0,26.0,26.0,34.0,30.0,25.0,32.0,18.0,28.0,22.0,27.0,31.0,23.0,27.0,29.0,29.0,40.0,26.0,18.0,35.0,29.0
18.68,28.033333333333335,25.0,31.0,21.0,30.0,23.0,33.0,33.0,35.0,24.0,30.0,26.0,27.0,33.0,31.0,23.0,34.0,17.0,28.0,24.0,27.0,31.0,24.0,27.0,27.0,28.0,41.0,26.0,18.0,35.0,29.0
18.69,28.033333333333335,24.0,34.0,23.0,29.0,23.0,29.0,33.0,33.0,25.0,30.0,25.0,27.0,34.0,33.0,22.0,34.0,16.0,28.0,24.0,28.0,31.0,24.0,27.0,29.0,28.0,41.0,26.0,17.0,36.0,28.0
18.7,28.133333333333333,27.0,36.0,23.0,30.0,23.0,28.0,33.0,33.0,24.0,30.0,24.0,27.0,33.0,34.0,22.0,34.0,16.0,26.0,26.0,28.0,30.0,24.0,30.0,29.0,29.0,39.0,28.0,18.0,33.0,27.0
18.71,27.566666666666666,25.0,35.0,25.0,27.0,24.0,27.0,34.0,32.0,24.0,30.0,25.0,25.0,31.0,33.0,22.0,34.0,17.0,26.0,24.0,27.0,27.0,24.0,29.0,28.0,29.0,38.0,26.0,18.0,33.0,28.0
18.72,27.633333333333333,24.0,34.0,24.0,28.0,24.0,27.0,35.0,35.0,22.0,30.0,26.0,26.0,31.0,33.0,21.0,34.0,18.0,25.0,24.0,29.0,27.0,24.0,29.0,30.0,29.0,38.0,22.0,19.0,33.0,28.0
18.73,27.9,24.0,31.0,25.0,27.0,25.0,27.0,38.0,38.0,24.0,31.0,27.0,26.0,33.0,34.0,22.0,34.0,17.0,26.0,21.0,30.0,23.0,24.0,29.0,30.0,29.0,38.0,21.0,21.0,33.0,29.0
18.740000000000002,28.1,26.0,31.0,24.0,26.0,25.0,29.0,37.0,38.0,24.0,31.0,29.0,26.0,33.0,32.0,21.0,32.0,20.0,27.0,22.0,30.0,23.0,26.0,32.0,31.0,28.0,37.0,20.0,20.0,32.0,31.0
18.75,28.233333333333334,23.0,31.0,25.0,25.0,25.0,30.0,38.0,37.0,21.0,30.0,29.0,28.0,33.0,36.0,22.0,32.0,19.0,28.0,22.0,30.0,25.0,26.0,34.0,32.0,27.0,37.0,20.0,20.0,31.0,31.0
18.76,28.533333333333335,22.0,36.0,26.0,25.0,25.0,30.0,36.0,36.0,22.0,31.0,31.0,27.0,31.0,37.0,22.0,35.0,19.0,29.0,22.0,28.0,25.0,25.0,35.0,33.0,27.0,37.0,20.0,22.0,30.0,32.0
18.77,28.366666666666667,22.0,33.0,27.0,27.0,26.0,31.0,35.0,38.0,22.0,29.0,29.0,25.0,28.0,39.0,23.0,34.0,19.0,29.0,23.0,27.0,26.0,25.0,35.0,33.0,27.0,37.0,21.0,22.0,29.0,30.0
18.78,28.133333333333333,22.0,33.0,27.0,27.0,26.0,31.0,35.0,37.0,23.0,31.0,30.0,25.0,28.0,38.0,20.0,34.0,21.0,30.0,23.0,26.0,25.0,23.0,33.0,32.0,27.0,36.0,21.0,22.0,29.0,29.0
18.79,28.366666666666667,24.0,33.0,28.0,28.0,27.0,30.0,36.0,37.0,25.0,29.0,29.0,24.0,30.0,38.0,21.0,33.0,21.0,31.0,25.0,26.0,24.0,22.0,34.0,32.0,26.0,36.0,21.0,23.0,29.0,29.0
18.8,28.333333333333332,25.0,32.0,28.0,29.0,27.0,29.0,36.0,36.0,26.0,30.0,27.0,22.0,29.0,37.0,22.0,35.0,21.0,31.0,24.0,28.0,23.0,23.0,35.0,34.0,24.0,37.0,21.0,23.0,27.0,29.0
18.81,28.5,26.0,33.0,30.0,30.0,26.0,28.0,38.0,36.0,26.0,30.0,28.0,22.0,27.0,38.0,22.0,35.0,20.0,30.0,25.0,29.0,25.0,24.0,35.0,33.0,23.0,37.0,21.0,24.0,25.0,29.0
18.82,28.4,27.0,32.0,32.0,29.0,27.0,27.0,37.0,36.0,26.0,29.0,29.0,23.0,26.0,36.0,21.0,35.0,19.0,31.0,24.0,28.0,26.0,24.0,35.0,32.0,23.0,37.0,21.0,25.0,26.0,29.0
18.830000000000002,28.066666666666666,29.0,30.0,34.0,29.0,27.0,27.0,37.0,37.0,26.0,25.0,29.0,23.0,25.0,38.0,20.0,35.0,20.0,32.0,20.0,27.0,26.0,25.0,33.0,31.0,21.0,36.0,22.0,24.0,25.0,29.0
18.84,27.933333333333334,30.0,28.0,36.0,29.0,26.0,27.0,37.0,36.0,27.0,24.0,29.0,23.0,24.0,40.0,22.0,35.0,20.0,32.0,20.0,28.0,26.0,25.0,32.0,30.0,19.0,36.0,22.0,24.0,24.0,27.0
18.85,27.566666666666666,28.0,27.0,35.0,27.0,25.0,27.0,35.0,36.0,26.0,24.0,30.0,23.0,24.0,36.0,22.0,33.0,20.0,34.0,21.0,28.0,27.0,27.0,32.0,31.0,21.0,35.0,21.0,23.0,24.0,25.0
18.86,27.333333333333332,28.0,30.0,37.0,27.0,25.0,24.0,34.0,37.0,26.0,22.0,31.0,22.0,24.0,35.0,22.0,32.0,19.0,35.0,20.0,28.0,26.0,28.0,30.0,29.0,22.0,35.0,21.0,23.0,24.0,24.0
18.87,27.033333333333335,28.0,29.0,37.0,31.0,26.0,25.0,34.0,37.0,26.0,23.0,34.0,23.0,24.0,34.0,22.0,31.0,20.0,35.0,19.0,27.0,25.0,28.0,27.0,28.0,21.0,35.0,20.0,20.0,18.0,24.0
18.88,27.133333333333333,27.0,28.0,36.0,32.0,23.0,26.0,36.0,37.0,26.0,22.0,34.0,23.0,24.0,34.0,23.0,32.0,21.0,34.0,20.0,27.0,24.0,28.0,28.0,25.0,24.0,38.0,20.0,21.0,18.0,23.0
18.89,27.166666666666668,27.0,27.0,37.0,31.0,23.0,27.0,36.0,37.0,26.0,23.0,33.0,23.0,24.0,34.0,23.0,32.0,21.0,33.0,22.0,25.0,24.0,28.0,28.0,23.0,24.0,38.0,21.0,21.0,20.0,24.0
18.900000000000002,27.066666666666666,28.0,26.0,36.0,30.0,23.0,28.0,34.0,33.0,27.0,22.0,33.0,23.0,24.0,34.0,24.0,32.0,21.0,33.0,23.0,25.0,25.0,27.0,29.0,23.0,22.0,40.0,20.0,21.0,21.0,25.0
18.91,27.2,28.0,25.0,35.0,31.0,21.0,29.0,34.0,33.0,25.0,25.0,33.0,21.0,25.0,31.0,26.0,31.0,21.0,33.0,23.0,26.0,25.0,28.0,30.0,23.0,24.0,39.0,23.0,22.0,21.0,25.0
18.92,27.1,25.0,26.0,36.0,33.0,23.0,29.0,32.0,33.0,25.0,23.0,33.0,22.0,29.0,32.0,27.0,30.0,21.0,34.0,23.0,23.0,25.0,28.0,29.0,24.0,22.0,37.0,21.0,21.0,22.0,25.0
18.93,26.8,25.0,26.0,37.0,31.0,22.0,26.0,32.0,31.0,22.0,22.0,34.0,24.0,27.0,34.0,27.0,30.0,22.0,31.0,24.0,25.0,25.0,28.0,28.0,22.0,22.0,36.0,22.0,21.0,23.0,25.0
18.94,27.0,26.0,28.0,36.0,31.0,23.0,29.0,30.0,32.0,24.0,22.0,34.0,23.0,28.0,35.0,25.0,30.0,23.0,32.0,25.0,22.0,24.0,29.0,28.0,22.0,21.0,33.0,22.0,22.0,25.0,26.0
18.95,27.366666666666667,27.0,29.0,33.0,30.0,23.0,27.0,31.0,33.0,23.0,21.0,34.0,24.0,28.0,37.0,25.0,31.0,22.0,35.0,24.0,22.0,24.0,31.0,28.0,23.0,23.0,33.0,24.0,22.0,27.0,27.0
18.96,27.666666666666668,27.0,30.0,33.0,30.0,23.0,27.0,31.0,35.0,23.0,22.0,34.0,24.0,28.0,35.0,27.0,32.0,22.0,33.0,22.0,21.0,24.0,33.0,31.0,24.0,23.0,34.0,24.0,21.0,27.0,30.0
18.97,27.533333333333335,28.0,30.0,32.0,30.0,21.0,29.0,30.0,35.0,21.0,21.0,33.0,24.0,28.0,35.0,28.0,30.0,23.0,33.0,22.0,22.0,26.0,31.0,31.0,25.0,25.0,33.0,23.0,20.0,26.0,31.0
18.98,27.433333333333334,29.0,30.0,33.0,30.0,22.0,28.0,30.0,33.0,21.0,20.0,29.0,25.0,28.0,34.0,26.0,31.0,23.0,32.0,20.0,23.0,28.0,30.0,32.0,25.0,27.0,32.0,23.0,18.0,28.0,33.0
18.990000000000002,27.1,29.0,28.0,33.0,29.0,20.0,28.0,30.0,33.0,24.0,18.0,30.0,24.0,28.0,34.0,23.0,31.0,23.0,31.0,20.0,24.0,28.0,30.0,32.0,25.0,28.0,32.0,22.0,20.0,27.0,29.0
19.0,27.033333333333335,29.0,29.0,32.0,29.0,19.0,28.0,29.0,34.0,25.0,19.0,29.0,23.0,27.0,32.0,22.0,31.0,23.0,29.0,23.0,24.0,28.0,31.0,33.0,24.0,27.0,30.0,25.0,21.0,26.0,30.0
19.01,27.1,28.0,28.0,33.0,30.0,17.0,29.0,29.0,34.0,23.0,19.0,31.0,24.0,26.0,31.0,24.0,30.0,22.0,31.0,24.0,24.0,28.0,29.0,32.0,25.0,27.0,31.0,24.0,21.0,29.0,30.0
19.02,26.5,27.0,26.0,33.0,31.0,18.0,28.0,28.0,30.0,23.0,19.0,31.0,24.0,24.0,30.0,24.0,29.0,22.0,31.0,23.0,21.0,27.0,29.0,32.0,23.0,25.0,30.0,22.0,23.0,31.0,31.0
19.03,26.433333333333334,26.0,26.0,32.0,32.0,18.0,27.0,29.0,26.0,23.0,20.0,31.0,25.0,25.0,28.0,25.0,29.0,21.0,33.0,23.0,20.0,27.0,30.0,32.0,22.0,25.0,31.0,20.0,24.0,32.0,31.0
19.04,26.3,25.0,27.0,32.0,32.0,19.0,29.0,28.0,27.0,24.0,21.0,30.0,26.0,25.0,30.0,24.0,29.0,19.0,33.0,22.0,20.0,25.0,30.0,33.0,22.0,24.0,29.0,19.0,24.0,31.0,30.0
19.05,26.733333333333334,28.0,29.0,30.0,34.0,20.0,29.0,27.0,29.0,25.0,22.0,30.0,24.0,26.0,31.0,25.0,29.0,19.0,33.0,21.0,20.0,26.0,28.0,33.0,23.0,26.0,30.0,19.0,24.0,32.0,30.0
19.06,26.4,26.0,28.0,32.0,33.0,20.0,29.0,27.0,29.0,27.0,19.0,31.0,23.0,24.0,30.0,28.0,27.0,19.0,31.0,21.0,19.0,24.0,29.0,35.0,21.0,26.0,29.0,20.0,24.0,33.0,28.0
19.07,26.2,27.0,27.0,29.0,35.0,18.0,30.0,27.0,30.0,28.0,18.0,30.0,23.0,23.0,28.0,29.0,29.0,19.0,31.0,22.0,20.0,24.0,27.0,35.0,22.0,25.0,28.0,18.0,24.0,34.0,26.0
19.080000000000002,25.966666666666665,26.0,27.0,29.0,36.0,17.0,29.0,26.0,26.0,29.0,17.0,32.0,22.0,23.0,27.0,28.0,28.0,22.0,30.0,22.0,20.0,24.0,29.0,34.0,22.0,25.0,27.0,19.0,25.0,32.0,26.0
19.09,26.166666666666668,27.0,28.0,32.0,36.0,16.0,28.0,28.0,28.0,29.0,16.0,34.0,22.0,22.0,26.0,28.0,27.0,19.0,30.0,20.0,22.0,25.0,30.0,33.0,24.0,26.0,28.0,17.0,25.0,33.0,26.0
19.1,26.333333333333332,26.0,28.0,32.0,35.0,16.0,28.0,28.0,28.0,31.0,16.0,34.0,22.0,23.0,26.0,28.0,24.0,21.0,32.0,21.0,22.0,24.0,29.0,32.0,24.0,25.0,27.0,18.0,27.0,36.0,27.0
19.11,26.4,26.0,27.0,29.0,36.0,18.0,30.0,28.0,27.0,31.0,13.0,32.0,23.0,24.0,26.0,27.0,23.0,22.0,33.0,23.0,22.0,22.0,31.0,31.0,24.0,26.0,28.0,20.0,27.0,36.0,27.0
19.12,26.7,28.0,25.0,29.0,36.0,17.0,28.0,29.0,26.0,30.0,17.0,34.0,23.0,27.0,27.0,27.0,24.0,26.0,31.0,24.0,21.0,23.0,31.0,30.0,24.0,27.0,28.0,19.0,27.0,34.0,29.0
19.13,26.766666666666666,30.0,26.0,29.0,36.0,18.0,28.0,27.0,27.0,29.0,20.0,33.0,21.0,26.0,27.0,28.0,25.0,26.0,32.0,24.0,21.0,24.0,32.0,28.0,23.0,27.0,27.0,19.0,28.0,35.0,27.0
19.14,26.633333333333333,28.0,22.0,26.0,36.0,18.0,27.0,26.0,27.0,29.0,20.0,33.0,21.0,26.0,30.0,29.0,26.0,29.0,31.0,25.0,23.0,25.0,32.0,27.0,22.0,27.0,27.0,18.0,28.0,34.0,27.0
19.150000000000002,27.066666666666666,28.0,23.0,26.0,36.0,19.0,28.0,26.0,28.0,29.0,23.0,31.0,21.0,27.0,32.0,31.0,27.0,30.0,30.0,25.0,23.0,27.0,33.0,27.0,22.0,26.0,27.0,18.0,25.0,35.0,29.0
19.16,27.0,27.0,24.0,27.0,36.0,19.0,28.0,28.0,27.0,29.0,24.0,33.0,21.0,27.0,28.0,27.0,28.0,28.0,32.0,28.0,24.0,25.0,33.0,25.0,22.0,25.0,26.0,18.0,26.0,35.0,30.0
19.17,26.533333333333335,28.0,24.0,27.0,35.0,18.0,29.0,27.0,23.0,31.0,24.0,33.0,21.0,26.0,28.0,26.0,25.0,27.0,33.0,30.0,23.0,26.0,32.0,24.0,21.0,24.0,25.0,17.0,25.0,35.0,29.0
19.18,26.533333333333335,27.0,25.0,26.0,34.0,19.0,30.0,26.0,23.0,33.0,23.0,33.0,22.0,25.0,29.0,26.0,25.0,28.0,31.0,29.0,23.0,26.0,31.0,25.0,21.0,25.0,24.0,19.0,24.0,36.0,28.0
19.19,26.433333333333334,29.0,25.0,25.0,35.0,18.0,29.0,23.0,23.0,34.0,25.0,32.0,22.0,27.0,30.0,27.0,24.0,27.0,31.0,28.0,26.0,27.0,29.0,24.0,22.0,26.0,25.0,19.0,22.0,31.0,28.0
19.2,26.8,27.0,24.0,25.0,36.0,18.0,27.0,24.0,20.0,36.0,25.0,33.0,24.0,27.0,32.0,25.0,26.0,30.0,31.0,26.0,26.0,28.0,30.0,25.0,23.0,26.0,24.0,19.0,23.0,33.0,31.0
19.21,26.533333333333335,28.0,26.0,23.0,34.0,18.0,28.0,24.0,18.0,36.0,26.0,30.0,22.0,26.0,33.0,25.0,26.0,29.0,30.0,25.0,27.0,29.0,29.0,25.0,22.0,26.0,23.0,19.0,24.0,33.0,32.0
19.22,26.966666666666665,30.0,29.0,23.0,33.0,18.0,29.0,23.0,18.0,36.0,26.0,29.0,22.0,26.0,38.0,26.0,25.0,30.0,30.0,27.0,26.0,28.0,28.0,26.0,22.0,26.0,24.0,20.0,25.0,35.0,31.0
19.23,27.333333333333332,31.0,28.0,23.0,33.0,18.0,29.0,24.0,17.0,36.0,25.0,30.0,23.0,26.0,38.0,27.0,26.0,30.0,30.0,26.0,28.0,29.0,29.0,26.0,23.0,26.0,26.0,21.0,24.0,36.0,32.0
19.240000000000002,27.2,30.0,30.0,22.0,32.0,18.0,27.0,20.0,18.0,35.0,25.0,31.0,23.0,25.0,38.0,27.0,25.0,29.0,30.0,27.0,28.0,31.0,29.0,25.0,24.0,25.0,26.0,23.0,26.0,36.0,31.0
19.25,27.333333333333332,30.0,29.0,24.0,31.0,17.0,27.0,19.0,18.0,37.0,26.0,29.0,24.0,27.0,38.0,25.0,24.0,30.0,29.0,25.0,28.0,34.0,32.0,25.0,25.0,24.0,26.0,23.0,27.0,35.0,32.0
19.26,27.3,30.0,34.0,24.0,30.0,17.0,27.0,20.0,20.0,36.0,25.0,27.0,27.0,25.0,37.0,25.0,25.0,29.0,30.0,25.0,25.0,35.0,31.0,25.0,24.0,23.0,24.0,24.0,26.0,34.0,35.0
19.27,27.466666666666665,29.0,36.0,21.0,30.0,18.0,28.0,21.0,21.0,35.0,24.0,27.0,25.0,26.0,37.0,26.0,24.0,27.0,29.0,29.0,25.0,34.0,31.0,29.0,23.0,26.0,26.0,24.0,29.0,31.0,33.0
19.28,27.9,30.0,35.0,21.0,30.0,18.0,29.0,23.0,21.0,36.0,27.0,28.0,26.0,26.0,37.0,27.0,26.0,26.0,30.0,29.0,24.0,33.0,32.0,29.0,22.0,26.0,27.0,24.0,30.0,32.0,33.0
19.29,27.6,32.0,33.0,19.0,30.0,19.0,30.0,22.0,21.0,37.0,25.0,28.0,25.0,26.0,36.0,30.0,25.0,28.0,30.0,28.0,23.0,35.0,30.0,28.0,22.0,26.0,26.0,26.0,28.0,27.0,33.0
19.3,27.5,28.0,34.0,19.0,31.0,19.0,29.0,22.0,19.0,39.0,25.0,28.0,25.0,26.0,36.0,30.0,25.0,29.0,30.0,28.0,22.0,35.0,27.0,28.0,24.0,26.0,26.0,26.0,28.0,28.0,33.0
19.31,27.433333333333334,29.0,34.0,18.0,31.0,20.0,29.0,21.0,20.0,40.0,25.0,27.0,25.0,29.0,39.0,29.0,23.0,29.0,29.0,29.0,21.0,32.0,28.0,26.0,23.0,25.0,25.0,27.0,29.0,28.0,33.0
19.32,27.533333333333335,28.0,33.0,19.0,30.0,21.0,31.0,23.0,20.0,36.0,27.0,26.0,25.0,29.0,38.0,29.0,25.0,28.0,29.0,32.0,19.0,31.0,28.0,26.0,23.0,26.0,26.0,26.0,29.0,29.0,34.0
19.330000000000002,27.633333333333333,29.0,34.0,17.0,29.0,22.0,33.0,25.0,20.0,34.0,26.0,24.0,25.0,27.0,39.0,30.0,23.0,30.0,30.0,35.0,19.0,33.0,28.0,23.0,21.0,25.0,27.0,30.0,28.0,31.0,32.0
19.34,27.133333333333333,29.0,33.0,16.0,29.0,21.0,31.0,26.0,20.0,33.0,26.0,22.0,25.0,27.0,41.0,29.0,23.0,31.0,32.0,34.0,18.0,35.0,25.0,24.0,20.0,23.0,27.0,29.0,26.0,29.0,30.0
19.35,27.066666666666666,31.0,33.0,16.0,30.0,21.0,30.0,27.0,21.0,31.0,27.0,21.0,24.0,28.0,42.0,29.0,24.0,30.0,33.0,33.0,18.0,35.0,24.0,24.0,20.0,24.0,29.0,29.0,23.0,27.0,28.0
19.36,27.233333333333334,32.0,34.0,19.0,29.0,22.0,31.0,27.0,19.0,29.0,29.0,20.0,24.0,28.0,40.0,29.0,25.0,31.0,31.0,33.0,16.0,37.0,23.0,24.0,22.0,24.0,29.0,31.0,24.0,27.0,28.0
19.37,27.033333333333335,32.0,33.0,21.0,27.0,23.0,30.0,29.0,19.0,29.0,26.0,19.0,23.0,26.0,40.0,29.0,26.0,31.0,30.0,34.0,18.0,38.0,24.0,24.0,21.0,25.0,26.0,30.0,22.0,27.0,29.0
19.38,26.9,32.0,33.0,23.0,26.0,23.0,29.0,30.0,20.0,30.0,26.0,20.0,23.0,26.0,39.0,28.0,25.0,31.0,28.0,32.0,21.0,37.0,22.0,24.0,21.0,26.0,26.0,29.0,21.0,27.0,29.0
19.39,26.933333333333334,34.0,35.0,23.0,27.0,22.0,29.0,29.0,20.0,26.0,25.0,21.0,22.0,28.0,38.0,27.0,26.0,32.0,27.0,32.0,20.0,37.0,22.0,23.0,22.0,26.0,28.0,30.0,21.0,28.0,28.0
19.400000000000002,27.166666666666668,35.0,35.0,24.0,26.0,22.0,29.0,31.0,21.0,27.0,24.0,21.0,23.0,28.0,38.0,27.0,26.0,30.0,27.0,32.0,20.0,37.0,22.0,25.0,22.0,27.0,28.0,30.0,21.0,30.0,27.0
19.41,27.166666666666668,34.0,36.0,24.0,26.0,21.0,26.0,31.0,21.0,28.0,23.0,24.0,23.0,28.0,38.0,26.0,26.0,31.0,27.0,32.0,20.0,39.0,21.0,26.0,26.0,24.0,26.0,29.0,20.0,31.0,28.0
19.42,26.8,34.0,35.0,25.0,25.0,22.0,26.0,33.0,20.0,28.0,22.0,25.0,24.0,26.0,37.0,27.0,27.0,30.0,24.0,32.0,19.0,40.0,17.0,25.0,24.0,24.0,26.0,30.0,21.0,29.0,27.0
19.43,26.766666666666666,35.0,35.0,24.0,26.0,24.0,26.0,33.0,19.0,28.0,22.0,27.0,25.0,24.0,32.0,26.0,25.0,30.0,21.0,32.0,21.0,38.0,19.0,25.0,24.0,25.0,26.0,31.0,23.0,29.0,28.0
19.44,26.466666666666665,33.0,34.0,26.0,24.0,23.0,24.0,34.0,20.0,28.0,20.0,27.0,24.0,23.0,30.0,28.0,25.0,31.0,21.0,31.0,23.0,39.0,17.0,25.0,25.0,22.0,26.0,31.0,23.0,29.0,28.0
19.45,26.5,33.0,35.0,25.0,21.0,25.0,23.0,35.0,22.0,27.0,22.0,29.0,24.0,21.0,28.0,31.0,25.0,34.0,18.0,29.0,24.0,39.0,16.0,24.0,28.0,21.0,24.0,31.0,25.0,29.0,27.0
19.46,26.233333333333334,33.0,36.0,24.0,20.0,25.0,23.0,36.0,19.0,29.0,23.0,30.0,23.0,22.0,28.0,31.0,25.0,32.0,19.0,29.0,24.0,38.0,14.0,23.0,27.0,22.0,23.0,28.0,25.0,29.0,27.0
19.47,26.166666666666668,34.0,33.0,25.0,19.0,25.0,24.0,37.0,17.0,28.0,26.0,29.0,27.0,22.0,25.0,32.0,26.0,32.0,18.0,28.0,24.0,39.0,15.0,23.0,25.0,22.0,22.0,28.0,25.0,29.0,26.0
19.48,26.266666666666666,31.0,36.0,26.0,18.0,25.0,23.0,36.0,19.0,26.0,25.0,30.0,29.0,21.0,26.0,29.0,27.0,31.0,21.0,28.0,24.0,40.0,16.0,22.0,25.0,24.0,22.0,30.0,25.0,29.0,24.0
19.490000000000002,26.566666666666666,30.0,36.0,26.0,17.0,25.0,24.0,35.0,20.0,28.0,25.0,29.0,29.0,22.0,26.0,30.0,27.0,32.0,22.0,28.0,24.0,40.0,17.0,21.0,26.0,24.0,22.0,32.0,25.0,30.0,25.0
19.5,26.333333333333332,29.0,34.0,26.0,19.0,25.0,24.0,36.0,20.0,26.0,26.0,28.0,28.0,25.0,25.0,32.0,25.0,31.0,21.0,25.0,23.0,40.0,17.0,23.0,31.0,21.0,23.0,30.0,25.0,29.0,23.0
19.51,26.6,30.0,33.0,26.0,18.0,24.0,24.0,37.0,19.0,27.0,26.0,28.0,29.0,26.0,26.0,33.0,25.0,30.0,25.0,23.0,23.0,41.0,16.0,23.0,34.0,22.0,21.0,31.0,24.0,30.0,24.0
19.52,26.866666666666667,30.0,29.0,22.0,20.0,25.0,23.0,36.0,20.0,27.0,26.0,29.0,32.0,23.0,25.0,35.0,24.0,33.0,27.0,22.0,24.0,44.0,18.0,23.0,36.0,22.0,21.0,31.0,24.0,31.0,24.0
19.53,26.866666666666667,32.0,29.0,22.0,20.0,28.0,23.0,38.0,19.0,27.0,24.0,28.0,31.0,23.0,25.0,34.0,25.0,32.0,27.0,21.0,25.0,44.0,18.0,23.0,36.0,20.0,22.0,31.0,25.0,31.0,23.0
19.54,26.933333333333334,32.0,29.0,22.0,21.0,28.0,23.0,39.0,18.0,26.0,25.0,28.0,25.0,23.0,24.0,35.0,24.0,30.0,28.0,23.0,25.0,44.0,18.0,24.0,35.0,21.0,23.0,32.0,27.0,32.0,24.0
19.55,26.766666666666666,31.0,30.0,22.0,20.0,27.0,21.0,37.0,19.0,25.0,24.0,26.0,26.0,24.0,23.0,36.0,22.0,31.0,29.0,24.0,25.0,43.0,18.0,23.0,35.0,21.0,23.0,33.0,28.0,31.0,26.0
19.56,27.266666666666666,32.0,30.0,23.0,22.0,30.0,21.0,40.0,19.0,24.0,29.0,27.0,27.0,26.0,23.0,37.0,22.0,31.0,29.0,25.0,25.0,42.0,19.0,23.0,32.0,20.0,22.0,33.0,29.0,31.0,25.0
19.57,27.566666666666666,34.0,30.0,21.0,22.0,31.0,21.0,40.0,23.0,24.0,30.0,25.0,26.0,26.0,24.0,37.0,22.0,32.0,27.0,24.0,26.0,43.0,21.0,26.0,30.0,21.0,23.0,34.0,29.0,29.0,26.0
19.580000000000002,27.633333333333333,36.0,31.0,22.0,21.0,32.0,21.0,40.0,26.0,26.0,33.0,24.0,25.0,25.0,22.0,36.0,22.0,31.0,27.0,21.0,26.0,42.0,21.0,28.0,30.0,20.0,24.0,33.0,28.0,31.0,25.0
19.59,27.533333333333335,35.0,28.0,20.0,21.0,32.0,22.0,40.0,27.0,29.0,32.0,25.0,25.0,22.0,22.0,34.0,22.0,30.0,26.0,21.0,28.0,44.0,21.0,29.0,29.0,22.0,21.0,34.0,27.0,31.0,27.0
19.6,27.833333333333332,37.0,30.0,20.0,22.0,32.0,24.0,39.0,28.0,28.0,33.0,24.0,25.0,23.0,24.0,34.0,22.0,30.0,28.0,19.0,28.0,45.0,21.0,28.0,30.0,21.0,22.0,32.0,27.0,30.0,29.0
19.61,28.0,41.0,31.0,18.0,21.0,31.0,25.0,41.0,28.0,26.0,32.0,24.0,31.0,22.0,24.0,37.0,24.0,30.0,27.0,18.0,26.0,44.0,21.0,29.0,31.0,21.0,22.0,30.0,27.0,29.0,29.0
19.62,27.766666666666666,42.0,29.0,16.0,21.0,32.0,27.0,40.0,28.0,26.0,30.0,24.0,30.0,22.0,24.0,37.0,23.0,32.0,29.0,17.0,25.0,41.0,20.0,32.0,30.0,20.0,22.0,28.0,29.0,29.0,28.0
19.63,27.866666666666667,40.0,31.0,18.0,22.0,33.0,27.0,43.0,25.0,26.0,27.0,26.0,30.0,23.0,22.0,37.0,23.0,33.0,28.0,18.0,25.0,37.0,19.0,33.0,30.0,20.0,22.0,29.0,32.0,29.0,28.0
19.64,28.233333333333334,40.0,32.0,18.0,23.0,31.0,26.0,43.0,27.0,29.0,30.0,27.0,31.0,24.0,24.0,39.0,23.0,32.0,26.0,18.0,25.0,35.0,20.0,29.0,32.0,20.0,24.0,29.0,32.0,30.0,28.0
19.650000000000002,27.866666666666667,40.0,30.0,19.0,23.0,31.0,26.0,44.0,25.0,29.0,31.0,26.0,30.0,24.0,26.0,37.0,20.0,31.0,25.0,21.0,25.0,34.0,20.0,26.0,32.0,22.0,21.0,31.0,33.0,27.0,27.0
19.66,27.833333333333332,41.0,31.0,19.0,23.0,31.0,27.0,43.0,26.0,30.0,31.0,25.0,29.0,24.0,26.0,38.0,22.0,29.0,27.0,23.0,26.0,33.0,20.0,25.0,31.0,18.0,22.0,30.0,32.0,27.0,26.0
19.67,27.766666666666666,41.0,31.0,18.0,21.0,31.0,26.0,41.0,24.0,31.0,32.0,26.0,27.0,24.0,27.0,37.0,23.0,29.0,27.0,24.0,26.0,34.0,20.0,26.0,31.0,19.0,22.0,31.0,32.0,26.0,26.0
19.68,27.633333333333333,41.0,30.0,18.0,21.0,29.0,25.0,39.0,24.0,32.0,32.0,29.0,28.0,25.0,28.0,36.0,24.0,28.0,25.0,22.0,25.0,34.0,20.0,26.0,30.0,19.0,22.0,30.0,34.0,28.0,25.0
19.69,27.6,41.0,32.0,18.0,20.0,28.0,27.0,40.0,25.0,30.0,35.0,28.0,27.0,26.0,25.0,34.0,25.0,30.0,25.0,21.0,24.0,35.0,23.0,27.0,27.0,18.0,22.0,31.0,34.0,27.0,23.0
19.7,27.7,41.0,32.0,19.0,21.0,30.0,27.0,39.0,25.0,30.0,34.0,28.0,25.0,28.0,24.0,34.0,25.0,30.0,26.0,24.0,23.0,34.0,26.0,27.0,27.0,18.0,21.0,30.0,35.0,27.0,21.0
19.71,27.666666666666668,40.0,31.0,20.0,21.0,30.0,29.0,38.0,23.0,30.0,35.0,27.0,26.0,28.0,25.0,31.0,27.0,30.0,26.0,25.0,24.0,33.0,27.0,26.0,29.0,18.0,22.0,29.0,33.0,26.0,21.0
19.72,27.4,38.0,34.0,20.0,19.0,29.0,30.0,40.0,22.0,27.0,35.0,26.0,29.0,25.0,24.0,29.0,28.0,29.0,26.0,26.0,24.0,35.0,26.0,30.0,29.0,18.0,22.0,26.0,31.0,24.0,21.0
19.73,27.5,35.0,35.0,20.0,19.0,29.0,28.0,39.0,24.0,28.0,36.0,28.0,29.0,27.0,24.0,29.0,29.0,27.0,27.0,25.0,26.0,34.0,26.0,32.0,29.0,18.0,21.0,24.0,33.0,26.0,18.0
19.740000000000002,27.666666666666668,36.0,36.0,19.0,19.0,30.0,30.0,40.0,25.0,30.0,34.0,27.0,30.0,26.0,23.0,27.0,31.0,29.0,26.0,27.0,25.0,34.0,28.0,31.0,25.0,19.0,21.0,24.0,34.0,27.0,17.0
19.75,27.633333333333333,35.0,36.0,19.0,20.0,31.0,30.0,41.0,24.0,30.0,33.0,27.0,30.0,27.0,25.0,28.0,30.0,28.0,27.0,26.0,25.0,33.0,28.0,31.0,23.0,18.0,23.0,23.0,34.0,26.0,18.0
19.76,27.733333333333334,30.0,37.0,20.0,19.0,31.0,30.0,42.0,25.0,32.0,33.0,27.0,31.0,27.0,25.0,30.0,31.0,26.0,27.0,26.0,25.0,33.0,31.0,30.0,22.0,19.0,21.0,23.0,35.0,28.0,16.0
19.77,27.633333333333333,31.0,35.0,20.0,19.0,33.0,29.0,40.0,26.0,33.0,34.0,27.0,31.0,28.0,24.0,33.0,30.0,25.0,25.0,27.0,25.0,30.0,31.0,29.0,24.0,18.0,22.0,21.0,35.0,28.0,16.0
19.78,27.5,31.0,35.0,20.0,20.0,32.0,29.0,39.0,26.0,33.0,32.0,27.0,31.0,27.0,25.0,32.0,29.0,24.0,22.0,27.0,25.0,28.0,29.0,28.0,26.0,21.0,23.0,24.0,38.0,27.0,15.0
19.79,27.866666666666667,29.0,34.0,20.0,21.0,33.0,31.0,40.0,29.0,32.0,34.0,26.0,32.0,28.0,22.0,32.0,29.0,25.0,23.0,27.0,26.0,28.0,31.0,28.0,27.0,21.0,24.0,23.0,39.0,26.0,16.0
19.8,27.533333333333335,29.0,34.0,20.0,21.0,32.0,30.0,39.0,28.0,32.0,34.0,24.0,31.0,29.0,21.0,29.0,29.0,24.0,21.0,26.0,27.0,26.0,29.0,29.0,28.0,23.0,26.0,22.0,41.0,27.0,15.0
19.81,27.266666666666666,27.0,32.0,21.0,21.0,33.0,30.0,38.0,26.0,32.0,33.0,24.0,31.0,28.0,20.0,27.0,26.0,24.0,22.0,28.0,26.0,27.0,28.0,31.0,31.0,22.0,26.0,20.0,39.0,28.0,17.0
19.82,27.466666666666665,27.0,33.0,20.0,21.0,35.0,29.0,37.0,28.0,32.0,34.0,22.0,33.0,28.0,20.0,25.0,26.0,24.0,24.0,27.0,28.0,27.0,28.0,33.0,29.0,22.0,27.0,21.0,38.0,28.0,18.0
19.830000000000002,26.966666666666665,28.0,35.0,19.0,17.0,33.0,31.0,35.0,27.0,30.0,33.0,22.0,31.0,28.0,20.0,24.0,27.0,24.0,25.0,28.0,27.0,27.0,30.0,35.0,26.0,22.0,25.0,21.0,35.0,26.0,18.0
19.84,26.933333333333334,28.0,35.0,20.0,17.0,33.0,32.0,34.0,27.0,31.0,33.0,21.0,30.0,28.0,20.0,24.0,27.0,23.0,23.0,27.0,26.0,27.0,31.0,35.0,29.0,24.0,22.0,21.0,33.0,28.0,19.0
19.85,27.033333333333335,28.0,35.0,19.0,17.0,31.0,32.0,30.0,27.0,31.0,33.0,21.0,31.0,30.0,20.0,25.0,30.0,23.0,23.0,28.0,27.0,26.0,31.0,34.0,31.0,26.0,24.0,20.0,31.0,28.0,19.0
19.86,27.0,29.0,35.0,19.0,17.0,32.0,26.0,31.0,28.0,32.0,33.0,21.0,32.0,30.0,20.0,23.0,29.0,25.0,24.0,26.0,29.0,26.0,31.0,34.0,32.0,24.0,23.0,19.0,33.0,28.0,19.0
19.87,26.533333333333335,28.0,38.0,18.0,16.0,31.0,22.0,28.0,30.0,32.0,32.0,20.0,33.0,28.0,19.0,23.0,27.0,25.0,23.0,26.0,28.0,27.0,31.0,36.0,33.0,23.0,23.0,19.0,30.0,28.0,19.0
19.88,26.633333333333333,31.0,39.0,19.0,16.0,31.0,22.0,28.0,29.0,34.0,33.0,20.0,34.0,28.0,19.0,22.0,26.0,24.0,21.0,26.0,27.0,25.0,31.0,41.0,32.0,24.0,21.0,19.0,28.0,28.0,21.0
19.89,26.333333333333332,29.0,41.0,21.0,15.0,28.0,21.0,27.0,30.0,34.0,30.0,19.0,35.0,26.0,19.0,22.0,25.0,22.0,21.0,25.0,27.0,27.0,31.0,41.0,33.0,25.0,19.0,18.0,29.0,28.0,22.0
19.900000000000002,26.2,29.0,43.0,20.0,16.0,29.0,22.0,27.0,31.0,34.0,28.0,18.0,31.0,26.0,19.0,22.0,26.0,23.0,21.0,24.0,26.0,27.0,32.0,39.0,32.0,25.0,19.0,19.0,29.0,26.0,23.0
19.91,26.166666666666668,29.0,41.0,23.0,16.0,28.0,22.0,26.0,30.0,32.0,28.0,18.0,31.0,24.0,19.0,19.0,26.0,24.0,20.0,22.0,28.0,29.0,32.0,38.0,37.0,26.0,19.0,19.0,31.0,25.0,23.0
19.92,26.1,29.0,40.0,23.0,18.0,27.0,22.0,28.0,31.0,31.0,29.0,17.0,33.0,24.0,19.0,18.0,27.0,24.0,19.0,23.0,25.0,29.0,32.0,37.0,35.0,28.0,17.0,20.0,30.0,24.0,24.0
19.93,25.833333333333332,27.0,40.0,24.0,17.0,27.0,22.0,27.0,32.0,30.0,28.0,18.0,30.0,23.0,19.0,17.0,28.0,23.0,19.0,22.0,25.0,29.0,30.0,38.0,35.0,28.0,18.0,19.0,32.0,24.0,24.0
19.94,25.866666666666667,27.0,39.0,23.0,18.0,26.0,21.0,27.0,32.0,30.0,29.0,20.0,29.0,24.0,21.0,16.0,28.0,21.0,17.0,23.0,25.0,29.0,29.0,38.0,39.0,29.0,17.0,18.0,32.0,23.0,26.0
19.95,25.8,27.0,38.0,22.0,19.0,25.0,21.0,26.0,32.0,30.0,31.0,20.0,30.0,25.0,22.0,17.0,28.0,19.0,19.0,20.0,23.0,27.0,31.0,37.0,39.0,31.0,16.0,17.0,34.0,23.0,25.0
19.96,25.433333333333334,28.0,37.0,22.0,21.0,26.0,19.0,26.0,33.0,30.0,30.0,19.0,26.0,26.0,21.0,17.0,30.0,18.0,18.0,20.0,21.0,26.0,30.0,37.0,39.0,29.0,14.0,16.0,33.0,25.0,26.0
19.97,25.833333333333332,26.0,39.0,23.0,21.0,28.0,19.0,26.0,35.0,31.0,29.0,18.0,27.0,25.0,20.0,17.0,32.0,20.0,17.0,23.0,23.0,26.0,30.0,36.0,39.0,28.0,16.0,16.0,34.0,24.0,27.0
19.98,25.9,27.0,38.0,23.0,23.0,31.0,19.0,26.0,34.0,30.0,29.0,17.0,26.0,25.0,23.0,19.0,33.0,23.0,17.0,21.0,22.0,24.0,30.0,35.0,37.0,25.0,16.0,14.0,37.0,24.0,29.0
19.990000000000002,25.933333333333334,25.0,40.0,23.0,23.0,30.0,20.0,25.0,34.0,30.0,28.0,16.0,26.0,25.0,25.0,18.0,31.0,24.0,17.0,22.0,22.0,25.0,28.0,34.0,38.0,28.0,16.0,15.0,36.0,25.0,29.0
20.0,25.7,24.0,39.0,22.0,24.0,30.0,20.0,24.0,31.0,30.0,25.0,17.0,25.0,25.0,25.0,18.0,30.0,22.0,19.0,23.0,24.0,25.0,28.0,33.0,40.0,31.0,15.0,16.0,34.0,24.0,28.0
20.01,25.733333333333334,25.0,38.0,23.0,24.0,27.0,22.0,24.0,30.0,29.0,23.0,19.0,25.0,27.0,24.0,19.0,31.0,22.0,18.0,22.0,23.0,27.0,30.0,33.0,39.0,29.0,14.0,17.0,33.0,27.0,28.0
20.02,25.366666666666667,24.0,39.0,20.0,23.0,27.0,22.0,22.0,29.0,28.0,22.0,17.0,25.0,27.0,24.0,19.0,31.0,20.0,16.0,24.0,24.0,28.0,31.0,33.0,38.0,27.0,14.0,18.0,34.0,28.0,27.0
20.03,24.833333333333332,22.0,39.0,20.0,24.0,23.0,23.0,22.0,27.0,29.0,21.0,16.0,25.0,26.0,24.0,19.0,30.0,20.0,15.0,25.0,24.0,28.0,33.0,28.0,38.0,26.0,13.0,18.0,34.0,26.0,27.0
20.04,24.766666666666666,23.0,37.0,21.0,25.0,24.0,23.0,22.0,26.0,27.0,21.0,17.0,26.0,26.0,23.0,19.0,31.0,20.0,15.0,25.0,22.0,27.0,33.0,29.0,37.0,27.0,13.0,18.0,32.0,26.0,28.0
20.05,24.566666666666666,23.0,35.0,20.0,23.0,25.0,22.0,21.0,25.0,28.0,22.0,17.0,26.0,28.0,24.0,19.0,31.0,21.0,15.0,25.0,21.0,26.0,33.0,29.0,37.0,25.0,13.0,17.0,33.0,26.0,27.0
20.06,24.233333333333334,21.0,34.0,19.0,22.0,28.0,21.0,21.0,24.0,27.0,24.0,17.0,24.0,29.0,23.0,18.0,32.0,22.0,15.0,25.0,21.0,24.0,31.0,29.0,35.0,24.0,13.0,17.0,34.0,27.0,26.0
20.07,24.333333333333332,20.0,34.0,19.0,21.0,32.0,22.0,21.0,25.0,26.0,24.0,18.0,21.0,28.0,22.0,19.0,31.0,24.0,16.0,24.0,22.0,22.0,32.0,29.0,34.0,23.0,15.0,18.0,35.0,28.0,25.0
20.080000000000002,24.5,20.0,33.0,17.0,19.0,33.0,23.0,21.0,25.0,26.0,22.0,19.0,22.0,29.0,23.0,20.0,32.0,24.0,17.0,24.0,21.0,22.0,37.0,28.0,31.0,25.0,15.0,18.0,37.0,28.0,24.0
20.09,24.766666666666666,20.0,33.0,17.0,21.0,32.0,23.0,20.0,24.0,26.0,24.0,21.0,22.0,29.0,22.0,22.0,32.0,23.0,17.0,24.0,20.0,22.0,38.0,27.0,32.0,27.0,16.0,22.0,36.0,29.0,22.0
20.1,24.9,21.0,32.0,17.0,22.0,32.0,23.0,21.0,25.0,27.0,23.0,20.0,24.0,31.0,22.0,20.0,31.0,25.0,18.0,22.0,18.0,23.0,34.0,26.0,32.0,27.0,19.0,22.0,35.0,30.0,25.0
20.11,24.933333333333334,22.0,30.0,20.0,25.0,31.0,24.0,20.0,24.0,28.0,23.0,20.0,24.0,30.0,21.0,21.0,28.0,25.0,17.0,22.0,19.0,22.0,35.0,26.0,34.0,27.0,20.0,20.0,35.0,30.0,25.0
20.12,24.866666666666667,23.0,30.0,21.0,26.0,31.0,24.0,20.0,24.0,28.0,24.0,23.0,23.0,28.0,21.0,20.0,26.0,27.0,18.0,21.0,17.0,23.0,34.0,25.0,34.0,27.0,21.0,20.0,35.0,31.0,21.0
20.13,24.8,22.0,29.0,20.0,25.0,29.0,23.0,20.0,26.0,28.0,26.0,23.0,22.0,28.0,21.0,21.0,25.0,29.0,20.0,21.0,17.0,25.0,33.0,27.0,33.0,25.0,22.0,18.0,35.0,30.0,21.0
20.14,24.6,21.0,29.0,19.0,24.0,28.0,23.0,20.0,24.0,28.0,25.0,23.0,21.0,28.0,21.0,24.0,26.0,30.0,22.0,20.0,18.0,24.0,33.0,26.0,32.0,25.0,19.0,19.0,35.0,29.0,22.0
20.150000000000002,24.633333333333333,23.0,28.0,19.0,25.0,27.0,24.0,19.0,25.0,27.0,25.0,24.0,21.0,30.0,24.0,26.0,26.0,29.0,21.0,20.0,17.0,23.0,31.0,24.0,31.0,25.0,18.0,19.0,35.0,30.0,23.0
20.16,24.866666666666667,23.0,27.0,21.0,24.0,26.0,25.0,21.0,27.0,26.0,25.0,25.0,21.0,33.0,23.0,27.0,27.0,27.0,20.0,21.0,18.0,22.0,32.0,24.0,30.0,25.0,17.0,19.0,37.0,31.0,22.0
20.17,24.733333333333334,23.0,26.0,20.0,22.0,25.0,26.0,20.0,29.0,25.0,25.0,26.0,19.0,32.0,22.0,28.0,26.0,26.0,21.0,21.0,20.0,23.0,34.0,24.0,27.0,27.0,19.0,19.0,35.0,31.0,21.0
20.18,25.3,24.0,29.0,22.0,22.0,25.0,26.0,21.0,28.0,26.0,25.0,27.0,22.0,33.0,23.0,29.0,26.0,26.0,23.0,22.0,21.0,22.0,33.0,24.0,27.0,26.0,20.0,19.0,34.0,34.0,20.0
20.19,25.566666666666666,24.0,28.0,23.0,23.0,26.0,27.0,21.0,24.0,26.0,27.0,26.0,22.0,32.0,23.0,30.0,25.0,25.0,23.0,21.0,20.0,23.0,34.0,26.0,27.0,29.0,21.0,21.0,35.0,35.0,20.0
20.2,25.4,23.0,28.0,21.0,23.0,27.0,26.0,21.0,24.0,27.0,25.0,26.0,22.0,34.0,23.0,28.0,27.0,26.0,21.0,17.0,20.0,21.0,33.0,28.0,28.0,28.0,20.0,21.0,36.0,36.0,22.0
20.21,25.766666666666666,23.0,27.0,21.0,23.0,27.0,27.0,22.0,23.0,26.0,24.0,28.0,23.0,34.0,26.0,31.0,27.0,27.0,21.0,17.0,22.0,20.0,33.0,29.0,28.0,31.0,19.0,21.0,35.0,37.0,21.0
20.22,25.433333333333334,23.0,28.0,20.0,23.0,28.0,27.0,25.0,22.0,25.0,23.0,27.0,24.0,33.0,26.0,29.0,26.0,27.0,21.0,17.0,20.0,20.0,32.0,29.0,25.0,34.0,18.0,21.0,32.0,36.0,22.0
20.23,25.1,23.0,26.0,18.0,22.0,27.0,26.0,25.0,22.0,25.0,22.0,28.0,24.0,33.0,25.0,30.0,27.0,27.0,23.0,19.0,20.0,19.0,32.0,28.0,25.0,35.0,17.0,18.0,31.0,35.0,21.0
20.240000000000002,24.966666666666665,23.0,27.0,15.0,23.0,26.0,28.0,25.0,22.0,26.0,21.0,28.0,24.0,33.0,26.0,29.0,26.0,26.0,25.0,19.0,20.0,20.0,33.0,29.0,25.0,34.0,17.0,18.0,28.0,33.0,20.0
20.25,24.766666666666666,23.0,25.0,16.0,22.0,27.0,28.0,23.0,23.0,27.0,21.0,26.0,26.0,34.0,25.0,30.0,23.0,26.0,25.0,20.0,20.0,20.0,32.0,29.0,23.0,31.0,17.0,20.0,27.0,32.0,22.0
20.26,24.7,23.0,25.0,18.0,22.0,27.0,27.0,23.0,25.0,28.0,22.0,25.0,24.0,33.0,24.0,31.0,24.0,26.0,25.0,19.0,19.0,17.0,33.0,29.0,23.0,31.0,17.0,20.0,26.0,33.0,22.0
20.27,24.766666666666666,24.0,24.0,17.0,23.0,28.0,24.0,21.0,28.0,29.0,23.0,26.0,26.0,32.0,22.0,30.0,24.0,26.0,25.0,20.0,19.0,16.0,35.0,29.0,24.0,33.0,16.0,19.0,25.0,33.0,22.0
20.28,24.866666666666667,27.0,24.0,16.0,24.0,29.0,20.0,20.0,30.0,31.0,23.0,26.0,27.0,32.0,23.0,32.0,24.0,25.0,23.0,20.0,19.0,19.0,35.0,27.0,25.0,33.0,15.0,17.0,25.0,34.0,21.0
20.29,24.566666666666666,27.0,23.0,16.0,23.0,30.0,21.0,21.0,30.0,32.0,23.0,26.0,27.0,30.0,22.0,32.0,26.0,26.0,22.0,21.0,19.0,18.0,35.0,25.0,22.0,31.0,15.0,18.0,25.0,33.0,18.0
20.3,24.666666666666668,29.0,24.0,16.0,23.0,30.0,19.0,24.0,30.0,30.0,25.0,25.0,27.0,31.0,22.0,32.0,25.0,26.0,23.0,21.0,17.0,19.0,35.0,24.0,23.0,31.0,15.0,18.0,24.0,34.0,18.0
20.31,24.9,30.0,26.0,19.0,24.0,29.0,19.0,25.0,29.0,28.0,27.0,25.0,27.0,29.0,20.0,31.0,27.0,26.0,25.0,21.0,18.0,19.0,35.0,23.0,24.0,33.0,16.0,18.0,22.0,33.0,19.0
20.32,25.2,29.0,23.0,18.0,28.0,30.0,21.0,26.0,28.0,29.0,27.0,27.0,27.0,30.0,20.0,31.0,28.0,27.0,27.0,20.0,18.0,17.0,33.0,25.0,24.0,33.0,19.0,18.0,21.0,33.0,19.0
20.330000000000002,25.066666666666666,30.0,23.0,19.0,25.0,30.0,21.0,26.0,29.0,28.0,27.0,23.0,26.0,31.0,22.0,30.0,27.0,29.0,27.0,20.0,19.0,16.0,33.0,26.0,23.0,31.0,19.0,20.0,21.0,33.0,18.0
20.34,25.233333333333334,28.0,24.0,20.0,24.0,30.0,20.0,24.0,30.0,30.0,28.0,22.0,27.0,27.0,26.0,29.0,28.0,28.0,27.0,21.0,20.0,16.0,34.0,25.0,23.0,34.0,21.0,19.0,19.0,34.0,19.0
20.35,25.3,28.0,24.0,22.0,24.0,28.0,20.0,23.0,29.0,29.0,28.0,23.0,27.0,27.0,26.0,30.0,28.0,26.0,27.0,20.0,19.0,17.0,34.0,25.0,24.0,37.0,22.0,20.0,19.0,32.0,21.0
20.36,25.533333333333335,31.0,25.0,23.0,24.0,29.0,23.0,26.0,26.0,31.0,30.0,23.0,27.0,25.0,27.0,32.0,25.0,25.0,28.0,20.0,20.0,19.0,32.0,23.0,26.0,36.0,22.0,18.0,20.0,31.0,19.0
20.37,25.7,30.0,26.0,23.0,25.0,28.0,24.0,25.0,26.0,32.0,31.0,21.0,29.0,25.0,28.0,31.0,28.0,26.0,27.0,19.0,22.0,19.0,32.0,21.0,27.0,36.0,20.0,19.0,21.0,30.0,20.0
20.38,25.7,28.0,24.0,23.0,28.0,28.0,25.0,26.0,28.0,30.0,29.0,21.0,29.0,25.0,29.0,34.0,26.0,25.0,26.0,19.0,23.0,19.0,33.0,23.0,27.0,34.0,22.0,18.0,21.0,29.0,19.0
20.39,25.966666666666665,28.0,25.0,24.0,27.0,27.0,24.0,26.0,30.0,31.0,33.0,20.0,29.0,26.0,30.0,33.0,28.0,25.0,26.0,20.0,23.0,19.0,35.0,20.0,27.0,32.0,23.0,19.0,22.0,27.0,20.0
20.400000000000002,26.033333333333335,28.0,23.0,26.0,28.0,27.0,24.0,25.0,30.0,29.0,33.0,20.0,28.0,26.0,29.0,32.0,29.0,26.0,27.0,22.0,23.0,20.0,37.0,19.0,28.0,31.0,25.0,19.0,23.0,24.0,20.0
20.41,26.133333333333333,27.0,21.0,26.0,27.0,27.0,25.0,24.0,29.0,30.0,37.0,19.0,28.0,26.0,29.0,31.0,30.0,26.0,27.0,22.0,22.0,21.0,38.0,17.0,31.0,33.0,24.0,19.0,23.0,24.0,21.0
20.42,26.066666666666666,27.0,22.0,23.0,27.0,26.0,25.0,23.0,31.0,28.0,36.0,19.0,29.0,28.0,29.0,32.0,30.0,26.0,26.0,24.0,22.0,23.0,39.0,15.0,31.0,31.0,22.0,18.0,24.0,21.0,25.0
20.43,25.766666666666666,27.0,21.0,22.0,29.0,24.0,24.0,23.0,30.0,28.0,36.0,20.0,32.0,28.0,30.0,32.0,29.0,25.0,25.0,24.0,22.0,23.0,38.0,15.0,29.0,30.0,22.0,17.0,23.0,21.0,24.0
20.44,26.033333333333335,30.0,21.0,23.0,28.0,25.0,25.0,23.0,28.0,28.0,35.0,20.0,32.0,27.0,31.0,32.0,29.0,27.0,25.0,29.0,21.0,23.0,39.0,16.0,27.0,29.0,21.0,18.0,24.0,21.0,24.0
20.45,26.133333333333333,30.0,21.0,24.0,29.0,25.0,25.0,24.0,29.0,29.0,34.0,19.0,32.0,27.0,31.0,31.0,29.0,27.0,25.0,29.0,20.0,24.0,41.0,18.0,26.0,28.0,20.0,17.0,25.0,21.0,24.0
20.46,26.0,30.0,21.0,23.0,26.0,25.0,24.0,24.0,30.0,30.0,35.0,19.0,29.0,30.0,32.0,29.0,28.0,26.0,25.0,28.0,21.0,24.0,39.0,20.0,26.0,30.0,21.0,16.0,26.0,21.0,22.0
20.47,25.566666666666666,30.0,20.0,24.0,26.0,24.0,25.0,23.0,32.0,28.0,38.0,20.0,27.0,29.0,33.0,26.0,29.0,25.0,25.0,27.0,20.0,23.0,37.0,17.0,25.0,27.0,21.0,15.0,27.0,23.0,21.0
20.48,25.633333333333333,28.0,22.0,26.0,27.0,24.0,23.0,25.0,32.0,28.0,36.0,21.0,25.0,29.0,35.0,24.0,30.0,27.0,23.0,28.0,20.0,22.0,36.0,17.0,25.0,27.0,20.0,16.0,28.0,25.0,20.0
20.490000000000002,25.466666666666665,27.0,22.0,28.0,26.0,23.0,23.0,26.0,33.0,26.0,33.0,23.0,25.0,29.0,34.0,23.0,30.0,25.0,22.0,27.0,21.0,22.0,37.0,17.0,25.0,27.0,22.0,15.0,26.0,27.0,20.0
20.5,25.333333333333332,30.0,21.0,30.0,24.0,22.0,21.0,25.0,33.0,25.0,32.0,22.0,24.0,30.0,33.0,26.0,31.0,25.0,19.0,26.0,21.0,24.0,35.0,16.0,26.0,28.0,22.0,18.0,25.0,26.0,20.0
20.51,25.2,29.0,21.0,30.0,24.0,21.0,22.0,25.0,31.0,25.0,30.0,22.0,25.0,30.0,34.0,25.0,30.0,25.0,19.0,24.0,21.0,24.0,37.0,18.0,27.0,25.0,24.0,17.0,24.0,25.0,22.0
20.52,25.233333333333334,29.0,22.0,33.0,23.0,20.0,22.0,24.0,30.0,24.0,29.0,22.0,25.0,30.0,34.0,25.0,30.0,26.0,19.0,23.0,20.0,26.0,38.0,18.0,28.0,25.0,24.0,17.0,24.0,24.0,23.0
20.53,25.233333333333334,30.0,24.0,30.0,20.0,22.0,21.0,24.0,29.0,25.0,28.0,24.0,24.0,30.0,33.0,23.0,31.0,26.0,19.0,22.0,22.0,28.0,38.0,18.0,26.0,25.0,27.0,16.0,26.0,23.0,23.0
20.54,25.533333333333335,29.0,23.0,30.0,19.0,24.0,23.0,24.0,29.0,26.0,30.0,24.0,25.0,29.0,34.0,23.0,30.0,26.0,21.0,21.0,25.0,27.0,38.0,19.0,24.0,26.0,27.0,17.0,25.0,24.0,24.0
20.55,25.233333333333334,28.0,22.0,31.0,20.0,26.0,20.0,25.0,28.0,26.0,29.0,24.0,26.0,29.0,33.0,20.0,31.0,25.0,20.0,19.0,24.0,25.0,37.0,20.0,24.0,24.0,27.0,18.0,24.0,25.0,27.0
20.56,25.133333333333333,29.0,22.0,31.0,21.0,25.0,22.0,23.0,29.0,23.0,30.0,25.0,25.0,30.0,34.0,20.0,32.0,25.0,20.0,19.0,24.0,26.0,35.0,18.0,23.0,24.0,25.0,17.0,23.0,26.0,28.0
20.57,25.233333333333334,27.0,22.0,30.0,23.0,25.0,22.0,24.0,30.0,21.0,30.0,23.0,26.0,32.0,34.0,19.0,32.0,25.0,20.0,18.0,23.0,26.0,35.0,18.0,23.0,27.0,25.0,19.0,23.0,28.0,27.0
20.580000000000002,25.166666666666668,26.0,22.0,31.0,21.0,25.0,22.0,24.0,31.0,20.0,31.0,25.0,25.0,34.0,33.0,20.0,32.0,26.0,23.0,18.0,21.0,24.0,34.0,18.0,23.0,27.0,25.0,16.0,23.0,28.0,27.0
20.59,24.9,25.0,23.0,30.0,21.0,26.0,22.0,22.0,31.0,18.0,28.0,28.0,27.0,35.0,34.0,20.0,32.0,25.0,22.0,17.0,21.0,21.0,32.0,16.0,23.0,29.0,25.0,16.0,23.0,28.0,27.0
20.6,24.6,22.0,25.0,30.0,20.0,24.0,24.0,23.0,31.0,17.0,27.0,28.0,26.0,35.0,33.0,22.0,31.0,24.0,21.0,18.0,20.0,21.0,32.0,14.0,22.0,28.0,26.0,17.0,23.0,27.0,27.0
20.61,24.533333333333335,22.0,25.0,26.0,19.0,24.0,25.0,23.0,31.0,17.0,27.0,29.0,27.0,33.0,33.0,20.0,30.0,23.0,21.0,19.0,21.0,21.0,31.0,14.0,22.0,28.0,27.0,18.0,24.0,29.0,27.0
20.62,24.466666666666665,24.0,25.0,26.0,18.0,25.0,28.0,23.0,28.0,19.0,25.0,29.0,27.0,34.0,29.0,18.0,32.0,23.0,20.0,21.0,23.0,19.0,29.0,14.0,22.0,27.0,28.0,18.0,25.0,29.0,26.0
20.63,24.3,24.0,24.0,26.0,17.0,25.0,27.0,22.0,26.0,20.0,24.0,30.0,27.0,34.0,31.0,18.0,32.0,23.0,19.0,23.0,21.0,22.0,27.0,13.0,22.0,26.0,26.0,18.0,25.0,30.0,27.0
20.64,23.933333333333334,25.0,23.0,27.0,17.0,24.0,27.0,23.0,26.0,19.0,23.0,30.0,27.0,35.0,31.0,15.0,33.0,21.0,19.0,23.0,20.0,22.0,25.0,12.0,19.0,26.0,23.0,19.0,26.0,30.0,28.0
20.650000000000002,23.933333333333334,22.0,26.0,27.0,16.0,26.0,27.0,21.0,26.0,20.0,27.0,28.0,25.0,36.0,31.0,15.0,31.0,20.0,19.0,23.0,18.0,23.0,24.0,14.0,19.0,26.0,23.0,21.0,26.0,31.0,27.0
20.66,24.066666666666666,21.0,26.0,27.0,16.0,27.0,27.0,18.0,26.0,19.0,27.0,29.0,27.0,37.0,31.0,18.0,33.0,21.0,19.0,23.0,19.0,24.0,22.0,14.0,19.0,26.0,24.0,20.0,25.0,28.0,29.0
20.67,24.033333333333335,22.0,26.0,25.0,17.0,26.0,26.0,18.0,28.0,19.0,27.0,31.0,27.0,37.0,30.0,18.0,32.0,20.0,19.0,24.0,22.0,24.0,22.0,14.0,19.0,26.0,23.0,19.0,25.0,27.0,28.0
20.68,23.766666666666666,22.0,25.0,25.0,18.0,24.0,25.0,18.0,27.0,20.0,27.0,33.0,26.0,36.0,28.0,18.0,32.0,20.0,18.0,25.0,22.0,24.0,24.0,14.0,18.0,27.0,23.0,18.0,23.0,25.0,28.0
20.69,23.566666666666666,23.0,26.0,26.0,19.0,25.0,25.0,19.0,28.0,19.0,28.0,31.0,26.0,35.0,26.0,17.0,28.0,20.0,18.0,26.0,21.0,23.0,25.0,14.0,17.0,27.0,22.0,18.0,24.0,25.0,26.0
20.7,23.7,23.0,26.0,27.0,17.0,23.0,25.0,20.0,29.0,16.0,28.0,31.0,26.0,33.0,25.0,17.0,28.0,22.0,21.0,29.0,21.0,23.0,25.0,15.0,15.0,28.0,24.0,19.0,22.0,27.0,26.0
20.71,23.7,24.0,24.0,27.0,17.0,24.0,20.0,21.0,29.0,15.0,28.0,30.0,26.0,30.0,25.0,18.0,31.0,23.0,20.0,29.0,21.0,23.0,25.0,16.0,13.0,27.0,25.0,20.0,23.0,28.0,29.0
20.72,23.466666666666665,25.0,26.0,25.0,18.0,25.0,20.0,20.0,29.0,14.0,28.0,30.0,25.0,29.0,24.0,18.0,30.0,23.0,19.0,29.0,22.0,24.0,25.0,16.0,11.0,28.0,23.0,20.0,23.0,26.0,29.0
20.73,23.333333333333332,27.0,27.0,24.0,19.0,24.0,19.0,19.0,28.0,14.0,27.0,31.0,26.0,29.0,24.0,17.0,29.0,24.0,17.0,29.0,22.0,25.0,23.0,15.0,11.0,27.0,25.0,19.0,23.0,26.0,30.0
20.740000000000002,23.266666666666666,28.0,26.0,23.0,19.0,24.0,19.0,22.0,29.0,16.0,28.0,30.0,27.0,29.0,24.0,16.0,29.0,23.0,17.0,30.0,24.0,24.0,23.0,13.0,10.0,25.0,25.0,19.0,24.0,25.0,27.0
20.75,23.066666666666666,26.0,26.0,22.0,21.0,23.0,20.0,20.0,30.0,15.0,29.0,30.0,28.0,29.0,24.0,17.0,32.0,23.0,16.0,31.0,24.0,24.0,20.0,13.0,10.0,23.0,24.0,18.0,24.0,24.0,26.0
20.76,22.9,27.0,26.0,21.0,21.0,24.0,21.0,19.0,28.0,15.0,27.0,27.0,26.0,29.0,26.0,17.0,31.0,22.0,20.0,32.0,24.0,25.0,22.0,12.0,11.0,22.0,24.0,18.0,23.0,24.0,23.0
20.77,22.833333333333332,26.0,27.0,20.0,21.0,26.0,22.0,20.0,27.0,14.0,26.0,25.0,25.0,29.0,23.0,17.0,32.0,23.0,21.0,31.0,25.0,25.0,21.0,11.0,12.0,23.0,24.0,18.0,24.0,25.0,22.0
20.78,22.6,25.0,27.0,20.0,20.0,28.0,22.0,20.0,28.0,13.0,25.0,25.0,25.0,27.0,22.0,17.0,31.0,23.0,21.0,34.0,23.0,25.0,19.0,12.0,13.0,20.0,25.0,18.0,23.0,23.0,24.0
20.79,22.333333333333332,27.0,27.0,19.0,20.0,28.0,24.0,20.0,28.0,13.0,23.0,26.0,24.0,28.0,19.0,17.0,29.0,23.0,22.0,31.0,21.0,25.0,18.0,14.0,12.0,20.0,24.0,18.0,23.0,24.0,23.0
20.8,22.433333333333334,27.0,26.0,20.0,19.0,28.0,25.0,21.0,28.0,13.0,22.0,24.0,24.0,28.0,19.0,19.0,28.0,23.0,22.0,31.0,22.0,27.0,19.0,14.0,12.0,20.0,25.0,18.0,23.0,23.0,23.0
20.81,22.5,27.0,25.0,18.0,18.0,27.0,26.0,23.0,28.0,14.0,23.0,24.0,21.0,30.0,18.0,19.0,28.0,25.0,21.0,30.0,23.0,28.0,19.0,12.0,13.0,20.0,25.0,18.0,22.0,26.0,24.0
20.82,22.466666666666665,27.0,25.0,18.0,18.0,28.0,25.0,23.0,28.0,15.0,23.0,25.0,20.0,28.0,18.0,16.0,29.0,25.0,21.0,29.0,24.0,27.0,18.0,13.0,15.0,21.0,25.0,19.0,22.0,25.0,24.0
20.830000000000002,22.6,28.0,24.0,18.0,18.0,27.0,24.0,23.0,29.0,15.0,27.0,26.0,21.0,29.0,17.0,17.0,29.0,27.0,20.0,28.0,22.0,26.0,20.0,13.0,15.0,21.0,26.0,18.0,25.0,25.0,20.0
20.84,22.733333333333334,27.0,26.0,18.0,19.0,29.0,24.0,23.0,29.0,16.0,28.0,25.0,22.0,29.0,16.0,16.0,28.0,25.0,21.0,28.0,22.0,25.0,21.0,13.0,17.0,22.0,25.0,19.0,23.0,26.0,20.0
20.85,22.666666666666668,28.0,26.0,19.0,16.0,28.0,23.0,23.0,27.0,16.0,28.0,24.0,23.0,28.0,17.0,16.0,27.0,26.0,21.0,28.0,24.0,25.0,22.0,13.0,17.0,22.0,24.0,19.0,24.0,26.0,20.0
20.86,22.3,27.0,26.0,21.0,18.0,28.0,23.0,22.0,24.0,17.0,28.0,23.0,20.0,27.0,17.0,14.0,25.0,26.0,20.0,28.0,25.0,26.0,20.0,12.0,17.0,22.0,25.0,18.0,23.0,27.0,20.0
20.87,22.833333333333332,27.0,26.0,21.0,19.0,28.0,26.0,24.0,26.0,16.0,29.0,24.0,21.0,28.0,17.0,17.0,26.0,24.0,21.0,30.0,25.0,28.0,21.0,13.0,17.0,21.0,25.0,18.0,21.0,26.0,20.0
20.88,22.566666666666666,25.0,25.0,21.0,20.0,28.0,26.0,24.0,26.0,16.0,29.0,24.0,22.0,27.0,17.0,19.0,25.0,24.0,20.0,26.0,26.0,29.0,20.0,13.0,18.0,19.0,25.0,19.0,21.0,23.0,20.0
20.89,22.5,24.0,24.0,21.0,19.0,26.0,26.0,24.0,27.0,15.0,29.0,25.0,21.0,26.0,16.0,21.0,24.0,23.0,23.0,26.0,27.0,29.0,21.0,12.0,18.0,20.0,23.0,20.0,24.0,21.0,20.0
20.900000000000002,22.633333333333333,25.0,24.0,23.0,19.0,24.0,26.0,24.0,26.0,15.0,29.0,25.0,21.0,28.0,15.0,22.0,24.0,23.0,24.0,26.0,29.0,29.0,21.0,12.0,18.0,20.0,23.0,20.0,24.0,20.0,20.0
20.91,22.566666666666666,25.0,25.0,21.0,19.0,26.0,25.0,24.0,28.0,15.0,29.0,26.0,22.0,29.0,14.0,21.0,24.0,24.0,22.0,26.0,28.0,28.0,21.0,12.0,18.0,21.0,23.0,21.0,22.0,19.0,19.0
20.92,22.866666666666667,26.0,25.0,20.0,19.0,28.0,24.0,24.0,28.0,15.0,30.0,24.0,21.0,29.0,14.0,19.0,25.0,25.0,22.0,28.0,27.0,26.0,22.0,12.0,22.0,21.0,24.0,23.0,21.0,20.0,22.0
20.93,23.0,27.0,27.0,20.0,20.0,31.0,24.0,25.0,28.0,17.0,30.0,24.0,21.0,28.0,12.0,20.0,25.0,25.0,22.0,27.0,27.0,25.0,22.0,13.0,21.0,20.0,24.0,23.0,21.0,19.0,22.0
20.94,22.866666666666667,24.0,27.0,21.0,17.0,32.0,23.0,23.0,29.0,17.0,31.0,23.0,22.0,28.0,12.0,18.0,22.0,25.0,24.0,26.0,26.0,27.0,22.0,14.0,21.0,21.0,24.0,24.0,21.0,19.0,23.0
20.95,22.4,24.0,26.0,21.0,17.0,32.0,22.0,20.0,28.0,16.0,30.0,24.0,21.0,25.0,13.0,19.0,19.0,25.0,24.0,25.0,27.0,28.0,24.0,14.0,21.0,21.0,25.0,23.0,18.0,18.0,22.0
20.96,21.866666666666667,24.0,23.0,20.0,18.0,29.0,20.0,17.0,27.0,16.0,28.0,23.0,22.0,25.0,14.0,19.0,18.0,26.0,24.0,24.0,27.0,29.0,23.0,13.0,21.0,21.0,25.0,22.0,17.0,18.0,23.0
20.97,22.066666666666666,23.0,23.0,19.0,20.0,29.0,22.0,17.0,26.0,15.0,27.0,26.0,22.0,24.0,15.0,19.0,19.0,25.0,23.0,23.0,26.0,29.0,24.0,14.0,20.0,21.0,24.0,27.0,17.0,20.0,23.0
20.98,22.366666666666667,23.0,23.0,21.0,20.0,28.0,22.0,17.0,28.0,16.0,25.0,25.0,20.0,23.0,16.0,18.0,20.0,25.0,23.0,26.0,26.0,28.0,25.0,16.0,21.0,24.0,23.0,28.0,18.0,20.0,23.0
20.990000000000002,22.266666666666666,23.0,22.0,21.0,22.0,27.0,22.0,16.0,27.0,15.0,25.0,24.0,19.0,23.0,16.0,17.0,20.0,25.0,25.0,29.0,24.0,28.0,24.0,16.0,21.0,25.0,23.0,27.0,17.0,21.0,24.0
21.0,22.1,23.0,22.0,21.0,20.0,28.0,20.0,17.0,25.0,15.0,25.0,23.0,15.0,23.0,16.0,20.0,20.0,23.0,24.0,29.0,27.0,29.0,24.0,16.0,21.0,27.0,24.0,25.0,17.0,21.0,23.0
21.01,22.433333333333334,22.0,22.0,22.0,19.0,29.0,22.0,16.0,26.0,19.0,25.0,26.0,16.0,24.0,17.0,22.0,19.0,23.0,23.0,27.0,27.0,30.0,25.0,16.0,19.0,27.0,24.0,25.0,18.0,21.0,22.0
21.02,22.6,22.0,22.0,21.0,19.0,28.0,23.0,15.0,28.0,18.0,25.0,29.0,17.0,24.0,17.0,22.0,19.0,24.0,23.0,27.0,25.0,30.0,24.0,18.0,17.0,29.0,23.0,26.0,18.0,23.0,22.0
21.03,22.7,22.0,21.0,22.0,18.0,23.0,22.0,16.0,26.0,19.0,24.0,30.0,19.0,23.0,18.0,24.0,20.0,28.0,24.0,28.0,26.0,28.0,24.0,19.0,17.0,28.0,22.0,27.0,17.0,24.0,22.0
21.04,22.7,23.0,20.0,23.0,19.0,23.0,24.0,15.0,24.0,18.0,24.0,30.0,18.0,23.0,19.0,26.0,20.0,28.0,25.0,26.0,27.0,28.0,24.0,20.0,17.0,28.0,22.0,25.0,16.0,24.0,22.0
21.05,22.666666666666668,24.0,19.0,24.0,17.0,24.0,24.0,17.0,22.0,21.0,26.0,30.0,17.0,24.0,20.0,26.0,19.0,28.0,27.0,26.0,26.0,26.0,26.0,19.0,15.0,29.0,21.0,24.0,16.0,22.0,21.0
21.06,22.6,25.0,17.0,23.0,17.0,24.0,27.0,18.0,23.0,21.0,25.0,30.0,16.0,25.0,20.0,26.0,18.0,24.0,27.0,27.0,25.0,27.0,26.0,19.0,17.0,27.0,20.0,22.0,18.0,22.0,22.0
21.07,22.733333333333334,24.0,17.0,26.0,17.0,23.0,26.0,17.0,20.0,20.0,24.0,32.0,17.0,25.0,21.0,28.0,17.0,25.0,26.0,29.0,25.0,26.0,27.0,18.0,16.0,26.0,22.0,24.0,17.0,23.0,24.0
21.080000000000002,22.9,24.0,18.0,27.0,16.0,23.0,25.0,17.0,19.0,21.0,23.0,31.0,18.0,25.0,22.0,28.0,16.0,25.0,27.0,32.0,26.0,26.0,26.0,18.0,17.0,27.0,22.0,24.0,16.0,23.0,25.0
21.09,22.733333333333334,24.0,16.0,29.0,16.0,21.0,25.0,16.0,18.0,20.0,23.0,31.0,18.0,27.0,21.0,29.0,16.0,24.0,28.0,33.0,26.0,27.0,25.0,17.0,15.0,27.0,22.0,25.0,16.0,22.0,25.0
21.1,22.6,23.0,18.0,29.0,16.0,21.0,25.0,16.0,17.0,20.0,23.0,27.0,19.0,26.0,21.0,29.0,16.0,24.0,28.0,32.0,28.0,26.0,25.0,16.0,15.0,26.0,22.0,26.0,17.0,21.0,26.0
21.11,22.766666666666666,26.0,20.0,31.0,18.0,22.0,23.0,18.0,20.0,18.0,24.0,26.0,19.0,26.0,22.0,29.0,16.0,22.0,28.0,31.0,25.0,26.0,23.0,16.0,16.0,27.0,20.0,26.0,17.0,22.0,26.0
21.12,23.2,25.0,22.0,32.0,18.0,23.0,24.0,19.0,20.0,18.0,25.0,27.0,20.0,26.0,24.0,29.0,16.0,22.0,28.0,32.0,26.0,25.0,24.0,16.0,17.0,27.0,18.0,25.0,18.0,22.0,28.0
21.13,23.433333333333334,25.0,23.0,31.0,18.0,25.0,23.0,20.0,20.0,18.0,25.0,28.0,21.0,27.0,24.0,28.0,16.0,21.0,28.0,33.0,25.0,25.0,22.0,18.0,18.0,28.0,18.0,26.0,20.0,22.0,27.0
21.14,23.333333333333332,24.0,23.0,32.0,19.0,25.0,23.0,20.0,22.0,19.0,24.0,26.0,20.0,29.0,23.0,27.0,17.0,20.0,28.0,33.0,24.0,26.0,21.0,20.0,18.0,26.0,18.0,25.0,20.0,21.0,27.0
21.150000000000002,23.133333333333333,25.0,21.0,34.0,19.0,25.0,22.0,23.0,23.0,19.0,24.0,29.0,20.0,28.0,21.0,25.0,16.0,19.0,28.0,32.0,25.0,26.0,21.0,20.0,18.0,26.0,17.0,25.0,19.0,21.0,23.0
21.16,22.966666666666665,24.0,21.0,33.0,18.0,24.0,22.0,23.0,23.0,20.0,23.0,29.0,20.0,28.0,21.0,23.0,16.0,19.0,29.0,33.0,25.0,23.0,21.0,21.0,19.0,25.0,18.0,24.0,19.0,18.0,27.0
21.17,22.833333333333332,23.0,21.0,34.0,18.0,22.0,21.0,22.0,26.0,20.0,23.0,29.0,19.0,24.0,19.0,23.0,17.0,20.0,28.0,33.0,23.0,24.0,20.0,23.0,21.0,26.0,19.0,23.0,17.0,19.0,28.0
21.18,22.666666666666668,22.0,22.0,33.0,16.0,22.0,21.0,23.0,25.0,19.0,22.0,29.0,21.0,25.0,20.0,22.0,19.0,20.0,28.0,34.0,22.0,25.0,20.0,23.0,22.0,25.0,18.0,22.0,16.0,17.0,27.0
21.19,22.166666666666668,23.0,22.0,31.0,13.0,23.0,21.0,23.0,22.0,21.0,20.0,26.0,21.0,26.0,17.0,21.0,18.0,20.0,27.0,33.0,24.0,27.0,20.0,21.0,20.0,25.0,18.0,19.0,17.0,17.0,29.0
21.2,22.2,22.0,21.0,30.0,16.0,25.0,21.0,24.0,23.0,22.0,21.0,24.0,23.0,24.0,17.0,21.0,17.0,22.0,29.0,32.0,24.0,27.0,17.0,21.0,21.0,24.0,18.0,16.0,17.0,18.0,29.0
21.21,22.333333333333332,19.0,21.0,30.0,15.0,26.0,21.0,24.0,23.0,24.0,21.0,23.0,25.0,24.0,17.0,22.0,17.0,22.0,30.0,31.0,25.0,27.0,18.0,21.0,20.0,25.0,19.0,16.0,17.0,19.0,28.0
21.22,22.233333333333334,18.0,23.0,30.0,14.0,27.0,20.0,24.0,24.0,24.0,19.0,22.0,26.0,24.0,17.0,24.0,17.0,22.0,28.0,31.0,24.0,25.0,18.0,22.0,20.0,27.0,20.0,16.0,18.0,17.0,26.0
21.23,22.633333333333333,16.0,23.0,29.0,14.0,27.0,23.0,23.0,24.0,24.0,21.0,22.0,27.0,23.0,15.0,25.0,20.0,23.0,29.0,31.0,26.0,27.0,20.0,22.0,20.0,27.0,20.0,15.0,18.0,18.0,27.0
21.240000000000002,22.766666666666666,16.0,23.0,30.0,13.0,27.0,24.0,20.0,26.0,25.0,23.0,23.0,27.0,25.0,15.0,24.0,19.0,22.0,29.0,30.0,26.0,27.0,21.0,22.0,21.0,27.0,19.0,15.0,19.0,17.0,28.0
21.25,22.666666666666668,16.0,24.0,30.0,12.0,27.0,24.0,20.0,24.0,22.0,24.0,23.0,28.0,26.0,14.0,23.0,20.0,23.0,28.0,29.0,25.0,27.0,22.0,22.0,21.0,25.0,22.0,15.0,19.0,18.0,27.0
21.26,22.6,16.0,26.0,31.0,12.0,26.0,25.0,21.0,22.0,20.0,24.0,23.0,28.0,24.0,14.0,24.0,22.0,23.0,28.0,28.0,27.0,26.0,21.0,21.0,21.0,24.0,22.0,17.0,18.0,17.0,27.0
21.27,22.533333333333335,16.0,25.0,29.0,13.0,26.0,25.0,22.0,21.0,19.0,25.0,21.0,28.0,23.0,14.0,23.0,23.0,25.0,28.0,29.0,26.0,26.0,22.0,25.0,20.0,23.0,20.0,18.0,18.0,18.0,25.0
21.28,22.233333333333334,14.0,26.0,28.0,12.0,25.0,24.0,22.0,21.0,18.0,25.0,20.0,28.0,24.0,14.0,23.0,23.0,25.0,27.0,30.0,25.0,25.0,21.0,23.0,20.0,22.0,20.0,18.0,20.0,19.0,25.0
21.29,21.866666666666667,14.0,25.0,30.0,12.0,28.0,22.0,23.0,19.0,18.0,24.0,20.0,27.0,23.0,15.0,23.0,21.0,24.0,26.0,29.0,26.0,25.0,21.0,21.0,20.0,21.0,20.0,18.0,19.0,17.0,25.0
21.3,22.033333333333335,14.0,24.0,30.0,13.0,29.0,23.0,25.0,20.0,17.0,24.0,21.0,27.0,24.0,15.0,24.0,21.0,24.0,24.0,31.0,25.0,24.0,20.0,22.0,20.0,21.0,20.0,18.0,19.0,17.0,25.0
21.31,22.1,14.0,24.0,31.0,14.0,30.0,25.0,26.0,18.0,17.0,23.0,22.0,29.0,23.0,15.0,24.0,20.0,23.0,24.0,31.0,25.0,23.0,19.0,21.0,21.0,22.0,19.0,18.0,21.0,17.0,24.0
21.32,21.6,12.0,24.0,31.0,14.0,27.0,24.0,25.0,20.0,17.0,22.0,20.0,28.0,21.0,14.0,25.0,20.0,24.0,23.0,30.0,24.0,22.0,21.0,21.0,21.0,22.0,20.0,17.0,21.0,17.0,21.0
21.330000000000002,21.433333333333334,13.0,24.0,31.0,15.0,27.0,24.0,23.0,18.0,17.0,22.0,18.0,27.0,21.0,14.0,24.0,19.0,24.0,23.0,30.0,24.0,22.0,20.0,22.0,21.0,25.0,20.0,18.0,21.0,16.0,20.0
21.34,21.3,13.0,26.0,29.0,14.0,25.0,23.0,23.0,17.0,16.0,23.0,18.0,26.0,21.0,15.0,24.0,19.0,25.0,22.0,29.0,25.0,23.0,21.0,22.0,21.0,23.0,20.0,18.0,24.0,16.0,18.0
21.35,21.2,13.0,26.0,29.0,17.0,25.0,22.0,24.0,17.0,15.0,23.0,20.0,28.0,20.0,15.0,25.0,19.0,24.0,22.0,26.0,25.0,24.0,20.0,20.0,19.0,21.0,19.0,19.0,23.0,17.0,19.0
21.36,21.266666666666666,12.0,25.0,29.0,16.0,26.0,22.0,24.0,17.0,15.0,25.0,17.0,27.0,19.0,15.0,24.0,20.0,23.0,23.0,25.0,25.0,24.0,20.0,20.0,20.0,21.0,19.0,20.0,27.0,17.0,21.0
21.37,21.4,11.0,25.0,28.0,16.0,26.0,22.0,26.0,18.0,14.0,27.0,17.0,27.0,17.0,16.0,26.0,20.0,21.0,23.0,26.0,23.0,25.0,24.0,20.0,21.0,20.0,18.0,19.0,27.0,17.0,22.0
21.38,21.133333333333333,11.0,24.0,27.0,16.0,27.0,21.0,26.0,19.0,15.0,26.0,17.0,26.0,17.0,15.0,25.0,20.0,20.0,23.0,23.0,23.0,23.0,25.0,20.0,24.0,21.0,16.0,20.0,26.0,16.0,22.0
21.39,21.033333333333335,10.0,23.0,27.0,16.0,27.0,20.0,27.0,20.0,15.0,28.0,17.0,25.0,16.0,16.0,24.0,21.0,19.0,23.0,24.0,21.0,23.0,25.0,20.0,26.0,20.0,15.0,19.0,26.0,17.0,21.0
21.400000000000002,21.0,10.0,23.0,28.0,16.0,27.0,19.0,28.0,20.0,15.0,27.0,16.0,25.0,15.0,17.0,24.0,22.0,19.0,23.0,23.0,21.0,23.0,25.0,19.0,26.0,20.0,15.0,18.0,28.0,17.0,21.0
21.41,20.966666666666665,11.0,24.0,25.0,18.0,27.0,20.0,27.0,21.0,15.0,28.0,18.0,24.0,15.0,15.0,22.0,23.0,20.0,20.0,25.0,21.0,23.0,23.0,18.0,25.0,20.0,15.0,17.0,30.0,18.0,21.0
21.42,21.033333333333335,13.0,21.0,25.0,19.0,26.0,21.0,27.0,22.0,15.0,28.0,17.0,22.0,15.0,16.0,20.0,22.0,21.0,21.0,24.0,21.0,25.0,22.0,18.0,25.0,22.0,15.0,18.0,30.0,19.0,21.0
21.43,20.7,13.0,21.0,23.0,18.0,26.0,20.0,27.0,22.0,15.0,27.0,20.0,22.0,11.0,16.0,20.0,20.0,21.0,21.0,24.0,20.0,28.0,22.0,18.0,25.0,20.0,15.0,19.0,28.0,18.0,21.0
21.44,20.7,13.0,25.0,23.0,18.0,25.0,22.0,27.0,20.0,14.0,28.0,20.0,21.0,13.0,14.0,21.0,20.0,20.0,20.0,24.0,19.0,27.0,21.0,18.0,27.0,21.0,15.0,20.0,27.0,17.0,21.0
21.45,20.6,14.0,25.0,24.0,19.0,24.0,22.0,27.0,21.0,16.0,30.0,20.0,19.0,13.0,15.0,23.0,17.0,19.0,21.0,24.0,17.0,25.0,21.0,16.0,26.0,21.0,15.0,22.0,27.0,16.0,19.0
21.46,21.0,14.0,24.0,25.0,19.0,23.0,22.0,29.0,21.0,17.0,29.0,20.0,19.0,11.0,16.0,22.0,17.0,20.0,25.0,24.0,17.0,26.0,22.0,16.0,27.0,23.0,16.0,23.0,28.0,16.0,19.0
21.47,20.766666666666666,15.0,22.0,24.0,19.0,23.0,22.0,30.0,21.0,16.0,29.0,21.0,18.0,9.0,18.0,21.0,17.0,18.0,24.0,23.0,19.0,24.0,21.0,15.0,27.0,23.0,16.0,24.0,27.0,18.0,19.0
21.48,20.433333333333334,14.0,21.0,23.0,18.0,21.0,20.0,31.0,20.0,16.0,28.0,21.0,19.0,8.0,18.0,21.0,18.0,21.0,24.0,24.0,20.0,25.0,19.0,16.0,26.0,22.0,14.0,24.0,25.0,18.0,18.0
21.490000000000002,20.433333333333334,14.0,21.0,24.0,20.0,21.0,19.0,30.0,19.0,14.0,26.0,21.0,20.0,8.0,19.0,18.0,19.0,22.0,23.0,24.0,21.0,25.0,20.0,17.0,27.0,21.0,16.0,22.0,26.0,18.0,18.0
21.5,20.4,14.0,22.0,25.0,20.0,22.0,19.0,27.0,20.0,12.0,24.0,21.0,20.0,9.0,20.0,18.0,18.0,22.0,23.0,25.0,20.0,25.0,21.0,17.0,26.0,21.0,16.0,23.0,28.0,16.0,18.0
21.51,20.733333333333334,16.0,21.0,25.0,22.0,22.0,22.0,27.0,19.0,12.0,24.0,22.0,19.0,8.0,20.0,20.0,19.0,23.0,23.0,26.0,21.0,24.0,21.0,16.0,25.0,23.0,16.0,25.0,28.0,16.0,17.0
21.52,20.566666666666666,19.0,21.0,23.0,22.0,23.0,19.0,27.0,19.0,12.0,24.0,21.0,20.0,8.0,20.0,20.0,19.0,23.0,22.0,26.0,21.0,24.0,20.0,15.0,24.0,23.0,15.0,26.0,28.0,16.0,17.0
21.53,20.1,19.0,20.0,23.0,21.0,24.0,15.0,30.0,19.0,11.0,25.0,22.0,18.0,7.0,20.0,21.0,19.0,22.0,21.0,24.0,21.0,24.0,19.0,14.0,21.0,22.0,15.0,27.0,27.0,16.0,16.0
21.54,19.8,20.0,20.0,24.0,21.0,23.0,15.0,30.0,20.0,12.0,25.0,21.0,17.0,8.0,19.0,20.0,19.0,21.0,21.0,24.0,19.0,23.0,17.0,14.0,20.0,20.0,14.0,29.0,27.0,15.0,16.0
21.55,19.733333333333334,20.0,21.0,22.0,21.0,21.0,14.0,29.0,19.0,14.0,25.0,20.0,16.0,9.0,21.0,18.0,20.0,21.0,23.0,24.0,18.0,25.0,15.0,15.0,22.0,19.0,13.0,28.0,28.0,16.0,15.0
21.56,19.933333333333334,22.0,21.0,20.0,24.0,21.0,14.0,28.0,18.0,14.0,25.0,20.0,16.0,7.0,23.0,18.0,20.0,21.0,24.0,23.0,18.0,26.0,15.0,14.0,22.0,19.0,14.0,28.0,27.0,19.0,17.0
21.57,19.866666666666667,23.0,21.0,20.0,22.0,22.0,14.0,27.0,18.0,15.0,25.0,21.0,15.0,7.0,22.0,17.0,22.0,20.0,25.0,24.0,17.0,26.0,13.0,14.0,22.0,18.0,15.0,27.0,27.0,20.0,17.0
21.580000000000002,19.8,23.0,20.0,19.0,24.0,22.0,14.0,27.0,19.0,17.0,24.0,22.0,14.0,8.0,22.0,17.0,24.0,18.0,24.0,24.0,17.0,24.0,14.0,14.0,21.0,20.0,16.0,26.0,26.0,19.0,15.0
21.59,19.633333333333333,25.0,19.0,19.0,25.0,20.0,14.0,26.0,20.0,17.0,25.0,23.0,12.0,8.0,22.0,18.0,23.0,17.0,24.0,24.0,19.0,22.0,14.0,14.0,20.0,20.0,16.0,25.0,25.0,18.0,15.0
21.6,19.833333333333332,26.0,21.0,20.0,26.0,20.0,15.0,26.0,20.0,18.0,23.0,24.0,13.0,8.0,21.0,17.0,24.0,17.0,24.0,22.0,19.0,23.0,13.0,15.0,20.0,21.0,16.0,26.0,25.0,17.0,15.0
21.61,19.833333333333332,26.0,22.0,20.0,26.0,21.0,14.0,23.0,22.0,18.0,24.0,23.0,13.0,8.0,20.0,16.0,26.0,20.0,24.0,20.0,19.0,23.0,14.0,14.0,19.0,22.0,16.0,26.0,23.0,17.0,16.0
21.62,19.733333333333334,28.0,23.0,21.0,26.0,20.0,14.0,21.0,23.0,17.0,22.0,22.0,13.0,9.0,21.0,16.0,25.0,20.0,23.0,20.0,20.0,23.0,14.0,14.0,18.0,22.0,15.0,27.0,23.0,18.0,14.0
21.63,19.733333333333334,26.0,24.0,21.0,26.0,20.0,15.0,22.0,23.0,17.0,22.0,21.0,12.0,10.0,20.0,16.0,25.0,21.0,22.0,20.0,18.0,23.0,15.0,14.0,20.0,22.0,15.0,30.0,21.0,18.0,13.0
21.64,19.533333333333335,24.0,23.0,22.0,28.0,21.0,14.0,21.0,23.0,18.0,22.0,18.0,11.0,11.0,22.0,15.0,26.0,20.0,22.0,17.0,18.0,24.0,15.0,14.0,21.0,22.0,14.0,29.0,19.0,19.0,13.0
21.650000000000002,19.266666666666666,24.0,24.0,22.0,29.0,22.0,14.0,21.0,20.0,17.0,22.0,17.0,10.0,9.0,22.0,15.0,25.0,20.0,19.0,17.0,17.0,24.0,16.0,14.0,23.0,22.0,13.0,29.0,20.0,19.0,12.0
21.66,19.366666666666667,24.0,23.0,21.0,30.0,20.0,14.0,21.0,21.0,17.0,22.0,17.0,14.0,10.0,19.0,17.0,25.0,21.0,18.0,17.0,18.0,23.0,15.0,14.0,22.0,21.0,14.0,29.0,21.0,20.0,13.0
21.67,19.366666666666667,23.0,25.0,21.0,30.0,18.0,14.0,21.0,21.0,18.0,18.0,17.0,15.0,10.0,20.0,17.0,27.0,20.0,18.0,17.0,18.0,22.0,17.0,14.0,24.0,20.0,14.0,29.0,21.0,19.0,13.0
21.68,19.166666666666668,24.0,23.0,21.0,28.0,18.0,14.0,21.0,19.0,19.0,17.0,17.0,15.0,10.0,21.0,15.0,30.0,21.0,18.0,16.0,18.0,22.0,16.0,14.0,23.0,21.0,13.0,28.0,21.0,19.0,13.0
21.69,19.166666666666668,23.0,25.0,19.0,28.0,19.0,16.0,23.0,18.0,19.0,15.0,16.0,14.0,10.0,21.0,16.0,31.0,22.0,19.0,16.0,20.0,20.0,15.0,15.0,22.0,21.0,14.0,28.0,20.0,18.0,12.0
21.7,19.033333333333335,22.0,25.0,20.0,27.0,20.0,16.0,22.0,17.0,19.0,15.0,16.0,15.0,10.0,20.0,16.0,29.0,21.0,20.0,16.0,18.0,22.0,15.0,13.0,23.0,22.0,16.0,26.0,19.0,18.0,13.0
21.71,19.1,20.0,24.0,21.0,28.0,20.0,16.0,23.0,17.0,20.0,18.0,18.0,15.0,10.0,20.0,15.0,30.0,22.0,20.0,14.0,18.0,21.0,17.0,14.0,23.0,20.0,15.0,28.0,17.0,17.0,12.0
21.72,18.633333333333333,19.0,23.0,19.0,27.0,19.0,13.0,21.0,18.0,19.0,18.0,17.0,15.0,11.0,23.0,15.0,30.0,21.0,20.0,15.0,18.0,21.0,17.0,12.0,23.0,20.0,14.0,28.0,14.0,17.0,12.0
21.73,18.733333333333334,17.0,22.0,19.0,28.0,19.0,13.0,21.0,18.0,20.0,16.0,17.0,16.0,12.0,21.0,15.0,31.0,22.0,20.0,15.0,18.0,23.0,16.0,14.0,24.0,19.0,14.0,28.0,14.0,18.0,12.0
21.740000000000002,18.7,15.0,22.0,22.0,27.0,18.0,14.0,17.0,18.0,23.0,18.0,16.0,18.0,14.0,21.0,15.0,29.0,20.0,19.0,16.0,19.0,20.0,15.0,15.0,25.0,17.0,14.0,29.0,13.0,20.0,12.0
21.75,18.866666666666667,14.0,21.0,21.0,28.0,18.0,15.0,16.0,19.0,25.0,19.0,16.0,18.0,14.0,20.0,16.0,30.0,20.0,19.0,16.0,19.0,19.0,15.0,15.0,27.0,18.0,13.0,28.0,14.0,20.0,13.0
21.76,18.366666666666667,13.0,20.0,21.0,25.0,19.0,14.0,17.0,19.0,25.0,17.0,16.0,18.0,14.0,20.0,18.0,28.0,18.0,19.0,16.0,17.0,18.0,15.0,17.0,24.0,17.0,13.0,26.0,14.0,20.0,13.0
21.77,18.333333333333332,13.0,19.0,21.0,26.0,17.0,15.0,17.0,20.0,26.0,18.0,16.0,19.0,14.0,20.0,17.0,27.0,21.0,18.0,15.0,15.0,19.0,15.0,17.0,24.0,17.0,12.0,25.0,15.0,20.0,12.0
21.78,18.5,13.0,18.0,23.0,26.0,16.0,16.0,17.0,19.0,24.0,17.0,16.0,19.0,15.0,20.0,16.0,26.0,21.0,21.0,16.0,15.0,23.0,18.0,16.0,22.0,14.0,13.0,25.0,17.0,21.0,12.0
21.79,18.733333333333334,13.0,18.0,23.0,26.0,16.0,15.0,17.0,19.0,23.0,17.0,16.0,21.0,15.0,20.0,17.0,26.0,22.0,21.0,17.0,17.0,22.0,19.0,16.0,22.0,14.0,13.0,25.0,17.0,22.0,13.0
21.8,19.066666666666666,13.0,18.0,24.0,28.0,16.0,15.0,15.0,18.0,24.0,16.0,16.0,20.0,15.0,21.0,18.0,28.0,22.0,21.0,18.0,18.0,25.0,18.0,17.0,23.0,13.0,13.0,25.0,18.0,23.0,13.0
21.81,18.766666666666666,14.0,18.0,23.0,28.0,16.0,14.0,15.0,18.0,25.0,15.0,16.0,19.0,15.0,20.0,18.0,28.0,22.0,21.0,19.0,15.0,24.0,18.0,18.0,23.0,12.0,13.0,22.0,19.0,23.0,12.0
21.82,18.6,14.0,17.0,23.0,27.0,14.0,15.0,16.0,19.0,23.0,17.0,16.0,19.0,16.0,20.0,18.0,27.0,22.0,21.0,20.0,15.0,22.0,17.0,18.0,24.0,11.0,11.0,22.0,19.0,23.0,12.0
21.830000000000002,18.733333333333334,14.0,18.0,23.0,27.0,16.0,15.0,16.0,20.0,22.0,17.0,17.0,20.0,16.0,20.0,18.0,26.0,22.0,21.0,18.0,16.0,23.0,18.0,18.0,26.0,12.0,9.0,21.0,19.0,23.0,11.0
21.84,18.333333333333332,12.0,17.0,24.0,29.0,16.0,15.0,16.0,19.0,21.0,16.0,15.0,20.0,16.0,21.0,20.0,25.0,22.0,19.0,17.0,16.0,24.0,19.0,17.0,25.0,12.0,10.0,17.0,18.0,21.0,11.0
21.85,18.166666666666668,13.0,16.0,24.0,27.0,15.0,14.0,16.0,20.0,21.0,16.0,16.0,17.0,17.0,20.0,20.0,24.0,20.0,19.0,17.0,16.0,25.0,20.0,18.0,25.0,12.0,10.0,17.0,19.0,20.0,11.0
21.86,18.133333333333333,12.0,16.0,24.0,27.0,16.0,15.0,15.0,18.0,18.0,16.0,18.0,16.0,17.0,20.0,21.0,23.0,19.0,20.0,17.0,16.0,25.0,20.0,17.0,25.0,12.0,11.0,17.0,20.0,21.0,12.0
21.87,18.366666666666667,12.0,16.0,25.0,26.0,16.0,16.0,16.0,18.0,17.0,17.0,17.0,17.0,18.0,19.0,22.0,21.0,20.0,20.0,16.0,18.0,26.0,19.0,16.0,28.0,13.0,12.0,17.0,19.0,22.0,12.0
21.88,18.9,12.0,18.0,25.0,26.0,16.0,15.0,17.0,19.0,17.0,17.0,19.0,18.0,19.0,20.0,21.0,24.0,21.0,18.0,17.0,21.0,25.0,20.0,16.0,27.0,14.0,12.0,18.0,19.0,24.0,12.0
21.89,18.533333333333335,11.0,17.0,25.0,26.0,16.0,15.0,17.0,17.0,17.0,16.0,19.0,17.0,19.0,20.0,21.0,24.0,22.0,15.0,16.0,20.0,25.0,18.0,16.0,28.0,13.0,12.0,17.0,19.0,23.0,15.0
21.900000000000002,18.433333333333334,10.0,17.0,25.0,26.0,15.0,14.0,17.0,17.0,19.0,16.0,17.0,16.0,19.0,20.0,23.0,26.0,22.0,14.0,16.0,19.0,25.0,19.0,16.0,27.0,13.0,13.0,18.0,19.0,21.0,14.0
21.91,18.5,10.0,17.0,25.0,27.0,18.0,13.0,19.0,17.0,18.0,16.0,17.0,17.0,19.0,20.0,23.0,24.0,24.0,15.0,17.0,20.0,24.0,19.0,15.0,25.0,11.0,14.0,17.0,20.0,21.0,13.0
21.92,18.5,12.0,18.0,24.0,30.0,18.0,12.0,18.0,17.0,18.0,17.0,18.0,17.0,18.0,20.0,23.0,23.0,24.0,15.0,16.0,19.0,25.0,18.0,15.0,25.0,10.0,13.0,17.0,22.0,21.0,12.0
21.93,18.466666666666665,14.0,16.0,24.0,29.0,17.0,12.0,17.0,18.0,18.0,15.0,21.0,18.0,19.0,21.0,22.0,22.0,24.0,15.0,16.0,19.0,25.0,17.0,14.0,24.0,8.0,16.0,18.0,22.0,21.0,12.0
21.94,18.266666666666666,16.0,15.0,24.0,29.0,18.0,13.0,16.0,18.0,18.0,13.0,22.0,17.0,19.0,19.0,22.0,21.0,23.0,15.0,15.0,18.0,23.0,17.0,14.0,24.0,10.0,16.0,18.0,21.0,22.0,12.0
21.95,18.166666666666668,17.0,15.0,24.0,29.0,18.0,13.0,19.0,18.0,15.0,11.0,21.0,17.0,18.0,19.0,24.0,20.0,23.0,15.0,16.0,18.0,24.0,19.0,14.0,23.0,10.0,14.0,19.0,20.0,22.0,10.0
21.96,18.633333333333333,17.0,15.0,26.0,30.0,18.0,14.0,21.0,19.0,16.0,11.0,21.0,17.0,17.0,21.0,23.0,20.0,24.0,15.0,17.0,17.0,24.0,20.0,16.0,24.0,10.0,15.0,19.0,19.0,22.0,11.0
21.97,18.833333333333332,17.0,15.0,26.0,28.0,17.0,14.0,23.0,21.0,16.0,11.0,21.0,14.0,20.0,20.0,21.0,19.0,24.0,16.0,17.0,18.0,25.0,20.0,18.0,25.0,11.0,17.0,18.0,20.0,21.0,12.0
21.98,18.566666666666666,16.0,14.0,26.0,27.0,18.0,15.0,24.0,20.0,16.0,11.0,20.0,15.0,20.0,21.0,20.0,19.0,23.0,15.0,18.0,16.0,23.0,22.0,18.0,23.0,9.0,17.0,19.0,20.0,19.0,13.0
21.990000000000002,18.566666666666666,16.0,13.0,26.0,27.0,21.0,16.0,24.0,20.0,16.0,12.0,20.0,16.0,20.0,21.0,16.0,19.0,22.0,15.0,18.0,17.0,22.0,22.0,19.0,19.0,9.0,18.0,18.0,20.0,21.0,14.0
22.0,18.466666666666665,15.0,14.0,28.0,26.0,22.0,16.0,22.0,20.0,16.0,12.0,18.0,16.0,21.0,21.0,16.0,19.0,21.0,13.0,17.0,18.0,22.0,23.0,18.0,19.0,10.0,18.0,18.0,19.0,21.0,15.0
22.01,18.366666666666667,17.0,14.0,29.0,27.0,22.0,16.0,21.0,19.0,19.0,12.0,16.0,17.0,19.0,20.0,16.0,19.0,21.0,13.0,16.0,16.0,23.0,24.0,19.0,19.0,9.0,16.0,17.0,19.0,21.0,15.0
22.02,18.733333333333334,19.0,15.0,28.0,25.0,23.0,17.0,22.0,20.0,18.0,13.0,16.0,18.0,19.0,22.0,16.0,19.0,22.0,13.0,14.0,19.0,23.0,23.0,18.0,20.0,10.0,16.0,16.0,20.0,21.0,17.0
22.03,18.933333333333334,18.0,15.0,30.0,25.0,24.0,17.0,19.0,22.0,17.0,13.0,17.0,18.0,22.0,24.0,18.0,17.0,20.0,13.0,14.0,19.0,24.0,25.0,18.0,19.0,10.0,16.0,16.0,21.0,21.0,16.0
22.04,18.666666666666668,17.0,15.0,27.0,24.0,25.0,16.0,18.0,22.0,15.0,13.0,16.0,16.0,20.0,25.0,18.0,18.0,21.0,14.0,14.0,19.0,23.0,25.0,18.0,21.0,10.0,16.0,15.0,21.0,21.0,17.0
22.05,18.566666666666666,17.0,15.0,23.0,24.0,25.0,14.0,17.0,22.0,15.0,14.0,18.0,16.0,20.0,25.0,16.0,20.0,21.0,15.0,16.0,18.0,23.0,25.0,18.0,22.0,10.0,14.0,15.0,22.0,20.0,17.0
22.06,18.166666666666668,16.0,14.0,23.0,24.0,25.0,14.0,18.0,20.0,15.0,14.0,18.0,17.0,19.0,25.0,17.0,18.0,19.0,16.0,17.0,17.0,22.0,22.0,16.0,23.0,10.0,15.0,14.0,21.0,18.0,18.0
22.07,17.933333333333334,16.0,14.0,22.0,24.0,25.0,13.0,19.0,20.0,15.0,14.0,18.0,17.0,18.0,24.0,16.0,17.0,21.0,17.0,16.0,16.0,22.0,21.0,17.0,22.0,12.0,14.0,13.0,19.0,18.0,18.0
22.080000000000002,18.066666666666666,14.0,13.0,22.0,24.0,24.0,11.0,18.0,20.0,15.0,15.0,19.0,16.0,18.0,24.0,17.0,17.0,22.0,18.0,15.0,16.0,22.0,21.0,19.0,22.0,12.0,16.0,16.0,18.0,19.0,19.0
22.09,18.3,14.0,15.0,24.0,23.0,24.0,12.0,18.0,20.0,14.0,16.0,19.0,18.0,18.0,24.0,16.0,16.0,21.0,19.0,15.0,16.0,22.0,22.0,22.0,21.0,13.0,17.0,13.0,18.0,19.0,20.0
22.1,18.066666666666666,14.0,15.0,23.0,22.0,22.0,10.0,17.0,21.0,14.0,17.0,19.0,18.0,18.0,22.0,14.0,17.0,22.0,19.0,18.0,16.0,22.0,22.0,22.0,20.0,13.0,15.0,13.0,18.0,19.0,20.0
22.11,17.766666666666666,14.0,15.0,25.0,22.0,21.0,10.0,17.0,21.0,13.0,17.0,20.0,17.0,18.0,22.0,14.0,17.0,19.0,20.0,18.0,16.0,21.0,19.0,21.0,20.0,14.0,14.0,13.0,17.0,18.0,20.0
22.12,17.7,15.0,16.0,23.0,23.0,22.0,10.0,16.0,19.0,13.0,16.0,19.0,17.0,18.0,21.0,16.0,17.0,19.0,20.0,17.0,15.0,19.0,19.0,22.0,19.0,16.0,15.0,14.0,17.0,18.0,20.0
22.13,17.833333333333332,14.0,16.0,24.0,23.0,22.0,10.0,16.0,20.0,12.0,16.0,20.0,17.0,17.0,21.0,15.0,15.0,19.0,21.0,17.0,14.0,19.0,20.0,23.0,20.0,17.0,16.0,15.0,17.0,19.0,20.0
22.14,17.666666666666668,14.0,18.0,24.0,22.0,22.0,12.0,18.0,19.0,12.0,16.0,20.0,18.0,17.0,18.0,14.0,14.0,16.0,20.0,16.0,13.0,19.0,18.0,22.0,20.0,17.0,16.0,16.0,17.0,21.0,21.0
22.150000000000002,17.4,17.0,17.0,22.0,22.0,21.0,12.0,19.0,18.0,10.0,16.0,20.0,17.0,15.0,17.0,16.0,14.0,16.0,19.0,17.0,13.0,19.0,18.0,22.0,19.0,17.0,17.0,16.0,16.0,20.0,20.0
22.16,17.2,17.0,18.0,22.0,17.0,21.0,13.0,18.0,18.0,11.0,16.0,20.0,17.0,15.0,17.0,16.0,13.0,16.0,16.0,18.0,12.0,18.0,18.0,22.0,21.0,17.0,17.0,16.0,14.0,21.0,21.0
22.17,17.133333333333333,17.0,16.0,21.0,18.0,19.0,14.0,18.0,17.0,11.0,16.0,21.0,18.0,16.0,17.0,15.0,13.0,16.0,17.0,17.0,12.0,17.0,17.0,24.0,22.0,17.0,16.0,15.0,14.0,21.0,22.0
22.18,17.166666666666668,16.0,16.0,21.0,19.0,18.0,13.0,19.0,18.0,10.0,16.0,23.0,18.0,16.0,17.0,15.0,13.0,16.0,18.0,17.0,12.0,15.0,17.0,22.0,21.0,18.0,17.0,17.0,14.0,21.0,22.0
22.19,17.433333333333334,15.0,16.0,20.0,18.0,19.0,13.0,22.0,16.0,10.0,15.0,23.0,18.0,16.0,17.0,18.0,14.0,16.0,18.0,17.0,13.0,15.0,17.0,22.0,21.0,19.0,19.0,18.0,14.0,21.0,23.0
22.2,17.6,15.0,16.0,20.0,17.0,19.0,13.0,24.0,15.0,9.0,14.0,24.0,19.0,18.0,16.0,17.0,14.0,16.0,20.0,20.0,13.0,15.0,17.0,22.0,21.0,19.0,20.0,17.0,13.0,22.0,23.0
22.21,17.4,14.0,16.0,19.0,19.0,17.0,14.0,23.0,15.0,10.0,14.0,24.0,20.0,16.0,15.0,19.0,15.0,16.0,19.0,21.0,13.0,14.0,16.0,22.0,20.0,18.0,20.0,16.0,13.0,22.0,22.0
22.22,17.2,15.0,14.0,19.0,19.0,15.0,12.0,22.0,16.0,10.0,16.0,24.0,19.0,16.0,14.0,20.0,17.0,15.0,17.0,21.0,11.0,14.0,16.0,23.0,20.0,18.0,20.0,15.0,14.0,23.0,21.0
22.23,17.066666666666666,15.0,14.0,21.0,18.0,15.0,12.0,22.0,17.0,10.0,16.0,24.0,19.0,15.0,13.0,21.0,17.0,14.0,17.0,21.0,11.0,12.0,17.0,23.0,18.0,16.0,19.0,15.0,16.0,23.0,21.0
22.240000000000002,16.866666666666667,14.0,14.0,22.0,19.0,15.0,12.0,23.0,16.0,8.0,14.0,23.0,18.0,15.0,13.0,22.0,15.0,15.0,18.0,21.0,11.0,11.0,18.0,21.0,17.0,16.0,19.0,16.0,16.0,23.0,21.0
22.25,16.733333333333334,14.0,14.0,21.0,17.0,15.0,12.0,24.0,16.0,9.0,13.0,23.0,19.0,13.0,14.0,23.0,17.0,16.0,16.0,20.0,10.0,11.0,18.0,22.0,18.0,16.0,20.0,15.0,15.0,21.0,20.0
22.26,16.666666666666668,14.0,14.0,20.0,16.0,13.0,11.0,23.0,16.0,8.0,13.0,21.0,18.0,13.0,14.0,24.0,18.0,16.0,16.0,20.0,11.0,11.0,20.0,23.0,19.0,16.0,19.0,15.0,16.0,21.0,21.0
22.27,16.6,14.0,13.0,19.0,15.0,13.0,11.0,22.0,17.0,8.0,14.0,21.0,18.0,12.0,15.0,23.0,21.0,14.0,16.0,21.0,9.0,12.0,18.0,24.0,18.0,16.0,20.0,16.0,16.0,21.0,21.0
22.28,16.566666666666666,13.0,14.0,18.0,16.0,13.0,11.0,22.0,17.0,11.0,14.0,21.0,17.0,12.0,15.0,23.0,22.0,13.0,17.0,20.0,10.0,13.0,18.0,23.0,16.0,16.0,21.0,15.0,15.0,20.0,21.0
22.29,16.633333333333333,13.0,15.0,18.0,15.0,13.0,10.0,20.0,16.0,10.0,14.0,22.0,18.0,13.0,14.0,22.0,22.0,15.0,18.0,19.0,10.0,14.0,19.0,24.0,18.0,17.0,21.0,15.0,15.0,20.0,19.0
22.3,16.766666666666666,14.0,15.0,17.0,15.0,14.0,9.0,19.0,15.0,10.0,14.0,22.0,17.0,14.0,14.0,22.0,23.0,13.0,19.0,19.0,10.0,16.0,19.0,25.0,18.0,18.0,21.0,16.0,15.0,21.0,19.0
22.31,16.766666666666666,13.0,14.0,17.0,15.0,15.0,10.0,19.0,15.0,10.0,14.0,23.0,15.0,14.0,14.0,21.0,23.0,14.0,18.0,18.0,9.0,17.0,17.0,25.0,18.0,19.0,21.0,15.0,15.0,23.0,22.0
22.32,16.433333333333334,12.0,14.0,16.0,14.0,14.0,10.0,18.0,13.0,10.0,12.0,21.0,14.0,14.0,14.0,21.0,23.0,13.0,19.0,19.0,10.0,18.0,16.0,25.0,18.0,18.0,21.0,14.0,14.0,23.0,25.0
22.330000000000002,16.6,12.0,14.0,18.0,14.0,14.0,9.0,19.0,13.0,12.0,12.0,21.0,15.0,13.0,15.0,21.0,23.0,13.0,19.0,19.0,10.0,20.0,18.0,25.0,17.0,15.0,21.0,14.0,16.0,22.0,24.0
22.34,16.7,12.0,14.0,17.0,13.0,14.0,10.0,19.0,13.0,11.0,12.0,22.0,16.0,13.0,15.0,21.0,25.0,14.0,20.0,20.0,9.0,19.0,17.0,26.0,16.0,15.0,21.0,15.0,16.0,22.0,24.0
22.35,16.866666666666667,12.0,13.0,18.0,15.0,15.0,10.0,19.0,14.0,12.0,12.0,21.0,16.0,13.0,15.0,20.0,24.0,13.0,21.0,20.0,10.0,19.0,18.0,26.0,16.0,15.0,22.0,16.0,16.0,21.0,24.0
22.36,16.566666666666666,12.0,13.0,18.0,14.0,15.0,9.0,18.0,12.0,12.0,11.0,20.0,16.0,14.0,16.0,18.0,23.0,13.0,22.0,19.0,9.0,19.0,18.0,26.0,16.0,15.0,24.0,16.0,17.0,19.0,23.0
22.37,16.7,12.0,15.0,17.0,14.0,15.0,9.0,17.0,12.0,12.0,12.0,20.0,16.0,15.0,16.0,19.0,24.0,12.0,21.0,20.0,10.0,18.0,17.0,27.0,15.0,15.0,25.0,16.0,18.0,20.0,22.0
22.38,16.666666666666668,14.0,13.0,17.0,14.0,15.0,10.0,18.0,11.0,11.0,11.0,20.0,15.0,15.0,16.0,18.0,25.0,12.0,21.0,21.0,10.0,18.0,14.0,28.0,18.0,14.0,25.0,16.0,19.0,20.0,21.0
22.39,16.566666666666666,14.0,13.0,17.0,15.0,15.0,10.0,19.0,11.0,11.0,12.0,19.0,15.0,15.0,14.0,17.0,26.0,12.0,21.0,20.0,11.0,18.0,14.0,26.0,18.0,13.0,26.0,15.0,20.0,19.0,21.0
22.400000000000002,16.2,12.0,13.0,14.0,16.0,15.0,10.0,18.0,12.0,11.0,14.0,17.0,16.0,15.0,14.0,18.0,25.0,12.0,20.0,17.0,12.0,16.0,14.0,26.0,19.0,12.0,23.0,14.0,22.0,19.0,20.0
22.41,15.766666666666667,12.0,12.0,12.0,14.0,15.0,10.0,16.0,12.0,11.0,15.0,16.0,14.0,15.0,15.0,18.0,25.0,10.0,21.0,16.0,12.0,17.0,13.0,24.0,19.0,13.0,21.0,13.0,22.0,19.0,21.0
22.42,15.6,12.0,15.0,12.0,13.0,16.0,11.0,15.0,12.0,12.0,16.0,17.0,15.0,16.0,14.0,18.0,23.0,8.0,19.0,16.0,12.0,16.0,12.0,23.0,19.0,13.0,21.0,12.0,21.0,19.0,20.0
22.43,15.4,12.0,14.0,12.0,14.0,16.0,11.0,16.0,11.0,9.0,14.0,17.0,14.0,19.0,14.0,18.0,21.0,9.0,19.0,16.0,12.0,17.0,12.0,23.0,19.0,14.0,21.0,12.0,20.0,18.0,18.0
22.44,15.333333333333334,12.0,15.0,11.0,14.0,17.0,10.0,16.0,11.0,11.0,14.0,17.0,13.0,19.0,14.0,18.0,20.0,10.0,19.0,14.0,13.0,19.0,11.0,23.0,19.0,14.0,20.0,11.0,20.0,18.0,17.0
22.45,15.1,12.0,14.0,9.0,15.0,17.0,9.0,16.0,10.0,11.0,14.0,17.0,13.0,21.0,14.0,19.0,21.0,11.0,20.0,14.0,11.0,19.0,10.0,21.0,18.0,14.0,20.0,10.0,19.0,17.0,17.0
22.46,15.2,12.0,13.0,8.0,14.0,18.0,9.0,15.0,11.0,10.0,16.0,18.0,13.0,22.0,14.0,19.0,22.0,13.0,20.0,14.0,12.0,18.0,10.0,20.0,18.0,14.0,20.0,10.0,19.0,16.0,18.0
22.47,15.066666666666666,12.0,13.0,8.0,14.0,18.0,9.0,14.0,10.0,10.0,15.0,18.0,11.0,22.0,15.0,18.0,22.0,12.0,20.0,14.0,12.0,18.0,11.0,19.0,19.0,15.0,20.0,10.0,20.0,16.0,17.0
22.48,15.066666666666666,12.0,12.0,9.0,13.0,16.0,9.0,15.0,10.0,10.0,15.0,17.0,11.0,22.0,16.0,18.0,22.0,12.0,21.0,13.0,13.0,18.0,11.0,19.0,21.0,15.0,21.0,10.0,20.0,15.0,16.0
22.490000000000002,14.933333333333334,12.0,11.0,9.0,13.0,17.0,8.0,13.0,11.0,10.0,16.0,18.0,10.0,22.0,16.0,17.0,17.0,13.0,23.0,13.0,14.0,18.0,13.0,19.0,20.0,15.0,18.0,10.0,20.0,16.0,16.0
22.5,15.166666666666666,13.0,12.0,8.0,15.0,15.0,9.0,13.0,12.0,11.0,15.0,17.0,11.0,23.0,17.0,17.0,17.0,14.0,25.0,14.0,14.0,18.0,13.0,19.0,20.0,14.0,19.0,10.0,20.0,16.0,14.0
22.51,15.133333333333333,13.0,13.0,8.0,15.0,15.0,12.0,13.0,11.0,13.0,16.0,19.0,14.0,23.0,16.0,17.0,17.0,14.0,25.0,12.0,13.0,15.0,13.0,18.0,19.0,15.0,17.0,10.0,20.0,16.0,12.0
22.52,15.266666666666667,11.0,13.0,8.0,16.0,15.0,12.0,13.0,11.0,14.0,14.0,19.0,13.0,25.0,17.0,17.0,16.0,15.0,27.0,12.0,14.0,15.0,13.0,19.0,19.0,15.0,16.0,10.0,20.0,16.0,13.0
22.53,14.9,10.0,14.0,9.0,17.0,15.0,12.0,13.0,12.0,14.0,13.0,18.0,14.0,23.0,14.0,17.0,16.0,14.0,26.0,12.0,13.0,15.0,12.0,18.0,19.0,14.0,15.0,10.0,19.0,16.0,13.0
22.54,14.733333333333333,10.0,14.0,10.0,16.0,15.0,12.0,12.0,11.0,14.0,13.0,17.0,14.0,22.0,13.0,16.0,16.0,13.0,23.0,14.0,12.0,16.0,12.0,17.0,18.0,17.0,16.0,11.0,20.0,15.0,13.0
22.55,14.5,8.0,14.0,10.0,16.0,14.0,10.0,11.0,12.0,14.0,13.0,18.0,15.0,23.0,10.0,16.0,16.0,13.0,24.0,14.0,12.0,15.0,11.0,17.0,17.0,17.0,16.0,11.0,21.0,14.0,13.0
22.56,14.466666666666667,9.0,16.0,11.0,16.0,17.0,9.0,10.0,12.0,14.0,12.0,19.0,15.0,23.0,9.0,16.0,15.0,14.0,24.0,13.0,11.0,14.0,11.0,17.0,15.0,17.0,16.0,11.0,21.0,13.0,14.0
22.57,14.366666666666667,10.0,14.0,12.0,15.0,16.0,9.0,11.0,12.0,14.0,13.0,21.0,15.0,23.0,9.0,17.0,15.0,13.0,22.0,13.0,11.0,13.0,11.0,18.0,15.0,16.0,15.0,11.0,21.0,13.0,13.0
22.580000000000002,14.3,10.0,14.0,12.0,15.0,14.0,9.0,11.0,12.0,14.0,13.0,22.0,15.0,23.0,9.0,17.0,14.0,13.0,22.0,14.0,9.0,15.0,12.0,19.0,14.0,15.0,13.0,11.0,21.0,13.0,14.0
22.59,14.233333333333333,10.0,13.0,12.0,14.0,15.0,9.0,11.0,12.0,14.0,12.0,22.0,15.0,23.0,9.0,17.0,15.0,14.0,20.0,14.0,9.0,15.0,13.0,19.0,12.0,15.0,14.0,10.0,21.0,13.0,15.0
22.6,14.166666666666666,9.0,14.0,12.0,14.0,14.0,9.0,12.0,13.0,14.0,11.0,23.0,17.0,21.0,9.0,17.0,15.0,14.0,19.0,14.0,8.0,15.0,13.0,19.0,12.0,15.0,14.0,10.0,21.0,12.0,15.0
22.61,14.133333333333333,9.0,15.0,13.0,14.0,12.0,9.0,12.0,14.0,14.0,11.0,23.0,17.0,18.0,8.0,18.0,14.0,14.0,18.0,14.0,6.0,17.0,13.0,19.0,12.0,15.0,13.0,11.0,22.0,13.0,16.0
22.62,14.3,8.0,14.0,14.0,14.0,14.0,10.0,9.0,14.0,14.0,11.0,23.0,17.0,18.0,8.0,19.0,14.0,15.0,20.0,14.0,7.0,18.0,13.0,19.0,13.0,15.0,12.0,12.0,23.0,13.0,14.0
22.63,14.366666666666667,9.0,14.0,16.0,14.0,12.0,10.0,8.0,15.0,14.0,11.0,23.0,17.0,18.0,8.0,19.0,13.0,15.0,21.0,14.0,8.0,18.0,12.0,19.0,14.0,12.0,13.0,13.0,23.0,13.0,15.0
22.64,14.5,9.0,13.0,17.0,14.0,12.0,10.0,9.0,16.0,15.0,11.0,24.0,17.0,19.0,7.0,19.0,13.0,16.0,20.0,14.0,8.0,17.0,12.0,19.0,14.0,12.0,14.0,13.0,22.0,13.0,16.0
22.650000000000002,14.166666666666666,8.0,11.0,18.0,14.0,10.0,10.0,9.0,16.0,14.0,12.0,24.0,16.0,19.0,6.0,19.0,13.0,15.0,22.0,14.0,6.0,15.0,12.0,21.0,14.0,12.0,13.0,11.0,21.0,14.0,16.0
22.66,13.866666666666667,8.0,11.0,17.0,15.0,12.0,9.0,9.0,16.0,15.0,11.0,25.0,15.0,18.0,7.0,18.0,13.0,15.0,19.0,13.0,6.0,15.0,12.0,20.0,12.0,12.0,11.0,14.0,20.0,12.0,16.0
22.67,13.633333333333333,6.0,10.0,16.0,14.0,12.0,9.0,9.0,15.0,14.0,10.0,25.0,13.0,19.0,7.0,19.0,13.0,15.0,19.0,14.0,8.0,15.0,11.0,19.0,12.0,9.0,13.0,14.0,20.0,12.0,17.0
22.68,13.466666666666667,6.0,10.0,15.0,13.0,12.0,9.0,11.0,14.0,14.0,11.0,23.0,12.0,18.0,7.0,19.0,12.0,14.0,19.0,13.0,8.0,16.0,10.0,19.0,12.0,9.0,13.0,14.0,21.0,12.0,18.0
22.69,13.166666666666666,6.0,11.0,15.0,13.0,12.0,8.0,10.0,14.0,14.0,12.0,23.0,12.0,17.0,6.0,19.0,11.0,14.0,18.0,13.0,9.0,16.0,10.0,18.0,10.0,10.0,11.0,13.0,20.0,12.0,18.0
22.7,13.0,7.0,11.0,15.0,13.0,12.0,8.0,9.0,14.0,13.0,11.0,21.0,12.0,17.0,5.0,20.0,12.0,14.0,18.0,12.0,9.0,16.0,10.0,18.0,10.0,10.0,10.0,14.0,19.0,13.0,17.0
22.71,13.0,8.0,11.0,14.0,14.0,14.0,8.0,10.0,14.0,14.0,12.0,20.0,12.0,16.0,6.0,18.0,11.0,15.0,18.0,13.0,8.0,16.0,10.0,17.0,11.0,10.0,10.0,14.0,18.0,13.0,15.0
22.72,13.166666666666666,8.0,12.0,17.0,14.0,14.0,8.0,11.0,13.0,14.0,13.0,20.0,13.0,14.0,7.0,15.0,10.0,14.0,18.0,13.0,8.0,15.0,11.0,19.0,11.0,9.0,10.0,15.0,20.0,14.0,15.0
22.73,13.1,8.0,13.0,16.0,14.0,13.0,8.0,11.0,13.0,13.0,13.0,21.0,15.0,12.0,8.0,14.0,10.0,15.0,18.0,12.0,8.0,14.0,12.0,19.0,11.0,9.0,9.0,16.0,19.0,13.0,16.0
22.740000000000002,12.9,8.0,13.0,16.0,13.0,13.0,7.0,12.0,12.0,13.0,13.0,20.0,14.0,11.0,9.0,14.0,11.0,15.0,17.0,12.0,8.0,15.0,13.0,19.0,9.0,8.0,9.0,15.0,19.0,13.0,16.0
22.75,12.933333333333334,8.0,14.0,17.0,12.0,13.0,8.0,11.0,12.0,13.0,12.0,21.0,14.0,12.0,9.0,15.0,10.0,15.0,16.0,13.0,9.0,15.0,14.0,17.0,8.0,8.0,8.0,16.0,18.0,14.0,16.0
22.76,13.2,8.0,14.0,16.0,12.0,13.0,8.0,11.0,14.0,13.0,13.0,22.0,14.0,11.0,9.0,16.0,10.0,15.0,17.0,13.0,10.0,14.0,13.0,18.0,9.0,9.0,9.0,16.0,19.0,14.0,16.0
22.77,13.1,8.0,12.0,15.0,11.0,15.0,8.0,12.0,16.0,13.0,13.0,19.0,13.0,10.0,10.0,16.0,10.0,14.0,17.0,13.0,12.0,14.0,13.0,17.0,9.0,9.0,11.0,16.0,19.0,13.0,15.0
22.78,13.333333333333334,10.0,11.0,15.0,12.0,16.0,9.0,12.0,16.0,13.0,14.0,18.0,13.0,9.0,11.0,16.0,10.0,14.0,17.0,13.0,12.0,14.0,12.0,18.0,9.0,9.0,12.0,15.0,19.0,14.0,17.0
22.79,13.2,10.0,10.0,17.0,11.0,17.0,9.0,12.0,15.0,13.0,14.0,17.0,13.0,9.0,11.0,15.0,10.0,14.0,18.0,12.0,13.0,13.0,11.0,17.0,9.0,9.0,13.0,14.0,18.0,14.0,18.0
22.8,13.4,10.0,10.0,18.0,11.0,17.0,9.0,12.0,15.0,13.0,13.0,16.0,13.0,11.0,11.0,14.0,10.0,13.0,18.0,12.0,13.0,13.0,12.0,17.0,9.0,9.0,18.0,14.0,18.0,14.0,19.0
22.81,13.1,11.0,10.0,17.0,10.0,17.0,8.0,13.0,16.0,13.0,12.0,16.0,13.0,10.0,12.0,14.0,8.0,12.0,18.0,12.0,13.0,13.0,11.0,18.0,7.0,8.0,19.0,13.0,18.0,14.0,17.0
22.82,12.966666666666667,11.0,8.0,18.0,10.0,18.0,9.0,13.0,16.0,12.0,13.0,15.0,12.0,10.0,12.0,12.0,9.0,12.0,19.0,12.0,13.0,14.0,12.0,18.0,7.0,6.0,19.0,13.0,16.0,13.0,17.0
22.830000000000002,12.866666666666667,9.0,8.0,17.0,10.0,18.0,11.0,13.0,14.0,12.0,13.0,15.0,13.0,10.0,13.0,13.0,11.0,12.0,19.0,10.0,13.0,13.0,12.0,19.0,7.0,6.0,20.0,13.0,14.0,13.0,15.0
22.84,12.666666666666666,8.0,9.0,17.0,11.0,18.0,10.0,13.0,15.0,12.0,12.0,15.0,14.0,10.0,12.0,13.0,10.0,12.0,18.0,9.0,12.0,15.0,13.0,19.0,7.0,6.0,19.0,14.0,10.0,12.0,15.0
22.85,12.766666666666667,9.0,9.0,17.0,8.0,18.0,10.0,13.0,15.0,11.0,14.0,16.0,13.0,10.0,13.0,13.0,11.0,11.0,20.0,11.0,12.0,15.0,13.0,19.0,8.0,6.0,18.0,14.0,10.0,11.0,15.0
22.86,12.9,8.0,10.0,14.0,9.0,19.0,10.0,13.0,16.0,11.0,16.0,16.0,12.0,10.0,15.0,13.0,11.0,11.0,19.0,11.0,13.0,15.0,13.0,19.0,9.0,7.0,18.0,15.0,8.0,11.0,15.0
22.87,12.8,8.0,11.0,12.0,9.0,18.0,10.0,12.0,17.0,12.0,17.0,12.0,12.0,9.0,15.0,13.0,12.0,13.0,18.0,12.0,12.0,13.0,15.0,19.0,9.0,8.0,17.0,15.0,8.0,11.0,15.0
22.88,12.733333333333333,8.0,9.0,12.0,8.0,20.0,10.0,11.0,17.0,12.0,16.0,12.0,12.0,10.0,16.0,13.0,13.0,12.0,17.0,13.0,14.0,12.0,15.0,17.0,9.0,9.0,16.0,16.0,9.0,11.0,13.0
22.89,12.666666666666666,10.0,8.0,12.0,9.0,20.0,9.0,11.0,17.0,12.0,15.0,10.0,12.0,12.0,16.0,13.0,13.0,11.0,18.0,12.0,14.0,11.0,15.0,17.0,9.0,11.0,15.0,15.0,9.0,10.0,14.0
22.900000000000002,12.466666666666667,11.0,7.0,11.0,10.0,20.0,10.0,10.0,16.0,11.0,14.0,10.0,12.0,12.0,15.0,13.0,13.0,9.0,18.0,12.0,13.0,9.0,15.0,16.0,11.0,12.0,14.0,16.0,9.0,10.0,15.0
22.91,12.533333333333333,11.0,7.0,12.0,11.0,18.0,10.0,9.0,14.0,11.0,15.0,10.0,13.0,13.0,16.0,12.0,13.0,10.0,19.0,11.0,15.0,9.0,15.0,16.0,10.0,12.0,14.0,16.0,9.0,11.0,14.0
22.92,12.6,13.0,8.0,13.0,10.0,18.0,9.0,10.0,12.0,10.0,14.0,8.0,16.0,13.0,16.0,12.0,11.0,11.0,19.0,11.0,15.0,10.0,16.0,16.0,10.0,14.0,12.0,17.0,9.0,12.0,13.0
22.93,12.433333333333334,14.0,9.0,13.0,10.0,18.0,9.0,8.0,11.0,9.0,13.0,8.0,16.0,12.0,16.0,13.0,10.0,11.0,19.0,10.0,15.0,12.0,16.0,13.0,10.0,15.0,12.0,16.0,9.0,12.0,14.0
22.94,12.333333333333334,14.0,8.0,15.0,10.0,18.0,9.0,8.0,11.0,10.0,13.0,9.0,14.0,12.0,15.0,13.0,8.0,12.0,18.0,9.0,15.0,14.0,15.0,14.0,10.0,15.0,12.0,15.0,9.0,11.0,14.0
22.95,12.533333333333333,13.0,8.0,17.0,10.0,17.0,10.0,9.0,11.0,9.0,14.0,9.0,14.0,12.0,14.0,10.0,8.0,13.0,18.0,10.0,15.0,14.0,15.0,16.0,10.0,16.0,13.0,16.0,10.0,11.0,14.0
22.96,12.666666666666666,13.0,8.0,17.0,12.0,17.0,10.0,10.0,11.0,9.0,14.0,9.0,14.0,11.0,14.0,10.0,10.0,14.0,17.0,10.0,15.0,14.0,14.0,17.0,11.0,15.0,12.0,17.0,10.0,11.0,14.0
22.97,12.7,12.0,9.0,16.0,11.0,17.0,11.0,8.0,13.0,9.0,14.0,9.0,14.0,11.0,14.0,12.0,10.0,13.0,17.0,12.0,15.0,14.0,15.0,17.0,11.0,15.0,12.0,17.0,9.0,11.0,13.0
22.98,12.8,11.0,9.0,16.0,12.0,18.0,10.0,8.0,13.0,10.0,12.0,9.0,14.0,11.0,15.0,13.0,10.0,14.0,16.0,13.0,14.0,14.0,15.0,18.0,11.0,15.0,12.0,17.0,9.0,13.0,12.0
22.990000000000002,12.933333333333334,12.0,11.0,17.0,12.0,19.0,10.0,7.0,14.0,9.0,12.0,8.0,15.0,11.0,15.0,13.0,11.0,13.0,17.0,13.0,13.0,14.0,15.0,17.0,12.0,15.0,11.0,16.0,9.0,15.0,12.0
23.0,12.766666666666667,11.0,11.0,17.0,11.0,17.0,10.0,7.0,14.0,8.0,13.0,8.0,14.0,11.0,16.0,14.0,12.0,12.0,16.0,14.0,13.0,15.0,14.0,17.0,12.0,16.0,10.0,15.0,8.0,15.0,12.0
23.01,12.533333333333333,10.0,11.0,16.0,10.0,18.0,10.0,6.0,14.0,8.0,12.0,9.0,15.0,10.0,15.0,13.0,12.0,11.0,15.0,14.0,13.0,15.0,14.0,17.0,13.0,17.0,10.0,16.0,7.0,14.0,11.0
23.02,12.733333333333333,12.0,11.0,17.0,10.0,19.0,10.0,5.0,12.0,8.0,12.0,9.0,15.0,10.0,16.0,14.0,13.0,12.0,15.0,14.0,13.0,15.0,13.0,17.0,14.0,18.0,11.0,16.0,7.0,14.0,10.0
23.03,12.7,13.0,11.0,17.0,10.0,17.0,9.0,5.0,13.0,9.0,13.0,9.0,17.0,11.0,16.0,14.0,13.0,13.0,14.0,14.0,13.0,14.0,12.0,14.0,14.0,19.0,10.0,14.0,9.0,14.0,10.0
23.04,12.9,15.0,12.0,20.0,10.0,15.0,7.0,5.0,13.0,9.0,15.0,9.0,17.0,11.0,17.0,14.0,13.0,12.0,13.0,15.0,13.0,14.0,12.0,14.0,15.0,19.0,10.0,16.0,10.0,13.0,9.0
23.05,12.9,18.0,11.0,21.0,10.0,13.0,7.0,5.0,13.0,9.0,14.0,9.0,16.0,10.0,17.0,15.0,14.0,13.0,13.0,16.0,11.0,14.0,12.0,14.0,13.0,19.0,11.0,17.0,10.0,13.0,9.0
23.06,13.0,16.0,11.0,20.0,13.0,14.0,8.0,5.0,14.0,10.0,14.0,9.0,14.0,11.0,16.0,16.0,12.0,13.0,15.0,16.0,11.0,13.0,12.0,15.0,11.0,20.0,12.0,16.0,11.0,13.0,9.0
23.07,12.833333333333334,16.0,12.0,20.0,13.0,15.0,7.0,5.0,13.0,9.0,14.0,11.0,11.0,10.0,17.0,16.0,12.0,13.0,15.0,16.0,11.0,13.0,12.0,14.0,11.0,20.0,10.0,16.0,11.0,13.0,9.0
23.080000000000002,12.733333333333333,16.0,13.0,20.0,11.0,14.0,7.0,7.0,12.0,8.0,14.0,12.0,11.0,9.0,16.0,16.0,11.0,13.0,16.0,15.0,12.0,12.0,12.0,14.0,11.0,19.0,11.0,16.0,12.0,13.0,9.0
23.09,12.633333333333333,13.0,13.0,21.0,12.0,16.0,8.0,6.0,13.0,8.0,13.0,12.0,12.0,8.0,16.0,15.0,12.0,13.0,17.0,13.0,12.0,11.0,13.0,14.0,10.0,18.0,11.0,15.0,11.0,14.0,9.0
23.1,12.633333333333333,13.0,12.0,21.0,11.0,17.0,8.0,6.0,13.0,9.0,13.0,11.0,13.0,7.0,15.0,15.0,11.0,14.0,18.0,13.0,13.0,11.0,13.0,14.0,11.0,18.0,12.0,14.0,10.0,14.0,9.0
23.11,12.533333333333333,13.0,13.0,23.0,10.0,17.0,9.0,7.0,13.0,8.0,15.0,9.0,13.0,7.0,14.0,15.0,11.0,13.0,16.0,13.0,12.0,12.0,12.0,14.0,12.0,17.0,13.0,13.0,9.0,14.0,9.0
23.12,12.4,13.0,14.0,23.0,10.0,18.0,7.0,6.0,13.0,9.0,15.0,9.0,12.0,7.0,13.0,14.0,11.0,12.0,15.0,13.0,11.0,13.0,11.0,14.0,12.0,16.0,13.0,16.0,8.0,14.0,10.0
23.13,12.4,14.0,15.0,23.0,10.0,17.0,8.0,7.0,13.0,11.0,15.0,10.0,13.0,7.0,12.0,16.0,11.0,13.0,13.0,13.0,11.0,13.0,11.0,12.0,12.0,15.0,11.0,16.0,7.0,14.0,9.0
23.14,12.433333333333334,15.0,16.0,23.0,10.0,16.0,8.0,7.0,13.0,11.0,15.0,10.0,15.0,6.0,12.0,15.0,11.0,15.0,12.0,12.0,11.0,16.0,11.0,12.0,11.0,15.0,11.0,15.0,8.0,12.0,9.0
23.150000000000002,12.533333333333333,15.0,16.0,22.0,10.0,16.0,9.0,8.0,16.0,11.0,15.0,10.0,14.0,6.0,13.0,13.0,11.0,16.0,12.0,12.0,10.0,17.0,12.0,11.0,12.0,14.0,10.0,16.0,8.0,12.0,9.0
23.16,12.333333333333334,15.0,14.0,20.0,11.0,15.0,9.0,8.0,16.0,11.0,14.0,10.0,15.0,6.0,13.0,13.0,11.0,16.0,12.0,12.0,9.0,18.0,12.0,10.0,12.0,14.0,10.0,16.0,8.0,12.0,8.0
23.17,12.133333333333333,15.0,13.0,19.0,13.0,14.0,10.0,8.0,15.0,11.0,14.0,10.0,15.0,5.0,12.0,13.0,12.0,17.0,12.0,13.0,9.0,18.0,9.0,10.0,11.0,13.0,10.0,15.0,8.0,12.0,8.0
23.18,12.2,15.0,13.0,20.0,13.0,16.0,10.0,7.0,16.0,12.0,12.0,10.0,15.0,5.0,12.0,13.0,14.0,15.0,15.0,14.0,9.0,17.0,8.0,9.0,11.0,13.0,9.0,15.0,8.0,12.0,8.0
23.19,12.233333333333333,16.0,14.0,20.0,11.0,15.0,10.0,6.0,15.0,12.0,12.0,11.0,15.0,3.0,14.0,14.0,14.0,15.0,15.0,15.0,9.0,17.0,8.0,10.0,12.0,11.0,9.0,16.0,8.0,12.0,8.0
23.2,12.333333333333334,16.0,14.0,22.0,12.0,15.0,9.0,6.0,16.0,12.0,12.0,11.0,16.0,4.0,12.0,12.0,13.0,15.0,17.0,16.0,9.0,16.0,8.0,10.0,15.0,11.0,9.0,15.0,7.0,13.0,7.0
23.21,12.2,18.0,14.0,22.0,12.0,15.0,9.0,6.0,16.0,12.0,12.0,10.0,15.0,5.0,12.0,12.0,12.0,15.0,16.0,15.0,10.0,15.0,6.0,10.0,15.0,11.0,9.0,15.0,7.0,12.0,8.0
23.22,12.2,18.0,13.0,21.0,15.0,13.0,9.0,6.0,16.0,10.0,13.0,10.0,14.0,6.0,12.0,14.0,11.0,15.0,15.0,15.0,10.0,14.0,6.0,10.0,14.0,12.0,10.0,17.0,8.0,11.0,8.0
23.23,12.166666666666666,20.0,13.0,21.0,15.0,13.0,8.0,7.0,16.0,10.0,12.0,9.0,14.0,7.0,12.0,13.0,10.0,13.0,15.0,14.0,11.0,14.0,6.0,9.0,14.0,13.0,10.0,17.0,9.0,11.0,9.0
23.240000000000002,12.466666666666667,20.0,13.0,20.0,15.0,12.0,11.0,7.0,16.0,10.0,12.0,9.0,14.0,9.0,13.0,13.0,10.0,13.0,14.0,14.0,11.0,14.0,8.0,10.0,15.0,13.0,11.0,17.0,10.0,11.0,9.0
23.25,12.366666666666667,21.0,12.0,21.0,15.0,11.0,9.0,8.0,14.0,10.0,11.0,10.0,14.0,10.0,12.0,13.0,10.0,13.0,14.0,13.0,10.0,14.0,8.0,9.0,15.0,13.0,12.0,17.0,12.0,11.0,9.0
23.26,12.133333333333333,20.0,12.0,19.0,15.0,12.0,9.0,8.0,14.0,10.0,10.0,12.0,13.0,11.0,12.0,12.0,10.0,12.0,13.0,15.0,9.0,14.0,8.0,10.0,15.0,14.0,11.0,14.0,12.0,9.0,9.0
23.27,12.266666666666667,19.0,11.0,19.0,14.0,14.0,9.0,8.0,14.0,10.0,10.0,12.0,13.0,11.0,13.0,12.0,10.0,14.0,14.0,14.0,9.0,15.0,8.0,10.0,14.0,16.0,12.0,13.0,12.0,9.0,9.0
23.28,12.4,20.0,12.0,19.0,14.0,15.0,9.0,8.0,15.0,10.0,10.0,10.0,14.0,11.0,12.0,13.0,11.0,14.0,14.0,14.0,10.0,16.0,6.0,10.0,15.0,16.0,11.0,14.0,12.0,8.0,9.0
23.29,12.3,20.0,13.0,19.0,15.0,14.0,9.0,7.0,15.0,10.0,10.0,9.0,13.0,11.0,12.0,12.0,13.0,15.0,15.0,14.0,11.0,15.0,6.0,9.0,14.0,14.0,11.0,14.0,12.0,8.0,9.0
23.3,12.366666666666667,21.0,13.0,17.0,15.0,16.0,8.0,7.0,15.0,11.0,11.0,9.0,12.0,12.0,12.0,12.0,13.0,15.0,15.0,14.0,11.0,15.0,7.0,9.0,13.0,13.0,12.0,15.0,12.0,9.0,7.0
23.31,12.233333333333333,21.0,12.0,16.0,16.0,15.0,6.0,8.0,15.0,11.0,11.0,9.0,11.0,12.0,12.0,13.0,15.0,16.0,15.0,15.0,11.0,15.0,7.0,9.0,12.0,12.0,12.0,13.0,12.0,9.0,6.0
23.32,12.333333333333334,20.0,12.0,16.0,16.0,16.0,7.0,9.0,14.0,12.0,11.0,9.0,11.0,13.0,12.0,14.0,15.0,15.0,14.0,14.0,12.0,15.0,7.0,9.0,12.0,13.0,11.0,13.0,12.0,9.0,7.0
23.330000000000002,12.333333333333334,20.0,13.0,17.0,17.0,16.0,7.0,9.0,13.0,12.0,10.0,9.0,11.0,13.0,12.0,13.0,15.0,14.0,14.0,14.0,12.0,16.0,8.0,9.0,12.0,12.0,10.0,13.0,13.0,9.0,7.0
23.34,11.833333333333334,19.0,12.0,16.0,16.0,16.0,7.0,9.0,13.0,12.0,10.0,8.0,10.0,13.0,11.0,13.0,15.0,14.0,14.0,13.0,12.0,15.0,8.0,8.0,10.0,11.0,10.0,13.0,11.0,9.0,7.0
23.35,12.033333333333333,18.0,12.0,17.0,17.0,15.0,8.0,9.0,14.0,11.0,10.0,8.0,10.0,14.0,11.0,14.0,15.0,14.0,15.0,13.0,11.0,14.0,9.0,8.0,11.0,12.0,10.0,13.0,12.0,9.0,7.0
23.36,11.666666666666666,17.0,11.0,17.0,16.0,15.0,8.0,10.0,14.0,12.0,10.0,8.0,9.0,14.0,10.0,14.0,14.0,14.0,14.0,13.0,10.0,14.0,8.0,7.0,9.0,12.0,10.0,13.0,12.0,8.0,7.0
23.37,11.666666666666666,16.0,10.0,18.0,17.0,16.0,8.0,10.0,14.0,11.0,9.0,9.0,9.0,14.0,11.0,14.0,13.0,13.0,14.0,13.0,10.0,13.0,9.0,6.0,9.0,11.0,11.0,13.0,12.0,8.0,9.0
23.38,11.966666666666667,16.0,11.0,18.0,16.0,17.0,8.0,11.0,14.0,10.0,9.0,9.0,10.0,14.0,11.0,16.0,13.0,13.0,16.0,14.0,11.0,13.0,9.0,6.0,9.0,12.0,12.0,12.0,12.0,8.0,9.0
23.39,11.7,15.0,11.0,16.0,14.0,17.0,7.0,13.0,14.0,11.0,9.0,8.0,12.0,14.0,11.0,15.0,13.0,13.0,17.0,14.0,9.0,11.0,9.0,5.0,9.0,11.0,13.0,12.0,12.0,7.0,9.0
23.400000000000002,11.5,15.0,10.0,17.0,14.0,17.0,7.0,13.0,13.0,13.0,9.0,8.0,13.0,13.0,11.0,13.0,12.0,13.0,16.0,12.0,8.0,11.0,9.0,6.0,9.0,11.0,12.0,14.0,12.0,6.0,8.0
23.41,11.233333333333333,14.0,10.0,17.0,13.0,16.0,6.0,13.0,12.0,13.0,8.0,7.0,13.0,13.0,11.0,13.0,13.0,12.0,15.0,12.0,8.0,11.0,9.0,6.0,7.0,11.0,12.0,14.0,13.0,7.0,8.0
23.42,11.166666666666666,15.0,10.0,17.0,14.0,17.0,5.0,15.0,11.0,13.0,8.0,7.0,13.0,12.0,12.0,13.0,13.0,9.0,15.0,12.0,9.0,12.0,10.0,5.0,7.0,10.0,12.0,13.0,12.0,8.0,6.0
23.43,11.233333333333333,14.0,10.0,16.0,14.0,17.0,6.0,15.0,11.0,14.0,8.0,7.0,12.0,12.0,12.0,13.0,14.0,9.0,15.0,13.0,8.0,12.0,11.0,6.0,7.0,10.0,12.0,12.0,13.0,8.0,6.0
23.44,11.066666666666666,13.0,8.0,15.0,14.0,17.0,6.0,14.0,13.0,14.0,8.0,7.0,12.0,12.0,12.0,14.0,11.0,9.0,15.0,13.0,8.0,11.0,11.0,6.0,7.0,10.0,11.0,12.0,13.0,8.0,8.0
23.45,11.1,12.0,8.0,15.0,14.0,17.0,6.0,12.0,13.0,15.0,8.0,7.0,11.0,14.0,12.0,14.0,11.0,9.0,15.0,14.0,9.0,12.0,11.0,7.0,7.0,9.0,11.0,12.0,12.0,8.0,8.0
23.46,11.333333333333334,12.0,11.0,14.0,14.0,18.0,6.0,12.0,13.0,16.0,9.0,7.0,12.0,13.0,12.0,15.0,11.0,11.0,15.0,14.0,8.0,12.0,11.0,9.0,7.0,8.0,12.0,11.0,12.0,8.0,7.0
23.47,11.4,13.0,11.0,14.0,14.0,18.0,7.0,12.0,12.0,16.0,8.0,7.0,10.0,13.0,12.0,16.0,11.0,11.0,15.0,14.0,9.0,12.0,11.0,9.0,7.0,9.0,12.0,11.0,13.0,8.0,7.0
23.48,11.533333333333333,13.0,11.0,14.0,15.0,18.0,7.0,12.0,12.0,16.0,8.0,7.0,9.0,12.0,11.0,15.0,11.0,11.0,16.0,15.0,9.0,14.0,9.0,11.0,6.0,10.0,14.0,11.0,13.0,9.0,7.0
23.490000000000002,11.533333333333333,13.0,10.0,14.0,15.0,17.0,6.0,13.0,12.0,17.0,11.0,6.0,9.0,11.0,11.0,16.0,11.0,11.0,15.0,13.0,9.0,14.0,10.0,11.0,6.0,11.0,13.0,11.0,13.0,10.0,7.0
23.5,11.333333333333334,14.0,10.0,14.0,15.0,16.0,5.0,13.0,11.0,15.0,9.0,6.0,11.0,11.0,10.0,17.0,11.0,11.0,12.0,13.0,8.0,15.0,11.0,11.0,6.0,11.0,14.0,10.0,13.0,10.0,7.0
23.51,11.266666666666667,13.0,10.0,15.0,15.0,16.0,4.0,13.0,11.0,15.0,9.0,6.0,11.0,11.0,10.0,18.0,11.0,11.0,13.0,13.0,9.0,15.0,11.0,10.0,6.0,10.0,14.0,9.0,13.0,10.0,6.0
23.52,11.333333333333334,12.0,10.0,14.0,14.0,16.0,6.0,13.0,11.0,14.0,10.0,7.0,11.0,11.0,10.0,19.0,11.0,12.0,13.0,13.0,10.0,15.0,11.0,9.0,5.0,10.0,13.0,10.0,13.0,10.0,7.0
23.53,11.366666666666667,12.0,10.0,14.0,14.0,15.0,6.0,13.0,12.0,13.0,10.0,7.0,10.0,11.0,10.0,18.0,11.0,12.0,13.0,14.0,10.0,16.0,11.0,9.0,6.0,11.0,13.0,10.0,13.0,10.0,7.0
23.54,10.933333333333334,12.0,9.0,15.0,13.0,15.0,6.0,13.0,12.0,13.0,10.0,8.0,9.0,11.0,9.0,18.0,11.0,11.0,13.0,12.0,10.0,14.0,10.0,8.0,5.0,11.0,13.0,9.0,12.0,9.0,7.0
23.55,10.766666666666667,12.0,8.0,14.0,14.0,13.0,6.0,12.0,12.0,13.0,9.0,8.0,9.0,11.0,9.0,18.0,11.0,11.0,12.0,10.0,11.0,14.0,9.0,9.0,5.0,12.0,14.0,9.0,12.0,9.0,7.0
23.56,10.533333333333333,13.0,7.0,14.0,14.0,14.0,6.0,10.0,12.0,14.0,10.0,8.0,9.0,11.0,8.0,15.0,11.0,11.0,12.0,10.0,11.0,13.0,9.0,9.0,5.0,10.0,13.0,9.0,12.0,9.0,7.0
23.57,10.166666666666666,12.0,6.0,13.0,14.0,13.0,6.0,10.0,12.0,12.0,10.0,8.0,8.0,11.0,7.0,14.0,11.0,11.0,11.0,8.0,12.0,13.0,8.0,9.0,5.0,10.0,14.0,9.0,11.0,10.0,7.0
23.580000000000002,10.266666666666667,14.0,6.0,13.0,13.0,13.0,6.0,11.0,13.0,11.0,8.0,8.0,10.0,11.0,7.0,13.0,13.0,11.0,11.0,8.0,12.0,13.0,8.0,9.0,6.0,10.0,13.0,8.0,11.0,10.0,8.0
23.59,9.9,15.0,6.0,13.0,13.0,12.0,6.0,10.0,13.0,10.0,9.0,8.0,10.0,9.0,7.0,13.0,13.0,10.0,11.0,8.0,11.0,12.0,8.0,9.0,4.0,10.0,11.0,8.0,11.0,10.0,7.0
23.6,9.666666666666666,16.0,5.0,13.0,14.0,12.0,6.0,8.0,13.0,10.0,11.0,8.0,11.0,9.0,5.0,13.0,11.0,9.0,11.0,8.0,11.0,11.0,8.0,8.0,4.0,10.0,12.0,7.0,11.0,10.0,5.0
23.61,9.5,17.0,5.0,14.0,13.0,12.0,7.0,7.0,13.0,9.0,12.0,9.0,11.0,8.0,4.0,14.0,10.0,8.0,12.0,8.0,12.0,10.0,6.0,8.0,4.0,10.0,11.0,6.0,11.0,9.0,5.0
23.62,9.166666666666666,18.0,5.0,14.0,12.0,10.0,7.0,7.0,10.0,8.0,12.0,9.0,11.0,8.0,5.0,13.0,10.0,8.0,10.0,8.0,11.0,10.0,6.0,8.0,3.0,11.0,11.0,6.0,10.0,9.0,5.0
23.63,9.133333333333333,19.0,6.0,14.0,12.0,9.0,8.0,8.0,8.0,8.0,12.0,10.0,11.0,8.0,5.0,12.0,9.0,8.0,11.0,10.0,10.0,10.0,6.0,7.0,3.0,10.0,9.0,7.0,10.0,9.0,5.0
23.64,9.033333333333333,17.0,6.0,13.0,13.0,9.0,8.0,8.0,7.0,9.0,13.0,11.0,11.0,7.0,6.0,12.0,9.0,7.0,9.0,11.0,9.0,10.0,6.0,6.0,4.0,10.0,9.0,7.0,10.0,9.0,5.0
23.650000000000002,9.033333333333333,18.0,5.0,13.0,13.0,8.0,9.0,7.0,7.0,9.0,13.0,9.0,10.0,7.0,5.0,12.0,9.0,8.0,11.0,10.0,8.0,10.0,6.0,7.0,5.0,11.0,9.0,7.0,10.0,10.0,5.0
23.66,9.066666666666666,18.0,5.0,13.0,11.0,8.0,10.0,8.0,7.0,8.0,13.0,11.0,10.0,7.0,5.0,12.0,9.0,8.0,12.0,9.0,6.0,10.0,6.0,7.0,6.0,11.0,10.0,8.0,9.0,10.0,5.0
23.67,9.033333333333333,17.0,5.0,13.0,10.0,9.0,12.0,8.0,6.0,8.0,14.0,10.0,9.0,7.0,5.0,11.0,7.0,8.0,12.0,9.0,6.0,9.0,6.0,7.0,7.0,12.0,10.0,9.0,10.0,10.0,5.0
23.68,9.0,16.0,4.0,14.0,9.0,9.0,12.0,8.0,7.0,7.0,13.0,10.0,9.0,8.0,6.0,12.0,7.0,8.0,12.0,9.0,7.0,9.0,6.0,7.0,7.0,12.0,11.0,8.0,10.0,8.0,5.0
23.69,8.766666666666667,16.0,4.0,13.0,8.0,9.0,13.0,8.0,7.0,7.0,13.0,10.0,9.0,8.0,7.0,12.0,7.0,7.0,11.0,9.0,6.0,8.0,6.0,7.0,7.0,13.0,10.0,7.0,9.0,8.0,4.0
23.7,8.933333333333334,16.0,6.0,11.0,8.0,9.0,12.0,9.0,7.0,7.0,14.0,11.0,10.0,7.0,7.0,12.0,7.0,6.0,10.0,9.0,7.0,8.0,7.0,8.0,7.0,13.0,11.0,8.0,9.0,8.0,4.0
23.71,8.633333333333333,16.0,5.0,11.0,6.0,8.0,11.0,9.0,7.0,7.0,15.0,12.0,8.0,7.0,7.0,10.0,7.0,5.0,10.0,8.0,7.0,9.0,7.0,8.0,8.0,12.0,11.0,7.0,9.0,8.0,4.0
23.72,8.566666666666666,16.0,4.0,11.0,6.0,7.0,11.0,9.0,7.0,6.0,13.0,13.0,8.0,7.0,8.0,10.0,7.0,5.0,10.0,8.0,6.0,11.0,7.0,8.0,8.0,12.0,11.0,7.0,9.0,8.0,4.0
23.73,8.566666666666666,16.0,3.0,11.0,7.0,7.0,11.0,9.0,7.0,5.0,12.0,12.0,7.0,7.0,8.0,10.0,7.0,6.0,12.0,8.0,6.0,11.0,6.0,8.0,9.0,12.0,11.0,7.0,9.0,9.0,4.0
23.740000000000002,8.533333333333333,16.0,4.0,11.0,6.0,7.0,12.0,8.0,6.0,6.0,12.0,11.0,7.0,6.0,7.0,12.0,6.0,7.0,11.0,7.0,7.0,12.0,5.0,9.0,9.0,13.0,11.0,7.0,8.0,9.0,4.0
23.75,8.7,16.0,4.0,12.0,6.0,6.0,12.0,8.0,6.0,6.0,13.0,12.0,7.0,7.0,7.0,12.0,5.0,8.0,11.0,7.0,7.0,13.0,5.0,8.0,8.0,13.0,11.0,7.0,10.0,9.0,5.0
23.76,8.766666666666667,17.0,4.0,12.0,5.0,7.0,13.0,8.0,6.0,6.0,13.0,12.0,7.0,6.0,7.0,12.0,5.0,8.0,11.0,8.0,7.0,12.0,5.0,8.0,7.0,14.0,10.0,8.0,10.0,10.0,5.0
23.77,8.5,16.0,5.0,12.0,4.0,6.0,13.0,9.0,6.0,5.0,13.0,10.0,8.0,5.0,7.0,12.0,5.0,7.0,11.0,8.0,6.0,12.0,5.0,8.0,6.0,14.0,10.0,8.0,10.0,9.0,5.0
23.78,8.3,14.0,5.0,12.0,4.0,7.0,13.0,9.0,6.0,5.0,13.0,11.0,7.0,5.0,7.0,11.0,4.0,7.0,9.0,8.0,6.0,11.0,6.0,8.0,6.0,14.0,11.0,8.0,10.0,8.0,4.0
23.79,8.333333333333334,13.0,6.0,13.0,4.0,7.0,12.0,11.0,6.0,5.0,13.0,10.0,7.0,5.0,7.0,12.0,4.0,7.0,8.0,8.0,5.0,10.0,6.0,9.0,6.0,15.0,10.0,9.0,10.0,8.0,4.0
23.8,8.3,13.0,5.0,12.0,4.0,8.0,12.0,11.0,7.0,5.0,13.0,10.0,7.0,5.0,8.0,12.0,4.0,8.0,9.0,8.0,5.0,10.0,5.0,8.0,6.0,14.0,10.0,9.0,9.0,8.0,4.0
23.81,8.4,13.0,5.0,14.0,4.0,8.0,12.0,10.0,5.0,5.0,14.0,11.0,7.0,5.0,9.0,13.0,4.0,8.0,10.0,9.0,5.0,10.0,5.0,7.0,6.0,14.0,11.0,8.0,8.0,8.0,4.0
23.82,8.4,13.0,5.0,12.0,4.0,8.0,12.0,11.0,5.0,4.0,13.0,11.0,8.0,5.0,9.0,12.0,5.0,7.0,10.0,9.0,5.0,9.0,7.0,7.0,7.0,14.0,12.0,8.0,8.0,8.0,4.0
23.830000000000002,8.0,11.0,5.0,12.0,4.0,6.0,12.0,11.0,6.0,4.0,11.0,11.0,8.0,5.0,9.0,12.0,5.0,7.0,10.0,9.0,4.0,8.0,7.0,7.0,7.0,13.0,11.0,8.0,6.0,8.0,3.0
23.84,8.033333333333333,10.0,5.0,12.0,4.0,6.0,12.0,12.0,5.0,5.0,10.0,11.0,8.0,6.0,9.0,12.0,6.0,8.0,10.0,9.0,3.0,9.0,7.0,7.0,7.0,14.0,9.0,8.0,7.0,7.0,3.0
23.85,8.166666666666666,12.0,6.0,13.0,5.0,6.0,12.0,12.0,6.0,5.0,10.0,10.0,7.0,6.0,10.0,10.0,6.0,9.0,11.0,7.0,3.0,9.0,7.0,7.0,7.0,15.0,10.0,6.0,8.0,7.0,3.0
23.86,8.066666666666666,10.0,7.0,13.0,5.0,7.0,9.0,12.0,6.0,5.0,9.0,10.0,7.0,5.0,10.0,10.0,4.0,9.0,11.0,8.0,2.0,9.0,8.0,8.0,8.0,15.0,9.0,7.0,8.0,8.0,3.0
23.87,8.0,10.0,7.0,14.0,6.0,7.0,9.0,12.0,6.0,5.0,8.0,11.0,8.0,5.0,10.0,9.0,5.0,10.0,11.0,8.0,1.0,9.0,7.0,8.0,7.0,14.0,7.0,7.0,7.0,8.0,4.0
23.88,8.0,10.0,7.0,13.0,5.0,7.0,9.0,11.0,6.0,5.0,8.0,11.0,8.0,5.0,9.0,7.0,6.0,10.0,11.0,8.0,3.0,10.0,9.0,7.0,6.0,14.0,7.0,8.0,7.0,8.0,5.0
23.89,7.833333333333333,8.0,8.0,13.0,6.0,7.0,9.0,10.0,6.0,4.0,8.0,11.0,6.0,5.0,10.0,7.0,7.0,10.0,10.0,7.0,3.0,11.0,8.0,6.0,6.0,14.0,7.0,8.0,7.0,8.0,5.0
23.900000000000002,7.833333333333333,8.0,8.0,13.0,6.0,8.0,11.0,11.0,5.0,2.0,8.0,11.0,6.0,5.0,10.0,7.0,7.0,10.0,9.0,7.0,3.0,11.0,7.0,7.0,6.0,14.0,7.0,8.0,7.0,8.0,5.0
23.91,7.933333333333334,8.0,8.0,13.0,7.0,9.0,9.0,11.0,5.0,2.0,7.0,11.0,6.0,5.0,10.0,7.0,7.0,10.0,10.0,8.0,3.0,11.0,7.0,6.0,6.0,14.0,7.0,9.0,7.0,9.0,6.0
23.92,7.866666666666666,6.0,7.0,13.0,7.0,11.0,9.0,11.0,5.0,2.0,6.0,11.0,6.0,6.0,10.0,7.0,7.0,10.0,11.0,9.0,3.0,11.0,6.0,6.0,5.0,14.0,7.0,8.0,7.0,9.0,6.0
23.93,7.533333333333333,6.0,7.0,13.0,6.0,11.0,9.0,12.0,4.0,1.0,5.0,11.0,6.0,6.0,9.0,7.0,7.0,8.0,11.0,9.0,3.0,9.0,6.0,6.0,5.0,14.0,5.0,8.0,7.0,9.0,6.0
23.94,7.6,6.0,7.0,13.0,5.0,11.0,9.0,12.0,5.0,1.0,6.0,12.0,7.0,7.0,9.0,7.0,7.0,8.0,11.0,9.0,2.0,8.0,6.0,6.0,5.0,14.0,5.0,9.0,6.0,9.0,6.0
23.95,7.7,6.0,7.0,13.0,6.0,9.0,9.0,13.0,5.0,1.0,5.0,12.0,7.0,7.0,7.0,7.0,7.0,8.0,10.0,9.0,2.0,10.0,7.0,6.0,5.0,14.0,7.0,9.0,6.0,11.0,6.0
23.96,7.866666666666666,6.0,7.0,11.0,6.0,8.0,10.0,13.0,5.0,2.0,5.0,12.0,7.0,7.0,7.0,8.0,7.0,9.0,10.0,10.0,2.0,10.0,7.0,6.0,5.0,14.0,8.0,10.0,6.0,12.0,6.0
23.97,7.9,8.0,8.0,12.0,7.0,8.0,10.0,13.0,5.0,3.0,5.0,11.0,6.0,7.0,7.0,8.0,7.0,9.0,11.0,9.0,2.0,10.0,6.0,6.0,4.0,13.0,8.0,10.0,7.0,11.0,6.0
23.98,7.8,8.0,8.0,11.0,8.0,8.0,9.0,13.0,5.0,3.0,4.0,11.0,6.0,7.0,8.0,8.0,6.0,10.0,11.0,8.0,2.0,10.0,7.0,6.0,4.0,13.0,9.0,9.0,6.0,11.0,5.0
23.990000000000002,7.9,9.0,7.0,11.0,8.0,7.0,10.0,14.0,4.0,5.0,4.0,10.0,6.0,7.0,9.0,8.0,6.0,10.0,10.0,8.0,2.0,10.0,6.0,8.0,4.0,12.0,9.0,9.0,7.0,12.0,5.0
